event_id,timestamp,event_type,driver_number,lap_number,lap_duration,is_pit_out_lap,driver_name,team_name,team_colour,compound,tyre_age_at_start,pit_duration
0,2025-05-25 13:04:32.926000,lap,4,2,104.634,False,NOR,McLaren,F47600,MEDIUM,0.0,
1,2025-05-25 13:04:34.127000,lap,16,2,104.769,False,LEC,Ferrari,ED1131,MEDIUM,0.0,
2,2025-05-25 13:04:35.809000,lap,81,2,106.466,False,PIA,McLaren,F47600,MEDIUM,0.0,
3,2025-05-25 13:04:36.598000,lap,1,2,106.318,False,VER,Red Bull Racing,4781D7,HARD,0.0,
4,2025-05-25 13:04:37.162000,lap,6,2,106.692,False,HAD,Racing Bulls,6C98FF,MEDIUM,0.0,
5,2025-05-25 13:04:37.927000,lap,14,2,107.072,False,ALO,Aston Martin,229971,HARD,1.0,
6,2025-05-25 13:04:38.958000,lap,44,2,111.437,False,HAM,Ferrari,ED1131,HARD,0.0,
7,2025-05-25 13:04:39.558000,lap,31,2,111.527,False,OCO,Haas F1 Team,9C9FA2,MEDIUM,0.0,
8,2025-05-25 13:04:40.218000,lap,30,2,112.308,False,LAW,Racing Bulls,6C98FF,MEDIUM,6.0,
9,2025-05-25 13:04:41.152000,lap,23,2,112.152,False,ALB,Williams,1868DB,MEDIUM,4.0,
10,2025-05-25 13:04:42.068000,lap,55,2,111.609,False,SAI,Williams,1868DB,HARD,0.0,
11,2025-05-25 13:04:42.391000,lap,27,2,112.404,False,HUL,Kick Sauber,01C00E,MEDIUM,0.0,
12,2025-05-25 13:04:43.657000,lap,63,2,111.593,False,RUS,Mercedes,00D7B6,HARD,0.0,
13,2025-05-25 13:04:44.341000,lap,12,2,111.408,False,ANT,Mercedes,00D7B6,HARD,0.0,
14,2025-05-25 13:04:46.257000,lap,43,2,110.894,False,COL,Alpine,00A1E8,HARD,0.0,
15,2025-05-25 13:04:47.558000,lap,18,2,109.806,False,STR,Aston Martin,229971,HARD,1.0,
16,2025-05-25 13:05:00.141000,lap,22,2,108.876,True,TSU,Red Bull Racing,4781D7,HARD,0.0,
17,2025-05-25 13:05:00.705000,pit_stop,22,1,,,TSU,Red Bull Racing,4781D7,,,24.5
18,2025-05-25 13:05:01.826000,lap,10,2,108.974,True,GAS,Alpine,00A1E8,MEDIUM,0.0,
19,2025-05-25 13:05:02.475000,pit_stop,10,1,,,GAS,Alpine,00A1E8,,,24.3
20,2025-05-25 13:05:29.445000,lap,87,2,110.654,True,BEA,Haas F1 Team,9C9FA2,HARD,0.0,
21,2025-05-25 13:05:30.195000,pit_stop,87,1,,,BEA,Haas F1 Team,9C9FA2,,,50.1
22,2025-05-25 13:05:35.179000,lap,5,2,109.746,True,BOR,Kick Sauber,01C00E,HARD,0.0,
23,2025-05-25 13:05:35.820000,pit_stop,5,1,,,BOR,Kick Sauber,01C00E,,,37.2
24,2025-05-25 13:06:17.670000,lap,4,3,109.015,False,NOR,McLaren,F47600,MEDIUM,0.0,
25,2025-05-25 13:06:18.920000,lap,16,3,108.805,False,LEC,Ferrari,ED1131,MEDIUM,0.0,
26,2025-05-25 13:06:22.280000,lap,81,3,108.176,False,PIA,McLaren,F47600,MEDIUM,0.0,
27,2025-05-25 13:06:22.951000,lap,1,3,108.815,False,VER,Red Bull Racing,4781D7,HARD,0.0,
28,2025-05-25 13:06:23.858000,lap,6,3,109.414,False,HAD,Racing Bulls,6C98FF,MEDIUM,0.0,
29,2025-05-25 13:06:25.092000,lap,14,3,109.211,False,ALO,Aston Martin,229971,HARD,1.0,
30,2025-05-25 13:06:30.452000,lap,44,3,109.212,False,HAM,Ferrari,ED1131,HARD,0.0,
31,2025-05-25 13:06:31.030000,lap,31,3,109.187,False,OCO,Haas F1 Team,9C9FA2,MEDIUM,0.0,
32,2025-05-25 13:06:32.514000,lap,30,3,108.504,False,LAW,Racing Bulls,6C98FF,MEDIUM,6.0,
33,2025-05-25 13:06:33.295000,lap,23,3,108.346,False,ALB,Williams,1868DB,MEDIUM,4.0,
34,2025-05-25 13:06:33.592000,lap,55,3,108.386,False,SAI,Williams,1868DB,HARD,0.0,
35,2025-05-25 13:06:34.764000,lap,27,3,108.106,False,HUL,Kick Sauber,01C00E,MEDIUM,0.0,
36,2025-05-25 13:06:35.280000,lap,63,3,108.563,False,RUS,Mercedes,00D7B6,HARD,0.0,
37,2025-05-25 13:06:35.811000,lap,12,3,108.871,False,ANT,Mercedes,00D7B6,HARD,0.0,
38,2025-05-25 13:06:37.139000,lap,43,3,108.913,False,COL,Alpine,00A1E8,HARD,0.0,
39,2025-05-25 13:06:37.514000,lap,18,3,109.353,False,STR,Aston Martin,229971,HARD,1.0,
40,2025-05-25 13:06:49.061000,lap,22,3,108.545,False,TSU,Red Bull Racing,4781D7,HARD,0.0,
41,2025-05-25 13:06:50.905000,lap,10,3,108.723,False,GAS,Alpine,00A1E8,MEDIUM,0.0,
42,2025-05-25 13:07:20.187000,lap,87,3,110.334,False,BEA,Haas F1 Team,9C9FA2,HARD,0.0,
43,2025-05-25 13:07:24.984000,lap,5,3,109.362,False,BOR,Kick Sauber,01C00E,HARD,0.0,
44,2025-05-25 13:08:06.578000,lap,4,4,101.564,False,NOR,McLaren,F47600,MEDIUM,0.0,
45,2025-05-25 13:08:07.718000,lap,16,4,101.248,False,LEC,Ferrari,ED1131,MEDIUM,0.0,
46,2025-05-25 13:08:10.390000,lap,81,4,100.676,False,PIA,McLaren,F47600,MEDIUM,0.0,
47,2025-05-25 13:08:11.828000,lap,1,4,100.29,False,VER,Red Bull Racing,4781D7,HARD,0.0,
48,2025-05-25 13:08:13.343000,lap,6,4,99.64,False,HAD,Racing Bulls,6C98FF,MEDIUM,0.0,
49,2025-05-25 13:08:14.203000,lap,14,4,99.675,False,ALO,Aston Martin,229971,HARD,1.0,
50,2025-05-25 13:08:19.671000,lap,44,4,94.73,False,HAM,Ferrari,ED1131,HARD,0.0,
51,2025-05-25 13:08:20.281000,lap,31,4,95.23,False,OCO,Haas F1 Team,9C9FA2,MEDIUM,0.0,
52,2025-05-25 13:08:21.031000,lap,30,4,95.354,False,LAW,Racing Bulls,6C98FF,MEDIUM,6.0,
53,2025-05-25 13:08:21.625000,lap,23,4,96.006,False,ALB,Williams,1868DB,MEDIUM,4.0,
54,2025-05-25 13:08:22.062000,lap,55,4,96.808,False,SAI,Williams,1868DB,HARD,0.0,
55,2025-05-25 13:08:22.906000,lap,27,4,96.696,False,HUL,Kick Sauber,01C00E,MEDIUM,0.0,
56,2025-05-25 13:08:23.921000,lap,63,4,96.667,False,RUS,Mercedes,00D7B6,HARD,0.0,
57,2025-05-25 13:08:24.562000,lap,12,4,96.575,False,ANT,Mercedes,00D7B6,HARD,0.0,
58,2025-05-25 13:08:26.078000,lap,43,4,96.476,False,COL,Alpine,00A1E8,HARD,0.0,
59,2025-05-25 13:08:26.797000,lap,18,4,96.353,False,STR,Aston Martin,229971,HARD,1.0,
60,2025-05-25 13:08:37.500000,lap,22,4,93.097,False,TSU,Red Bull Racing,4781D7,HARD,0.0,
61,2025-05-25 13:08:39.562000,lap,10,4,91.509,False,GAS,Alpine,00A1E8,MEDIUM,0.0,
62,2025-05-25 13:09:10.659000,lap,87,4,82.127,False,BEA,Haas F1 Team,9C9FA2,HARD,0.0,
63,2025-05-25 13:09:14.359000,lap,5,4,83.609,False,BOR,Kick Sauber,01C00E,HARD,0.0,
64,2025-05-25 13:09:48.215000,lap,4,5,78.05,False,NOR,McLaren,F47600,MEDIUM,0.0,
65,2025-05-25 13:09:48.934000,lap,16,5,78.801,False,LEC,Ferrari,ED1131,MEDIUM,0.0,
66,2025-05-25 13:09:51.090000,lap,81,5,80.048,False,PIA,McLaren,F47600,MEDIUM,0.0,
67,2025-05-25 13:09:52.184000,lap,1,5,80.8,False,VER,Red Bull Racing,4781D7,HARD,0.0,
68,2025-05-25 13:09:52.823000,lap,6,5,80.952,False,HAD,Racing Bulls,6C98FF,MEDIUM,0.0,
69,2025-05-25 13:09:53.935000,lap,14,5,80.94,False,ALO,Aston Martin,229971,HARD,1.0,
70,2025-05-25 13:09:54.460000,lap,44,5,81.057,False,HAM,Ferrari,ED1131,HARD,0.0,
71,2025-05-25 13:09:55.505000,lap,31,5,80.666,False,OCO,Haas F1 Team,9C9FA2,MEDIUM,0.0,
72,2025-05-25 13:09:56.403000,lap,30,5,80.766,False,LAW,Racing Bulls,6C98FF,MEDIUM,6.0,
73,2025-05-25 13:09:57.665000,lap,23,5,80.465,False,ALB,Williams,1868DB,MEDIUM,4.0,
74,2025-05-25 13:09:58.912000,lap,55,5,80.58,False,SAI,Williams,1868DB,HARD,0.0,
75,2025-05-25 13:09:59.698000,lap,27,5,80.475,False,HUL,Kick Sauber,01C00E,MEDIUM,0.0,
76,2025-05-25 13:10:00.547000,lap,63,5,80.576,False,RUS,Mercedes,00D7B6,HARD,0.0,
77,2025-05-25 13:10:01.263000,lap,12,5,80.377,False,ANT,Mercedes,00D7B6,HARD,0.0,
78,2025-05-25 13:10:02.509000,lap,43,5,79.999,False,COL,Alpine,00A1E8,HARD,0.0,
79,2025-05-25 13:10:03.228000,lap,18,5,80.285,False,STR,Aston Martin,229971,HARD,1.0,
80,2025-05-25 13:10:10.728000,lap,22,5,78.663,False,TSU,Red Bull Racing,4781D7,HARD,0.0,
81,2025-05-25 13:10:11.181000,lap,10,5,78.864,False,GAS,Alpine,00A1E8,MEDIUM,0.0,
82,2025-05-25 13:10:32.792000,lap,87,5,75.576,False,BEA,Haas F1 Team,9C9FA2,HARD,0.0,
83,2025-05-25 13:10:38.063000,lap,5,5,76.394,False,BOR,Kick Sauber,01C00E,HARD,0.0,
84,2025-05-25 13:11:06.430000,lap,4,6,79.172,False,NOR,McLaren,F47600,MEDIUM,0.0,
85,2025-05-25 13:11:07.754000,lap,16,6,79.267,False,LEC,Ferrari,ED1131,MEDIUM,0.0,
86,2025-05-25 13:11:11.195000,lap,81,6,79.793,False,PIA,McLaren,F47600,MEDIUM,0.0,
87,2025-05-25 13:11:12.864000,lap,1,6,80.011,False,VER,Red Bull Racing,4781D7,HARD,0.0,
88,2025-05-25 13:11:13.922000,lap,6,6,80.143,False,HAD,Racing Bulls,6C98FF,MEDIUM,0.0,
89,2025-05-25 13:11:14.891000,lap,14,6,80.424,False,ALO,Aston Martin,229971,HARD,1.0,
90,2025-05-25 13:11:15.438000,lap,44,6,80.225,False,HAM,Ferrari,ED1131,HARD,0.0,
91,2025-05-25 13:11:16.266000,lap,31,6,80.506,False,OCO,Haas F1 Team,9C9FA2,MEDIUM,0.0,
92,2025-05-25 13:11:17.173000,lap,30,6,81.542,False,LAW,Racing Bulls,6C98FF,MEDIUM,6.0,
93,2025-05-25 13:11:18.220000,lap,23,6,81.426,False,ALB,Williams,1868DB,MEDIUM,4.0,
94,2025-05-25 13:11:19.485000,lap,55,6,81.056,False,SAI,Williams,1868DB,HARD,0.0,
95,2025-05-25 13:11:20.126000,lap,27,6,80.974,False,HUL,Kick Sauber,01C00E,MEDIUM,0.0,
96,2025-05-25 13:11:21.329000,lap,63,6,80.75,False,RUS,Mercedes,00D7B6,HARD,0.0,
97,2025-05-25 13:11:21.641000,lap,12,6,80.757,False,ANT,Mercedes,00D7B6,HARD,0.0,
98,2025-05-25 13:11:22.595000,lap,43,6,80.746,False,COL,Alpine,00A1E8,HARD,0.0,
99,2025-05-25 13:11:23.470000,lap,18,6,80.306,False,STR,Aston Martin,229971,HARD,1.0,
100,2025-05-25 13:11:29.267000,lap,22,6,78.281,False,TSU,Red Bull Racing,4781D7,HARD,0.0,
101,2025-05-25 13:11:30.017000,lap,10,6,78.054,False,GAS,Alpine,00A1E8,MEDIUM,0.0,
102,2025-05-25 13:11:48.267000,lap,87,6,74.855,False,BEA,Haas F1 Team,9C9FA2,HARD,0.0,
103,2025-05-25 13:11:54.454000,lap,5,6,75.757,False,BOR,Kick Sauber,01C00E,HARD,0.0,
104,2025-05-25 13:12:25.486000,lap,4,7,78.47,False,NOR,McLaren,F47600,MEDIUM,0.0,
105,2025-05-25 13:12:27.079000,lap,16,7,78.656,False,LEC,Ferrari,ED1131,MEDIUM,0.0,
106,2025-05-25 13:12:30.908000,lap,81,7,79.261,False,PIA,McLaren,F47600,MEDIUM,0.0,
107,2025-05-25 13:12:32.954000,lap,1,7,78.968,False,VER,Red Bull Racing,4781D7,HARD,0.0,
108,2025-05-25 13:12:34.070000,lap,6,7,79.554,False,HAD,Racing Bulls,6C98FF,MEDIUM,0.0,
109,2025-05-25 13:12:35.329000,lap,14,7,80.222,False,ALO,Aston Martin,229971,HARD,1.0,
110,2025-05-25 13:12:35.713000,lap,44,7,80.931,False,HAM,Ferrari,ED1131,HARD,0.0,
111,2025-05-25 13:12:36.660000,lap,31,7,80.545,False,OCO,Haas F1 Team,9C9FA2,MEDIUM,0.0,
112,2025-05-25 13:12:38.613000,lap,30,7,81.507,False,LAW,Racing Bulls,6C98FF,MEDIUM,6.0,
113,2025-05-25 13:12:39.539000,lap,23,7,81.287,False,ALB,Williams,1868DB,MEDIUM,4.0,
114,2025-05-25 13:12:40.423000,lap,55,7,81.577,False,SAI,Williams,1868DB,HARD,0.0,
115,2025-05-25 13:12:41.178000,lap,27,7,81.264,False,HUL,Kick Sauber,01C00E,MEDIUM,0.0,
116,2025-05-25 13:12:41.860000,lap,63,7,81.214,False,RUS,Mercedes,00D7B6,HARD,0.0,
117,2025-05-25 13:12:42.364000,lap,12,7,81.194,False,ANT,Mercedes,00D7B6,HARD,0.0,
118,2025-05-25 13:12:43.253000,lap,43,7,80.915,False,COL,Alpine,00A1E8,HARD,0.0,
119,2025-05-25 13:12:43.748000,lap,18,7,81.196,False,STR,Aston Martin,229971,HARD,1.0,
120,2025-05-25 13:12:47.645000,lap,22,7,79.157,False,TSU,Red Bull Racing,4781D7,HARD,0.0,
121,2025-05-25 13:12:47.994000,lap,10,7,79.262,False,GAS,Alpine,00A1E8,MEDIUM,0.0,
122,2025-05-25 13:13:03.244000,lap,87,7,75.058,False,BEA,Haas F1 Team,9C9FA2,HARD,0.0,
123,2025-05-25 13:13:10.048000,lap,5,7,75.721,False,BOR,Kick Sauber,01C00E,HARD,0.0,
124,2025-05-25 13:13:43.898000,lap,4,8,77.626,False,NOR,McLaren,F47600,MEDIUM,0.0,
125,2025-05-25 13:13:45.695000,lap,16,8,77.99,False,LEC,Ferrari,ED1131,MEDIUM,0.0,
126,2025-05-25 13:13:50.179000,lap,81,8,78.029,False,PIA,McLaren,F47600,MEDIUM,0.0,
127,2025-05-25 13:13:51.898000,lap,1,8,77.714,False,VER,Red Bull Racing,4781D7,HARD,0.0,
128,2025-05-25 13:13:53.664000,lap,6,8,78.388,False,HAD,Racing Bulls,6C98FF,MEDIUM,0.0,
129,2025-05-25 13:13:55.523000,lap,14,8,79.105,False,ALO,Aston Martin,229971,HARD,1.0,
130,2025-05-25 13:13:56.711000,lap,44,8,79.039,False,HAM,Ferrari,ED1131,HARD,0.0,
131,2025-05-25 13:13:57.258000,lap,31,8,79.207,False,OCO,Haas F1 Team,9C9FA2,MEDIUM,0.0,
132,2025-05-25 13:14:00.179000,lap,30,8,80.351,False,LAW,Racing Bulls,6C98FF,MEDIUM,6.0,
133,2025-05-25 13:14:00.805000,lap,23,8,80.471,False,ALB,Williams,1868DB,MEDIUM,4.0,
134,2025-05-25 13:14:02.070000,lap,55,8,80.384,False,SAI,Williams,1868DB,HARD,0.0,
135,2025-05-25 13:14:02.367000,lap,27,8,80.3,False,HUL,Kick Sauber,01C00E,MEDIUM,0.0,
136,2025-05-25 13:14:03.211000,lap,63,8,80.793,False,RUS,Mercedes,00D7B6,HARD,0.0,
137,2025-05-25 13:14:03.601000,lap,12,8,80.877,False,ANT,Mercedes,00D7B6,HARD,0.0,
138,2025-05-25 13:14:04.195000,lap,43,8,80.987,False,COL,Alpine,00A1E8,HARD,0.0,
139,2025-05-25 13:14:04.930000,lap,18,8,81.663,False,STR,Aston Martin,229971,HARD,1.0,
140,2025-05-25 13:14:06.742000,lap,22,8,83.351,False,TSU,Red Bull Racing,4781D7,HARD,0.0,
141,2025-05-25 13:14:07.320000,lap,10,8,,False,GAS,Alpine,00A1E8,,,
142,2025-05-25 13:14:18.132000,lap,87,8,78.303,False,BEA,Haas F1 Team,9C9FA2,HARD,0.0,
143,2025-05-25 13:14:25.845000,lap,5,8,78.331,False,BOR,Kick Sauber,01C00E,HARD,0.0,
144,2025-05-25 13:15:01.596000,lap,4,9,82.148,False,NOR,McLaren,F47600,MEDIUM,0.0,
145,2025-05-25 13:15:03.721000,lap,16,9,81.212,False,LEC,Ferrari,ED1131,MEDIUM,0.0,
146,2025-05-25 13:15:08.221000,lap,81,9,82.281,False,PIA,McLaren,F47600,MEDIUM,0.0,
147,2025-05-25 13:15:09.658000,lap,1,9,81.205,False,VER,Red Bull Racing,4781D7,HARD,0.0,
148,2025-05-25 13:15:12.080000,lap,6,9,81.968,False,HAD,Racing Bulls,6C98FF,MEDIUM,0.0,
149,2025-05-25 13:15:14.627000,lap,14,9,82.183,False,ALO,Aston Martin,229971,HARD,1.0,
150,2025-05-25 13:15:15.674000,lap,44,9,82.018,False,HAM,Ferrari,ED1131,HARD,0.0,
151,2025-05-25 13:15:16.424000,lap,31,9,82.712,False,OCO,Haas F1 Team,9C9FA2,MEDIUM,0.0,
152,2025-05-25 13:15:20.518000,lap,30,9,84.55,False,LAW,Racing Bulls,6C98FF,MEDIUM,6.0,
153,2025-05-25 13:15:21.268000,lap,23,9,84.151,False,ALB,Williams,1868DB,MEDIUM,4.0,
154,2025-05-25 13:15:22.486000,lap,55,9,83.673,False,SAI,Williams,1868DB,HARD,0.0,
155,2025-05-25 13:15:22.721000,lap,27,9,84.031,False,HUL,Kick Sauber,01C00E,MEDIUM,0.0,
156,2025-05-25 13:15:23.893000,lap,63,9,83.39,False,RUS,Mercedes,00D7B6,HARD,0.0,
157,2025-05-25 13:15:24.377000,lap,12,9,83.326,False,ANT,Mercedes,00D7B6,HARD,0.0,
158,2025-05-25 13:15:25.111000,lap,43,9,83.197,False,COL,Alpine,00A1E8,HARD,0.0,
159,2025-05-25 13:15:26.611000,lap,18,9,82.321,False,STR,Aston Martin,229971,HARD,1.0,
160,2025-05-25 13:15:30.096000,lap,22,9,79.611,False,TSU,Red Bull Racing,4781D7,HARD,0.0,
161,2025-05-25 13:15:36.424000,lap,87,9,76.467,False,BEA,Haas F1 Team,9C9FA2,HARD,0.0,
162,2025-05-25 13:15:44.174000,lap,5,9,78.411,False,BOR,Kick Sauber,01C00E,HARD,0.0,
163,2025-05-25 13:16:23.649000,lap,4,10,80.385,False,NOR,McLaren,F47600,MEDIUM,0.0,
164,2025-05-25 13:16:24.852000,lap,16,10,79.912,False,LEC,Ferrari,ED1131,MEDIUM,0.0,
165,2025-05-25 13:16:30.508000,lap,81,10,79.16,False,PIA,McLaren,F47600,MEDIUM,0.0,
166,2025-05-25 13:16:30.837000,lap,1,10,79.169,False,VER,Red Bull Racing,4781D7,HARD,0.0,
167,2025-05-25 13:16:34.008000,lap,6,10,78.529,False,HAD,Racing Bulls,6C98FF,MEDIUM,0.0,
168,2025-05-25 13:16:36.837000,lap,14,10,80.167,False,ALO,Aston Martin,229971,HARD,1.0,
169,2025-05-25 13:16:37.743000,lap,44,10,80.528,False,HAM,Ferrari,ED1131,HARD,0.0,
170,2025-05-25 13:16:39.102000,lap,31,10,80.33,False,OCO,Haas F1 Team,9C9FA2,MEDIUM,0.0,
171,2025-05-25 13:16:45.040000,lap,30,10,81.421,False,LAW,Racing Bulls,6C98FF,MEDIUM,6.0,
172,2025-05-25 13:16:45.384000,lap,23,10,81.528,False,ALB,Williams,1868DB,MEDIUM,4.0,
173,2025-05-25 13:16:46.134000,lap,55,10,81.668,False,SAI,Williams,1868DB,HARD,0.0,
174,2025-05-25 13:16:46.727000,lap,27,10,81.507,False,HUL,Kick Sauber,01C00E,MEDIUM,0.0,
175,2025-05-25 13:16:47.259000,lap,63,10,81.501,False,RUS,Mercedes,00D7B6,HARD,0.0,
176,2025-05-25 13:16:47.680000,lap,12,10,81.523,False,ANT,Mercedes,00D7B6,HARD,0.0,
177,2025-05-25 13:16:48.305000,lap,43,10,81.709,False,COL,Alpine,00A1E8,HARD,0.0,
178,2025-05-25 13:16:48.899000,lap,18,10,81.708,False,STR,Aston Martin,229971,HARD,1.0,
179,2025-05-25 13:16:49.696000,lap,22,10,81.823,False,TSU,Red Bull Racing,4781D7,HARD,0.0,
180,2025-05-25 13:16:53.009000,lap,87,10,79.555,False,BEA,Haas F1 Team,9C9FA2,HARD,0.0,
181,2025-05-25 13:17:02.571000,lap,5,10,76.782,False,BOR,Kick Sauber,01C00E,HARD,0.0,
182,2025-05-25 13:17:44.072000,lap,4,11,79.771,False,NOR,McLaren,F47600,MEDIUM,0.0,
183,2025-05-25 13:17:44.728000,lap,16,11,79.89,False,LEC,Ferrari,ED1131,MEDIUM,0.0,
184,2025-05-25 13:17:49.701000,lap,81,11,77.335,False,PIA,McLaren,F47600,MEDIUM,0.0,
185,2025-05-25 13:17:49.955000,lap,1,11,77.481,False,VER,Red Bull Racing,4781D7,HARD,0.0,
186,2025-05-25 13:17:52.550000,lap,6,11,78.183,False,HAD,Racing Bulls,6C98FF,MEDIUM,0.0,
187,2025-05-25 13:17:56.969000,lap,14,11,77.469,False,ALO,Aston Martin,229971,HARD,1.0,
188,2025-05-25 13:17:58.255000,lap,44,11,77.12,False,HAM,Ferrari,ED1131,HARD,0.0,
189,2025-05-25 13:17:59.490000,lap,31,11,77.319,False,OCO,Haas F1 Team,9C9FA2,MEDIUM,0.0,
190,2025-05-25 13:18:06.402000,lap,30,11,79.348,False,LAW,Racing Bulls,6C98FF,MEDIUM,6.0,
191,2025-05-25 13:18:07.008000,lap,23,11,79.447,False,ALB,Williams,1868DB,MEDIUM,4.0,
192,2025-05-25 13:18:07.774000,lap,55,11,79.43,False,SAI,Williams,1868DB,HARD,0.0,
193,2025-05-25 13:18:08.215000,lap,27,11,79.404,False,HUL,Kick Sauber,01C00E,MEDIUM,0.0,
194,2025-05-25 13:18:08.764000,lap,63,11,79.853,False,RUS,Mercedes,00D7B6,HARD,0.0,
195,2025-05-25 13:18:09.281000,lap,12,11,79.894,False,ANT,Mercedes,00D7B6,HARD,0.0,
196,2025-05-25 13:18:09.994000,lap,43,11,79.851,False,COL,Alpine,00A1E8,HARD,0.0,
197,2025-05-25 13:18:10.579000,lap,18,11,80.118,False,STR,Aston Martin,229971,HARD,1.0,
198,2025-05-25 13:18:11.579000,lap,22,11,80.088,False,TSU,Red Bull Racing,4781D7,HARD,0.0,
199,2025-05-25 13:18:12.525000,lap,87,11,80.017,False,BEA,Haas F1 Team,9C9FA2,HARD,0.0,
200,2025-05-25 13:18:19.332000,lap,5,11,76.256,False,BOR,Kick Sauber,01C00E,HARD,0.0,
201,2025-05-25 13:19:03.894000,lap,4,12,76.3,False,NOR,McLaren,F47600,MEDIUM,0.0,
202,2025-05-25 13:19:04.706000,lap,16,12,76.439,False,LEC,Ferrari,ED1131,MEDIUM,0.0,
203,2025-05-25 13:19:07.081000,lap,81,12,77.393,False,PIA,McLaren,F47600,MEDIUM,0.0,
204,2025-05-25 13:19:07.503000,lap,1,12,78.128,False,VER,Red Bull Racing,4781D7,HARD,0.0,
205,2025-05-25 13:19:10.644000,lap,6,12,77.376,False,HAD,Racing Bulls,6C98FF,MEDIUM,0.0,
206,2025-05-25 13:19:14.472000,lap,14,12,77.319,False,ALO,Aston Martin,229971,HARD,1.0,
207,2025-05-25 13:19:15.316000,lap,44,12,77.53,False,HAM,Ferrari,ED1131,HARD,0.0,
208,2025-05-25 13:19:16.831000,lap,31,12,77.358,False,OCO,Haas F1 Team,9C9FA2,MEDIUM,0.0,
209,2025-05-25 13:19:25.800000,lap,30,12,79.771,False,LAW,Racing Bulls,6C98FF,MEDIUM,6.0,
210,2025-05-25 13:19:26.347000,lap,23,12,79.66,False,ALB,Williams,1868DB,MEDIUM,4.0,
211,2025-05-25 13:19:27.191000,lap,55,12,80.134,False,SAI,Williams,1868DB,HARD,0.0,
212,2025-05-25 13:19:27.597000,lap,27,12,96.743,False,HUL,Kick Sauber,01C00E,HARD,0.0,
213,2025-05-25 13:19:28.628000,lap,63,12,79.726,False,RUS,Mercedes,00D7B6,HARD,0.0,
214,2025-05-25 13:19:29.222000,lap,12,12,79.788,False,ANT,Mercedes,00D7B6,HARD,0.0,
215,2025-05-25 13:19:29.847000,lap,43,12,79.827,False,COL,Alpine,00A1E8,HARD,0.0,
216,2025-05-25 13:19:30.785000,lap,18,12,79.565,False,STR,Aston Martin,229971,HARD,1.0,
217,2025-05-25 13:19:31.582000,lap,22,12,79.637,False,TSU,Red Bull Racing,4781D7,HARD,0.0,
218,2025-05-25 13:19:32.644000,lap,87,12,79.401,False,BEA,Haas F1 Team,9C9FA2,HARD,0.0,
219,2025-05-25 13:19:35.550000,lap,5,12,77.804,False,BOR,Kick Sauber,01C00E,HARD,0.0,
220,2025-05-25 13:20:20.326000,lap,4,13,75.988,False,NOR,McLaren,F47600,MEDIUM,0.0,
221,2025-05-25 13:20:21.216000,lap,16,13,76.207,False,LEC,Ferrari,ED1131,MEDIUM,0.0,
222,2025-05-25 13:20:24.451000,lap,81,13,76.748,False,PIA,McLaren,F47600,MEDIUM,0.0,
223,2025-05-25 13:20:25.576000,lap,1,13,77.122,False,VER,Red Bull Racing,4781D7,HARD,0.0,
224,2025-05-25 13:20:27.982000,lap,6,13,77.088,False,HAD,Racing Bulls,6C98FF,MEDIUM,0.0,
225,2025-05-25 13:20:31.810000,lap,14,13,76.411,False,ALO,Aston Martin,229971,HARD,1.0,
226,2025-05-25 13:20:32.951000,lap,44,13,76.799,False,HAM,Ferrari,ED1131,HARD,0.0,
227,2025-05-25 13:20:34.216000,lap,31,13,77.241,False,OCO,Haas F1 Team,9C9FA2,MEDIUM,0.0,
228,2025-05-25 13:20:45.576000,lap,30,13,79.391,False,LAW,Racing Bulls,6C98FF,MEDIUM,6.0,
229,2025-05-25 13:20:46.076000,lap,23,13,79.244,False,ALB,Williams,1868DB,MEDIUM,4.0,
230,2025-05-25 13:20:47.377000,lap,55,13,79.149,False,SAI,Williams,1868DB,HARD,0.0,
231,2025-05-25 13:20:48.263000,lap,63,13,78.901,False,RUS,Mercedes,00D7B6,HARD,0.0,
232,2025-05-25 13:20:48.952000,lap,12,13,78.868,False,ANT,Mercedes,00D7B6,HARD,0.0,
233,2025-05-25 13:20:49.708000,lap,43,13,95.917,False,COL,Alpine,00A1E8,MEDIUM,7.0,
234,2025-05-25 13:20:50.258000,lap,18,13,79.387,False,STR,Aston Martin,229971,HARD,1.0,
235,2025-05-25 13:20:51.236000,lap,22,13,79.301,False,TSU,Red Bull Racing,4781D7,HARD,0.0,
236,2025-05-25 13:20:51.833000,lap,87,13,79.68,False,BEA,Haas F1 Team,9C9FA2,HARD,0.0,
237,2025-05-25 13:20:53.367000,lap,5,13,79.088,False,BOR,Kick Sauber,01C00E,HARD,0.0,
238,2025-05-25 13:21:04.426000,lap,27,13,78.279,True,HUL,Kick Sauber,01C00E,HARD,0.0,
239,2025-05-25 13:21:04.863000,pit_stop,27,12,,,HUL,Kick Sauber,01C00E,,,24.0
240,2025-05-25 13:21:36.178000,lap,4,14,76.122,False,NOR,McLaren,F47600,MEDIUM,0.0,
241,2025-05-25 13:21:37.428000,lap,16,14,76.63,False,LEC,Ferrari,ED1131,MEDIUM,0.0,
242,2025-05-25 13:21:41.194000,lap,81,14,76.412,False,PIA,McLaren,F47600,MEDIUM,0.0,
243,2025-05-25 13:21:42.720000,lap,1,14,76.81,False,VER,Red Bull Racing,4781D7,HARD,0.0,
244,2025-05-25 13:21:45.179000,lap,6,14,94.072,False,HAD,Racing Bulls,6C98FF,SOFT,3.0,
245,2025-05-25 13:21:48.237000,lap,14,14,76.295,False,ALO,Aston Martin,229971,HARD,1.0,
246,2025-05-25 13:21:49.659000,lap,44,14,76.151,False,HAM,Ferrari,ED1131,HARD,0.0,
247,2025-05-25 13:21:51.377000,lap,31,14,76.453,False,OCO,Haas F1 Team,9C9FA2,MEDIUM,0.0,
248,2025-05-25 13:22:04.981000,lap,30,14,79.572,False,LAW,Racing Bulls,6C98FF,MEDIUM,6.0,
249,2025-05-25 13:22:05.334000,lap,23,14,79.817,False,ALB,Williams,1868DB,MEDIUM,4.0,
250,2025-05-25 13:22:06.493000,lap,55,14,79.429,False,SAI,Williams,1868DB,HARD,0.0,
251,2025-05-25 13:22:07.268000,lap,63,14,79.247,False,RUS,Mercedes,00D7B6,HARD,0.0,
252,2025-05-25 13:22:07.801000,lap,12,14,79.075,False,ANT,Mercedes,00D7B6,HARD,0.0,
253,2025-05-25 13:22:09.629000,lap,18,14,78.472,False,STR,Aston Martin,229971,HARD,1.0,
254,2025-05-25 13:22:10.411000,lap,22,14,78.775,False,TSU,Red Bull Racing,4781D7,HARD,0.0,
255,2025-05-25 13:22:11.629000,lap,87,14,78.386,False,BEA,Haas F1 Team,9C9FA2,HARD,0.0,
256,2025-05-25 13:22:12.473000,lap,5,14,78.481,False,BOR,Kick Sauber,01C00E,HARD,0.0,
257,2025-05-25 13:22:22.567000,lap,27,14,76.106,False,HUL,Kick Sauber,01C00E,HARD,0.0,
258,2025-05-25 13:22:25.676000,lap,43,14,80.062,True,COL,Alpine,00A1E8,MEDIUM,7.0,
259,2025-05-25 13:22:26.270000,pit_stop,43,13,,,COL,Alpine,00A1E8,,,24.3
260,2025-05-25 13:22:52.364000,lap,4,15,75.673,False,NOR,McLaren,F47600,MEDIUM,0.0,
261,2025-05-25 13:22:53.942000,lap,16,15,76.042,False,LEC,Ferrari,ED1131,MEDIUM,0.0,
262,2025-05-25 13:22:57.505000,lap,81,15,75.522,False,PIA,McLaren,F47600,MEDIUM,0.0,
263,2025-05-25 13:22:59.536000,lap,1,15,76.38,False,VER,Red Bull Racing,4781D7,HARD,0.0,
264,2025-05-25 13:23:04.536000,lap,14,15,75.593,False,ALO,Aston Martin,229971,HARD,1.0,
265,2025-05-25 13:23:05.864000,lap,44,15,75.991,False,HAM,Ferrari,ED1131,HARD,0.0,
266,2025-05-25 13:23:07.911000,lap,31,15,76.577,False,OCO,Haas F1 Team,9C9FA2,MEDIUM,0.0,
267,2025-05-25 13:23:19.255000,lap,6,15,79.771,True,HAD,Racing Bulls,6C98FF,SOFT,3.0,
268,2025-05-25 13:23:19.864000,pit_stop,6,14,,,HAD,Racing Bulls,6C98FF,,,24.3
269,2025-05-25 13:23:24.614000,lap,30,15,80.161,False,LAW,Racing Bulls,6C98FF,MEDIUM,6.0,
270,2025-05-25 13:23:25.177000,lap,23,15,80.143,False,ALB,Williams,1868DB,MEDIUM,4.0,
271,2025-05-25 13:23:26.052000,lap,55,15,79.999,False,SAI,Williams,1868DB,HARD,0.0,
272,2025-05-25 13:23:26.489000,lap,63,15,79.764,False,RUS,Mercedes,00D7B6,HARD,0.0,
273,2025-05-25 13:23:26.942000,lap,12,15,79.858,False,ANT,Mercedes,00D7B6,HARD,0.0,
274,2025-05-25 13:23:28.239000,lap,18,15,79.347,False,STR,Aston Martin,229971,HARD,1.0,
275,2025-05-25 13:23:29.302000,lap,22,15,79.086,False,TSU,Red Bull Racing,4781D7,HARD,0.0,
276,2025-05-25 13:23:29.958000,lap,87,15,79.194,False,BEA,Haas F1 Team,9C9FA2,HARD,0.0,
277,2025-05-25 13:23:30.911000,lap,5,15,78.647,False,BOR,Kick Sauber,01C00E,HARD,0.0,
278,2025-05-25 13:23:38.802000,lap,27,15,76.553,False,HUL,Kick Sauber,01C00E,HARD,0.0,
279,2025-05-25 13:23:45.786000,lap,43,15,75.509,False,COL,Alpine,00A1E8,MEDIUM,7.0,
280,2025-05-25 13:24:07.902000,lap,4,16,74.914,False,NOR,McLaren,F47600,MEDIUM,0.0,
281,2025-05-25 13:24:10.011000,lap,16,16,75.743,False,LEC,Ferrari,ED1131,MEDIUM,0.0,
282,2025-05-25 13:24:13.168000,lap,81,16,75.643,False,PIA,McLaren,F47600,MEDIUM,0.0,
283,2025-05-25 13:24:15.948000,lap,1,16,75.392,False,VER,Red Bull Racing,4781D7,HARD,0.0,
284,2025-05-25 13:24:20.082000,lap,14,16,94.168,False,ALO,Aston Martin,229971,HARD,1.0,
285,2025-05-25 13:24:21.895000,lap,44,16,75.941,False,HAM,Ferrari,ED1131,HARD,0.0,
286,2025-05-25 13:24:24.473000,lap,31,16,94.94,False,OCO,Haas F1 Team,9C9FA2,MEDIUM,4.0,
287,2025-05-25 13:24:39.004000,lap,6,16,75.981,False,HAD,Racing Bulls,6C98FF,SOFT,3.0,
288,2025-05-25 13:24:44.674000,lap,30,16,80.692,False,LAW,Racing Bulls,6C98FF,MEDIUM,6.0,
289,2025-05-25 13:24:45.283000,lap,23,16,80.692,False,ALB,Williams,1868DB,MEDIUM,4.0,
290,2025-05-25 13:24:45.939000,lap,55,16,80.697,False,SAI,Williams,1868DB,HARD,0.0,
291,2025-05-25 13:24:46.314000,lap,63,16,80.766,False,RUS,Mercedes,00D7B6,HARD,0.0,
292,2025-05-25 13:24:46.814000,lap,12,16,80.745,False,ANT,Mercedes,00D7B6,HARD,0.0,
293,2025-05-25 13:24:47.595000,lap,18,16,80.446,False,STR,Aston Martin,229971,HARD,1.0,
294,2025-05-25 13:24:48.408000,lap,22,16,80.444,False,TSU,Red Bull Racing,4781D7,HARD,0.0,
295,2025-05-25 13:24:49.299000,lap,87,16,80.638,False,BEA,Haas F1 Team,9C9FA2,HARD,0.0,
296,2025-05-25 13:24:49.642000,lap,5,16,80.378,False,BOR,Kick Sauber,01C00E,HARD,0.0,
297,2025-05-25 13:24:55.267000,lap,27,16,78.317,False,HUL,Kick Sauber,01C00E,HARD,0.0,
298,2025-05-25 13:25:01.267000,lap,43,16,75.435,False,COL,Alpine,00A1E8,MEDIUM,7.0,
299,2025-05-25 13:25:22.908000,lap,4,17,74.659,False,NOR,McLaren,F47600,MEDIUM,0.0,
300,2025-05-25 13:25:25.736000,lap,16,17,75.268,False,LEC,Ferrari,ED1131,MEDIUM,0.0,
301,2025-05-25 13:25:28.814000,lap,81,17,75.457,False,PIA,McLaren,F47600,MEDIUM,0.0,
302,2025-05-25 13:25:31.283000,lap,1,17,75.131,False,VER,Red Bull Racing,4781D7,HARD,0.0,
303,2025-05-25 13:25:37.736000,lap,44,17,74.977,False,HAM,Ferrari,ED1131,HARD,0.0,
304,2025-05-25 13:25:54.299000,lap,14,17,80.283,True,ALO,Aston Martin,229971,HARD,1.0,
305,2025-05-25 13:25:54.877000,pit_stop,14,16,,,ALO,Aston Martin,229971,,,25.3
306,2025-05-25 13:25:54.908000,lap,6,17,77.191,False,HAD,Racing Bulls,6C98FF,SOFT,3.0,
307,2025-05-25 13:25:59.455000,lap,31,17,78.801,True,OCO,Haas F1 Team,9C9FA2,MEDIUM,4.0,
308,2025-05-25 13:26:00.002000,pit_stop,31,16,,,OCO,Haas F1 Team,9C9FA2,,,25.5
309,2025-05-25 13:26:05.393000,lap,30,17,80.979,False,LAW,Racing Bulls,6C98FF,MEDIUM,6.0,
310,2025-05-25 13:26:05.986000,lap,23,17,80.978,False,ALB,Williams,1868DB,MEDIUM,4.0,
311,2025-05-25 13:26:06.580000,lap,55,17,81.06,False,SAI,Williams,1868DB,HARD,0.0,
312,2025-05-25 13:26:07.033000,lap,63,17,81.057,False,RUS,Mercedes,00D7B6,HARD,0.0,
313,2025-05-25 13:26:07.518000,lap,12,17,81.182,False,ANT,Mercedes,00D7B6,HARD,0.0,
314,2025-05-25 13:26:07.986000,lap,18,17,97.825,False,STR,Aston Martin,229971,HARD,1.0,
315,2025-05-25 13:26:08.861000,lap,22,17,81.081,False,TSU,Red Bull Racing,4781D7,HARD,0.0,
316,2025-05-25 13:26:09.893000,lap,87,17,97.866,False,BEA,Haas F1 Team,9C9FA2,MEDIUM,0.0,
317,2025-05-25 13:26:09.971000,lap,5,17,80.937,False,BOR,Kick Sauber,01C00E,HARD,0.0,
318,2025-05-25 13:26:13.565000,lap,27,17,79.969,False,HUL,Kick Sauber,01C00E,HARD,0.0,
319,2025-05-25 13:26:16.699000,lap,43,17,77.547,False,COL,Alpine,00A1E8,MEDIUM,7.0,
320,2025-05-25 13:26:37.443000,lap,4,18,75.28,False,NOR,McLaren,F47600,MEDIUM,0.0,
321,2025-05-25 13:26:41.021000,lap,16,18,74.821,False,LEC,Ferrari,ED1131,MEDIUM,0.0,
322,2025-05-25 13:26:44.271000,lap,81,18,74.934,False,PIA,McLaren,F47600,MEDIUM,0.0,
323,2025-05-25 13:26:46.427000,lap,1,18,75.035,False,VER,Red Bull Racing,4781D7,HARD,0.0,
324,2025-05-25 13:26:52.823000,lap,44,18,91.862,False,HAM,Ferrari,ED1131,HARD,1.0,
325,2025-05-25 13:27:12.182000,lap,6,18,76.372,False,HAD,Racing Bulls,6C98FF,SOFT,3.0,
326,2025-05-25 13:27:14.524000,lap,14,18,76.84,False,ALO,Aston Martin,229971,HARD,1.0,
327,2025-05-25 13:27:18.328000,lap,31,18,75.774,False,OCO,Haas F1 Team,9C9FA2,MEDIUM,4.0,
328,2025-05-25 13:27:26.469000,lap,30,18,80.225,False,LAW,Racing Bulls,6C98FF,MEDIUM,6.0,
329,2025-05-25 13:27:26.949000,lap,23,18,80.235,False,ALB,Williams,1868DB,MEDIUM,4.0,
330,2025-05-25 13:27:27.758000,lap,55,18,80.143,False,SAI,Williams,1868DB,HARD,0.0,
331,2025-05-25 13:27:28.144000,lap,63,18,80.126,False,RUS,Mercedes,00D7B6,HARD,0.0,
332,2025-05-25 13:27:28.665000,lap,12,18,80.136,False,ANT,Mercedes,00D7B6,HARD,0.0,
333,2025-05-25 13:27:29.861000,lap,22,18,79.608,False,TSU,Red Bull Racing,4781D7,HARD,0.0,
334,2025-05-25 13:27:30.853000,lap,5,18,79.222,False,BOR,Kick Sauber,01C00E,HARD,0.0,
335,2025-05-25 13:27:33.569000,lap,27,18,78.044,False,HUL,Kick Sauber,01C00E,HARD,0.0,
336,2025-05-25 13:27:34.140000,lap,43,18,78.351,False,COL,Alpine,00A1E8,MEDIUM,7.0,
337,2025-05-25 13:27:45.865000,lap,18,18,79.563,True,STR,Aston Martin,229971,HARD,1.0,
338,2025-05-25 13:27:46.469000,pit_stop,18,17,,,STR,Aston Martin,229971,,,23.9
339,2025-05-25 13:27:47.718000,lap,87,18,78.426,True,BEA,Haas F1 Team,9C9FA2,MEDIUM,0.0,
340,2025-05-25 13:27:48.398000,pit_stop,87,17,,,BEA,Haas F1 Team,9C9FA2,,,24.5
341,2025-05-25 13:27:52.825000,lap,4,19,92.254,False,NOR,McLaren,F47600,HARD,0.0,
342,2025-05-25 13:27:55.887000,lap,16,19,75.516,False,LEC,Ferrari,ED1131,MEDIUM,0.0,
343,2025-05-25 13:27:59.168000,lap,81,19,75.049,False,PIA,McLaren,F47600,MEDIUM,0.0,
344,2025-05-25 13:28:01.434000,lap,1,19,75.413,False,VER,Red Bull Racing,4781D7,HARD,0.0,
345,2025-05-25 13:28:24.622000,lap,44,19,78.042,True,HAM,Ferrari,ED1131,HARD,1.0,
346,2025-05-25 13:28:25.215000,pit_stop,44,18,,,HAM,Ferrari,ED1131,,,23.5
347,2025-05-25 13:28:28.528000,lap,6,19,93.324,False,HAD,Racing Bulls,6C98FF,HARD,1.0,
348,2025-05-25 13:28:31.372000,lap,14,19,77.226,False,ALO,Aston Martin,229971,HARD,1.0,
349,2025-05-25 13:28:33.965000,lap,31,19,76.74,False,OCO,Haas F1 Team,9C9FA2,MEDIUM,4.0,
350,2025-05-25 13:28:46.575000,lap,30,19,79.333,False,LAW,Racing Bulls,6C98FF,MEDIUM,6.0,
351,2025-05-25 13:28:47.106000,lap,23,19,79.279,False,ALB,Williams,1868DB,MEDIUM,4.0,
352,2025-05-25 13:28:47.903000,lap,55,19,79.522,False,SAI,Williams,1868DB,HARD,0.0,
353,2025-05-25 13:28:48.216000,lap,63,19,79.629,False,RUS,Mercedes,00D7B6,HARD,0.0,
354,2025-05-25 13:28:48.872000,lap,12,19,79.624,False,ANT,Mercedes,00D7B6,HARD,0.0,
355,2025-05-25 13:28:49.544000,lap,22,19,79.752,False,TSU,Red Bull Racing,4781D7,HARD,0.0,
356,2025-05-25 13:28:50.091000,lap,5,19,79.729,False,BOR,Kick Sauber,01C00E,HARD,0.0,
357,2025-05-25 13:28:51.669000,lap,27,19,79.058,False,HUL,Kick Sauber,01C00E,HARD,0.0,
358,2025-05-25 13:28:52.622000,lap,43,19,78.851,False,COL,Alpine,00A1E8,MEDIUM,7.0,
359,2025-05-25 13:29:05.325000,lap,18,19,76.581,False,STR,Aston Martin,229971,HARD,1.0,
360,2025-05-25 13:29:06.122000,lap,87,19,76.285,False,BEA,Haas F1 Team,9C9FA2,MEDIUM,0.0,
361,2025-05-25 13:29:11.419000,lap,16,20,74.807,False,LEC,Ferrari,ED1131,MEDIUM,0.0,
362,2025-05-25 13:29:14.122000,lap,81,20,93.72,False,PIA,McLaren,F47600,HARD,0.0,
363,2025-05-25 13:29:16.778000,lap,1,20,75.233,False,VER,Red Bull Racing,4781D7,HARD,0.0,
364,2025-05-25 13:29:25.138000,lap,4,20,78.033,True,NOR,McLaren,F47600,HARD,0.0,
365,2025-05-25 13:29:25.700000,pit_stop,4,19,,,NOR,McLaren,F47600,,,24.5
366,2025-05-25 13:29:42.606000,lap,44,20,75.065,False,HAM,Ferrari,ED1131,HARD,1.0,
367,2025-05-25 13:29:48.591000,lap,14,20,77.267,False,ALO,Aston Martin,229971,HARD,1.0,
368,2025-05-25 13:29:50.560000,lap,31,20,76.599,False,OCO,Haas F1 Team,9C9FA2,MEDIUM,4.0,
369,2025-05-25 13:30:01.919000,lap,6,20,79.175,True,HAD,Racing Bulls,6C98FF,HARD,1.0,
370,2025-05-25 13:30:02.482000,pit_stop,6,19,,,HAD,Racing Bulls,6C98FF,,,24.0
371,2025-05-25 13:30:05.935000,lap,30,20,77.398,False,LAW,Racing Bulls,6C98FF,MEDIUM,6.0,
372,2025-05-25 13:30:06.482000,lap,23,20,77.928,False,ALB,Williams,1868DB,MEDIUM,4.0,
373,2025-05-25 13:30:07.341000,lap,55,20,77.855,False,SAI,Williams,1868DB,HARD,0.0,
374,2025-05-25 13:30:07.903000,lap,63,20,78.513,False,RUS,Mercedes,00D7B6,HARD,0.0,
375,2025-05-25 13:30:08.435000,lap,12,20,78.842,False,ANT,Mercedes,00D7B6,HARD,0.0,
376,2025-05-25 13:30:09.325000,lap,22,20,78.896,False,TSU,Red Bull Racing,4781D7,HARD,0.0,
377,2025-05-25 13:30:09.810000,lap,5,20,79.335,False,BOR,Kick Sauber,01C00E,HARD,0.0,
378,2025-05-25 13:30:10.638000,lap,27,20,79.381,False,HUL,Kick Sauber,01C00E,HARD,0.0,
379,2025-05-25 13:30:11.419000,lap,43,20,79.296,False,COL,Alpine,00A1E8,MEDIUM,7.0,
380,2025-05-25 13:30:22.059000,lap,18,20,76.433,False,STR,Aston Martin,229971,HARD,1.0,
381,2025-05-25 13:30:22.543000,lap,87,20,76.53,False,BEA,Haas F1 Team,9C9FA2,MEDIUM,0.0,
382,2025-05-25 13:30:26.246000,lap,16,21,75.782,False,LEC,Ferrari,ED1131,MEDIUM,0.0,
383,2025-05-25 13:30:32.387000,lap,1,21,75.248,False,VER,Red Bull Racing,4781D7,HARD,0.0,
384,2025-05-25 13:30:43.043000,lap,4,21,75.259,False,NOR,McLaren,F47600,HARD,0.0,
385,2025-05-25 13:30:47.903000,lap,81,21,78.014,True,PIA,McLaren,F47600,HARD,0.0,
386,2025-05-25 13:30:48.575000,pit_stop,81,20,,,PIA,McLaren,F47600,,,25.7
387,2025-05-25 13:30:57.682000,lap,44,21,75.75,False,HAM,Ferrari,ED1131,HARD,1.0,
388,2025-05-25 13:31:05.807000,lap,14,21,77.921,False,ALO,Aston Martin,229971,HARD,1.0,
389,2025-05-25 13:31:07.417000,lap,31,21,77.503,False,OCO,Haas F1 Team,9C9FA2,MEDIUM,4.0,
390,2025-05-25 13:31:21.104000,lap,6,21,76.136,False,HAD,Racing Bulls,6C98FF,HARD,1.0,
391,2025-05-25 13:31:23.276000,lap,30,21,77.057,False,LAW,Racing Bulls,6C98FF,MEDIUM,6.0,
392,2025-05-25 13:31:24.448000,lap,23,21,77.096,False,ALB,Williams,1868DB,MEDIUM,4.0,
393,2025-05-25 13:31:25.323000,lap,55,21,77.461,False,SAI,Williams,1868DB,HARD,0.0,
394,2025-05-25 13:31:26.417000,lap,63,21,77.775,False,RUS,Mercedes,00D7B6,HARD,0.0,
395,2025-05-25 13:31:27.354000,lap,12,21,77.914,False,ANT,Mercedes,00D7B6,HARD,0.0,
396,2025-05-25 13:31:28.245000,lap,22,21,77.885,False,TSU,Red Bull Racing,4781D7,HARD,0.0,
397,2025-05-25 13:31:29.214000,lap,5,21,77.718,False,BOR,Kick Sauber,01C00E,HARD,0.0,
398,2025-05-25 13:31:30.058000,lap,27,21,78.15,False,HUL,Kick Sauber,01C00E,HARD,0.0,
399,2025-05-25 13:31:30.761000,lap,43,21,78.214,False,COL,Alpine,00A1E8,MEDIUM,7.0,
400,2025-05-25 13:31:38.355000,lap,18,21,76.907,False,STR,Aston Martin,229971,HARD,1.0,
401,2025-05-25 13:31:38.964000,lap,87,21,77.189,False,BEA,Haas F1 Team,9C9FA2,MEDIUM,0.0,
402,2025-05-25 13:31:42.042000,lap,16,22,92.412,False,LEC,Ferrari,ED1131,HARD,0.0,
403,2025-05-25 13:31:47.355000,lap,1,22,75.291,False,VER,Red Bull Racing,4781D7,HARD,0.0,
404,2025-05-25 13:31:58.433000,lap,4,22,74.846,False,NOR,McLaren,F47600,HARD,0.0,
405,2025-05-25 13:32:05.917000,lap,81,22,73.818,False,PIA,McLaren,F47600,HARD,0.0,
406,2025-05-25 13:32:13.558000,lap,44,22,75.003,False,HAM,Ferrari,ED1131,HARD,1.0,
407,2025-05-25 13:32:23.777000,lap,14,22,78.938,False,ALO,Aston Martin,229971,HARD,1.0,
408,2025-05-25 13:32:24.761000,lap,31,22,78.5,False,OCO,Haas F1 Team,9C9FA2,MEDIUM,4.0,
409,2025-05-25 13:32:37.230000,lap,6,22,76.357,False,HAD,Racing Bulls,6C98FF,HARD,1.0,
410,2025-05-25 13:32:40.417000,lap,30,22,76.734,False,LAW,Racing Bulls,6C98FF,MEDIUM,6.0,
411,2025-05-25 13:32:41.464000,lap,23,22,77.001,False,ALB,Williams,1868DB,MEDIUM,4.0,
412,2025-05-25 13:32:42.714000,lap,55,22,77.064,False,SAI,Williams,1868DB,HARD,0.0,
413,2025-05-25 13:32:44.121000,lap,63,22,77.301,False,RUS,Mercedes,00D7B6,HARD,0.0,
414,2025-05-25 13:32:45.183000,lap,12,22,77.273,False,ANT,Mercedes,00D7B6,HARD,0.0,
415,2025-05-25 13:32:46.058000,lap,22,22,77.395,False,TSU,Red Bull Racing,4781D7,HARD,0.0,
416,2025-05-25 13:32:46.949000,lap,5,22,77.664,False,BOR,Kick Sauber,01C00E,HARD,0.0,
417,2025-05-25 13:32:48.230000,lap,27,22,77.509,False,HUL,Kick Sauber,01C00E,HARD,0.0,
418,2025-05-25 13:32:48.917000,lap,43,22,77.808,False,COL,Alpine,00A1E8,MEDIUM,7.0,
419,2025-05-25 13:32:55.292000,lap,18,22,76.673,False,STR,Aston Martin,229971,HARD,1.0,
420,2025-05-25 13:32:56.214000,lap,87,22,76.562,False,BEA,Haas F1 Team,9C9FA2,MEDIUM,0.0,
421,2025-05-25 13:33:02.574000,lap,1,23,75.254,False,VER,Red Bull Racing,4781D7,HARD,0.0,
422,2025-05-25 13:33:13.168000,lap,4,23,75.315,False,NOR,McLaren,F47600,HARD,0.0,
423,2025-05-25 13:33:14.464000,lap,16,23,80.099,True,LEC,Ferrari,ED1131,HARD,0.0,
424,2025-05-25 13:33:15.011000,pit_stop,16,22,,,LEC,Ferrari,ED1131,,,23.5
425,2025-05-25 13:33:19.589000,lap,81,23,77.79,False,PIA,McLaren,F47600,HARD,0.0,
426,2025-05-25 13:33:28.527000,lap,44,23,75.012,False,HAM,Ferrari,ED1131,HARD,1.0,
427,2025-05-25 13:33:42.758000,lap,14,23,77.947,False,ALO,Aston Martin,229971,HARD,1.0,
428,2025-05-25 13:33:43.289000,lap,31,23,78.075,False,OCO,Haas F1 Team,9C9FA2,MEDIUM,4.0,
429,2025-05-25 13:33:53.540000,lap,6,23,77.581,False,HAD,Racing Bulls,6C98FF,HARD,1.0,
430,2025-05-25 13:33:57.133000,lap,30,23,76.784,False,LAW,Racing Bulls,6C98FF,MEDIUM,6.0,
431,2025-05-25 13:33:58.446000,lap,23,23,76.556,False,ALB,Williams,1868DB,MEDIUM,4.0,
432,2025-05-25 13:33:59.727000,lap,55,23,76.75,False,SAI,Williams,1868DB,HARD,0.0,
433,2025-05-25 13:34:01.477000,lap,63,23,76.9,False,RUS,Mercedes,00D7B6,HARD,0.0,
434,2025-05-25 13:34:02.493000,lap,12,23,76.973,False,ANT,Mercedes,00D7B6,HARD,0.0,
435,2025-05-25 13:34:03.430000,lap,22,23,76.933,False,TSU,Red Bull Racing,4781D7,HARD,0.0,
436,2025-05-25 13:34:04.571000,lap,5,23,77.216,False,BOR,Kick Sauber,01C00E,HARD,0.0,
437,2025-05-25 13:34:05.633000,lap,27,23,77.557,False,HUL,Kick Sauber,01C00E,HARD,0.0,
438,2025-05-25 13:34:06.649000,lap,43,23,77.626,False,COL,Alpine,00A1E8,MEDIUM,7.0,
439,2025-05-25 13:34:11.962000,lap,18,23,76.579,False,STR,Aston Martin,229971,HARD,1.0,
440,2025-05-25 13:34:12.727000,lap,87,23,76.542,False,BEA,Haas F1 Team,9C9FA2,MEDIUM,0.0,
441,2025-05-25 13:34:17.960000,lap,1,24,75.181,False,VER,Red Bull Racing,4781D7,HARD,0.0,
442,2025-05-25 13:34:28.526000,lap,4,24,75.22,False,NOR,McLaren,F47600,HARD,0.0,
443,2025-05-25 13:34:34.460000,lap,16,24,76.02,False,LEC,Ferrari,ED1131,HARD,0.0,
444,2025-05-25 13:34:37.597000,lap,81,24,75.487,False,PIA,McLaren,F47600,HARD,0.0,
445,2025-05-25 13:34:43.533000,lap,44,24,75.212,False,HAM,Ferrari,ED1131,HARD,1.0,
446,2025-05-25 13:35:00.939000,lap,14,24,77.748,False,ALO,Aston Martin,229971,HARD,1.0,
447,2025-05-25 13:35:01.346000,lap,31,24,77.911,False,OCO,Haas F1 Team,9C9FA2,MEDIUM,4.0,
448,2025-05-25 13:35:11.096000,lap,6,24,77.79,False,HAD,Racing Bulls,6C98FF,HARD,1.0,
449,2025-05-25 13:35:13.924000,lap,30,24,76.712,False,LAW,Racing Bulls,6C98FF,MEDIUM,6.0,
450,2025-05-25 13:35:15.002000,lap,23,24,76.954,False,ALB,Williams,1868DB,MEDIUM,4.0,
451,2025-05-25 13:35:16.486000,lap,55,24,77.018,False,SAI,Williams,1868DB,HARD,0.0,
452,2025-05-25 13:35:18.424000,lap,63,24,76.935,False,RUS,Mercedes,00D7B6,HARD,0.0,
453,2025-05-25 13:35:19.408000,lap,12,24,76.939,False,ANT,Mercedes,00D7B6,HARD,0.0,
454,2025-05-25 13:35:20.440000,lap,22,24,77.026,False,TSU,Red Bull Racing,4781D7,HARD,0.0,
455,2025-05-25 13:35:21.705000,lap,5,24,77.286,False,BOR,Kick Sauber,01C00E,HARD,0.0,
456,2025-05-25 13:35:23.268000,lap,27,24,77.055,False,HUL,Kick Sauber,01C00E,HARD,0.0,
457,2025-05-25 13:35:24.286000,lap,43,24,77.233,False,COL,Alpine,00A1E8,MEDIUM,7.0,
458,2025-05-25 13:35:28.533000,lap,18,24,77.042,False,STR,Aston Martin,229971,HARD,1.0,
459,2025-05-25 13:35:29.205000,lap,87,24,77.056,False,BEA,Haas F1 Team,9C9FA2,MEDIUM,0.0,
460,2025-05-25 13:35:33.065000,lap,1,25,75.175,False,VER,Red Bull Racing,4781D7,HARD,0.0,
461,2025-05-25 13:35:43.643000,lap,4,25,74.4,False,NOR,McLaren,F47600,HARD,0.0,
462,2025-05-25 13:35:50.440000,lap,16,25,74.618,False,LEC,Ferrari,ED1131,HARD,0.0,
463,2025-05-25 13:35:52.944000,lap,81,25,74.94,False,PIA,McLaren,F47600,HARD,0.0,
464,2025-05-25 13:35:58.685000,lap,44,25,74.698,False,HAM,Ferrari,ED1131,HARD,1.0,
465,2025-05-25 13:36:18.424000,lap,14,25,77.685,False,ALO,Aston Martin,229971,HARD,1.0,
466,2025-05-25 13:36:19.299000,lap,31,25,77.72,False,OCO,Haas F1 Team,9C9FA2,MEDIUM,4.0,
467,2025-05-25 13:36:28.925000,lap,6,25,77.832,False,HAD,Racing Bulls,6C98FF,HARD,1.0,
468,2025-05-25 13:36:30.581000,lap,30,25,77.59,False,LAW,Racing Bulls,6C98FF,MEDIUM,6.0,
469,2025-05-25 13:36:32.050000,lap,23,25,77.653,False,ALB,Williams,1868DB,MEDIUM,4.0,
470,2025-05-25 13:36:33.487000,lap,55,25,80.726,False,SAI,Williams,1868DB,HARD,0.0,
471,2025-05-25 13:36:35.346000,lap,63,25,79.216,False,RUS,Mercedes,00D7B6,HARD,0.0,
472,2025-05-25 13:36:36.393000,lap,12,25,78.777,False,ANT,Mercedes,00D7B6,HARD,0.0,
473,2025-05-25 13:36:37.456000,lap,22,25,78.413,False,TSU,Red Bull Racing,4781D7,HARD,0.0,
474,2025-05-25 13:36:39.065000,lap,5,25,77.965,False,BOR,Kick Sauber,01C00E,HARD,0.0,
475,2025-05-25 13:36:40.346000,lap,27,25,77.538,False,HUL,Kick Sauber,01C00E,HARD,0.0,
476,2025-05-25 13:36:41.612000,lap,43,25,77.209,False,COL,Alpine,00A1E8,MEDIUM,7.0,
477,2025-05-25 13:36:45.628000,lap,18,25,77.241,False,STR,Aston Martin,229971,HARD,1.0,
478,2025-05-25 13:36:46.300000,lap,87,25,78.369,False,BEA,Haas F1 Team,9C9FA2,MEDIUM,0.0,
479,2025-05-25 13:36:48.222000,lap,1,26,76.288,False,VER,Red Bull Racing,4781D7,HARD,0.0,
480,2025-05-25 13:36:58.159000,lap,4,26,74.727,False,NOR,McLaren,F47600,HARD,0.0,
481,2025-05-25 13:37:05.044000,lap,16,26,74.714,False,LEC,Ferrari,ED1131,HARD,0.0,
482,2025-05-25 13:37:07.993000,lap,81,26,74.96,False,PIA,McLaren,F47600,HARD,0.0,
483,2025-05-25 13:37:13.414000,lap,44,26,74.804,False,HAM,Ferrari,ED1131,HARD,1.0,
484,2025-05-25 13:37:36.151000,lap,14,26,76.293,False,ALO,Aston Martin,229971,HARD,1.0,
485,2025-05-25 13:37:36.994000,lap,31,26,76.527,False,OCO,Haas F1 Team,9C9FA2,MEDIUM,4.0,
486,2025-05-25 13:37:46.744000,lap,6,26,77.625,False,HAD,Racing Bulls,6C98FF,HARD,1.0,
487,2025-05-25 13:37:48.198000,lap,30,26,77.456,False,LAW,Racing Bulls,6C98FF,MEDIUM,6.0,
488,2025-05-25 13:37:49.619000,lap,23,26,77.264,False,ALB,Williams,1868DB,MEDIUM,4.0,
489,2025-05-25 13:37:54.291000,lap,55,26,79.31,False,SAI,Williams,1868DB,HARD,0.0,
490,2025-05-25 13:37:54.448000,lap,63,26,79.491,False,RUS,Mercedes,00D7B6,HARD,0.0,
491,2025-05-25 13:37:55.213000,lap,12,26,79.479,False,ANT,Mercedes,00D7B6,HARD,0.0,
492,2025-05-25 13:37:55.885000,lap,22,26,79.53,False,TSU,Red Bull Racing,4781D7,HARD,0.0,
493,2025-05-25 13:37:57.026000,lap,5,26,96.175,False,BOR,Kick Sauber,01C00E,SOFT,0.0,
494,2025-05-25 13:37:57.760000,lap,27,26,78.724,False,HUL,Kick Sauber,01C00E,HARD,0.0,
495,2025-05-25 13:37:58.713000,lap,43,26,95.572,False,COL,Alpine,00A1E8,MEDIUM,0.0,
496,2025-05-25 13:38:02.776000,lap,18,26,78.901,False,STR,Aston Martin,229971,HARD,1.0,
497,2025-05-25 13:38:04.573000,lap,1,27,76.323,False,VER,Red Bull Racing,4781D7,HARD,0.0,
498,2025-05-25 13:38:04.713000,lap,87,26,78.034,False,BEA,Haas F1 Team,9C9FA2,MEDIUM,0.0,
499,2025-05-25 13:38:12.901000,lap,4,27,74.622,False,NOR,McLaren,F47600,HARD,0.0,
500,2025-05-25 13:38:19.745000,lap,16,27,74.819,False,LEC,Ferrari,ED1131,HARD,0.0,
501,2025-05-25 13:38:22.901000,lap,81,27,74.772,False,PIA,McLaren,F47600,HARD,0.0,
502,2025-05-25 13:38:28.245000,lap,44,27,74.533,False,HAM,Ferrari,ED1131,HARD,1.0,
503,2025-05-25 13:38:52.525000,lap,14,27,76.744,False,ALO,Aston Martin,229971,HARD,1.0,
504,2025-05-25 13:38:53.545000,lap,31,27,76.705,False,OCO,Haas F1 Team,9C9FA2,MEDIUM,4.0,
505,2025-05-25 13:39:04.369000,lap,6,27,76.482,False,HAD,Racing Bulls,6C98FF,HARD,1.0,
506,2025-05-25 13:39:05.673000,lap,30,27,77.04,False,LAW,Racing Bulls,6C98FF,MEDIUM,6.0,
507,2025-05-25 13:39:06.938000,lap,23,27,77.185,False,ALB,Williams,1868DB,MEDIUM,4.0,
508,2025-05-25 13:39:13.637000,lap,55,27,79.588,False,SAI,Williams,1868DB,HARD,0.0,
509,2025-05-25 13:39:14.137000,lap,63,27,79.453,False,RUS,Mercedes,00D7B6,HARD,0.0,
510,2025-05-25 13:39:14.762000,lap,12,27,79.446,False,ANT,Mercedes,00D7B6,HARD,0.0,
511,2025-05-25 13:39:15.387000,lap,22,27,79.565,False,TSU,Red Bull Racing,4781D7,HARD,0.0,
512,2025-05-25 13:39:16.668000,lap,27,27,79.472,False,HUL,Kick Sauber,01C00E,HARD,0.0,
513,2025-05-25 13:39:20.793000,lap,1,28,92.651,False,VER,Red Bull Racing,4781D7,MEDIUM,0.0,
514,2025-05-25 13:39:22.199000,lap,18,27,77.027,False,STR,Aston Martin,229971,HARD,1.0,
515,2025-05-25 13:39:22.637000,lap,87,27,77.0,False,BEA,Haas F1 Team,9C9FA2,MEDIUM,0.0,
516,2025-05-25 13:39:27.449000,lap,4,28,74.618,False,NOR,McLaren,F47600,HARD,0.0,
517,2025-05-25 13:39:33.278000,lap,5,27,80.209,True,BOR,Kick Sauber,01C00E,SOFT,0.0,
518,2025-05-25 13:39:33.903000,pit_stop,5,26,,,BOR,Kick Sauber,01C00E,,,24.4
519,2025-05-25 13:39:34.434000,lap,43,27,80.237,True,COL,Alpine,00A1E8,MEDIUM,0.0,
520,2025-05-25 13:39:34.543000,lap,16,28,74.849,False,LEC,Ferrari,ED1131,HARD,0.0,
521,2025-05-25 13:39:35.090000,pit_stop,43,26,,,COL,Alpine,00A1E8,,,24.4
522,2025-05-25 13:39:37.637000,lap,81,28,75.556,False,PIA,McLaren,F47600,HARD,0.0,
523,2025-05-25 13:39:42.809000,lap,44,28,75.42,False,HAM,Ferrari,ED1131,HARD,1.0,
524,2025-05-25 13:40:09.043000,lap,14,28,76.414,False,ALO,Aston Martin,229971,HARD,1.0,
525,2025-05-25 13:40:10.168000,lap,31,28,94.005,False,OCO,Haas F1 Team,9C9FA2,HARD,0.0,
526,2025-05-25 13:40:20.778000,lap,6,28,76.441,False,HAD,Racing Bulls,6C98FF,HARD,1.0,
527,2025-05-25 13:40:22.762000,lap,30,28,76.902,False,LAW,Racing Bulls,6C98FF,MEDIUM,6.0,
528,2025-05-25 13:40:24.059000,lap,23,28,76.701,False,ALB,Williams,1868DB,MEDIUM,4.0,
529,2025-05-25 13:40:33.106000,lap,55,28,79.617,False,SAI,Williams,1868DB,HARD,0.0,
530,2025-05-25 13:40:33.497000,lap,63,28,79.673,False,RUS,Mercedes,00D7B6,HARD,0.0,
531,2025-05-25 13:40:34.028000,lap,12,28,79.91,False,ANT,Mercedes,00D7B6,HARD,0.0,
532,2025-05-25 13:40:34.919000,lap,22,28,79.786,False,TSU,Red Bull Racing,4781D7,HARD,0.0,
533,2025-05-25 13:40:36.044000,lap,27,28,79.264,False,HUL,Kick Sauber,01C00E,HARD,0.0,
534,2025-05-25 13:40:38.731000,lap,18,28,77.272,False,STR,Aston Martin,229971,HARD,1.0,
535,2025-05-25 13:40:39.653000,lap,87,28,77.126,False,BEA,Haas F1 Team,9C9FA2,MEDIUM,0.0,
536,2025-05-25 13:40:42.106000,lap,4,29,75.777,False,NOR,McLaren,F47600,HARD,0.0,
537,2025-05-25 13:40:49.434000,lap,16,29,74.205,False,LEC,Ferrari,ED1131,HARD,0.0,
538,2025-05-25 13:40:53.200000,lap,81,29,74.736,False,PIA,McLaren,F47600,HARD,0.0,
539,2025-05-25 13:40:53.434000,lap,5,28,76.02,False,BOR,Kick Sauber,01C00E,SOFT,0.0,
540,2025-05-25 13:40:53.700000,lap,1,29,78.571,True,VER,Red Bull Racing,4781D7,MEDIUM,0.0,
541,2025-05-25 13:40:54.106000,pit_stop,1,28,,,VER,Red Bull Racing,4781D7,,,24.1
542,2025-05-25 13:40:54.653000,lap,43,28,78.135,False,COL,Alpine,00A1E8,MEDIUM,0.0,
543,2025-05-25 13:40:58.122000,lap,44,29,76.81,False,HAM,Ferrari,ED1131,HARD,1.0,
544,2025-05-25 13:41:25.580000,lap,14,29,76.279,False,ALO,Aston Martin,229971,HARD,1.0,
545,2025-05-25 13:41:37.181000,lap,6,29,76.497,False,HAD,Racing Bulls,6C98FF,HARD,1.0,
546,2025-05-25 13:41:39.603000,lap,30,29,76.74,False,LAW,Racing Bulls,6C98FF,MEDIUM,6.0,
547,2025-05-25 13:41:40.775000,lap,23,29,76.969,False,ALB,Williams,1868DB,MEDIUM,4.0,
548,2025-05-25 13:41:44.338000,lap,31,29,79.488,True,OCO,Haas F1 Team,9C9FA2,HARD,0.0,
549,2025-05-25 13:41:44.900000,pit_stop,31,28,,,OCO,Haas F1 Team,9C9FA2,,,24.7
550,2025-05-25 13:41:52.723000,lap,55,29,79.113,False,SAI,Williams,1868DB,HARD,0.0,
551,2025-05-25 13:41:53.093000,lap,63,29,79.247,False,RUS,Mercedes,00D7B6,HARD,0.0,
552,2025-05-25 13:41:54.049000,lap,12,29,79.074,False,ANT,Mercedes,00D7B6,HARD,0.0,
553,2025-05-25 13:41:54.674000,lap,22,29,79.313,False,TSU,Red Bull Racing,4781D7,HARD,0.0,
554,2025-05-25 13:41:55.348000,lap,27,29,79.749,False,HUL,Kick Sauber,01C00E,HARD,0.0,
555,2025-05-25 13:41:55.993000,lap,18,29,80.119,False,STR,Aston Martin,229971,HARD,1.0,
556,2025-05-25 13:41:56.726000,lap,87,29,81.565,False,BEA,Haas F1 Team,9C9FA2,MEDIUM,0.0,
557,2025-05-25 13:41:57.808000,lap,4,30,77.259,False,NOR,McLaren,F47600,HARD,0.0,
558,2025-05-25 13:42:03.682000,lap,16,30,75.131,False,LEC,Ferrari,ED1131,HARD,0.0,
559,2025-05-25 13:42:08.042000,lap,81,30,74.868,False,PIA,McLaren,F47600,HARD,0.0,
560,2025-05-25 13:42:09.495000,lap,5,29,75.193,False,BOR,Kick Sauber,01C00E,SOFT,0.0,
561,2025-05-25 13:42:12.182000,lap,1,30,75.074,False,VER,Red Bull Racing,4781D7,MEDIUM,0.0,
562,2025-05-25 13:42:12.729000,lap,43,29,75.914,False,COL,Alpine,00A1E8,MEDIUM,0.0,
563,2025-05-25 13:42:14.965000,lap,44,30,75.884,False,HAM,Ferrari,ED1131,HARD,1.0,
564,2025-05-25 13:42:41.813000,lap,14,30,77.307,False,ALO,Aston Martin,229971,HARD,1.0,
565,2025-05-25 13:42:53.735000,lap,6,30,76.432,False,HAD,Racing Bulls,6C98FF,HARD,1.0,
566,2025-05-25 13:42:56.344000,lap,30,30,76.607,False,LAW,Racing Bulls,6C98FF,MEDIUM,6.0,
567,2025-05-25 13:42:57.688000,lap,23,30,76.888,False,ALB,Williams,1868DB,MEDIUM,4.0,
568,2025-05-25 13:43:03.735000,lap,31,30,75.796,False,OCO,Haas F1 Team,9C9FA2,HARD,0.0,
569,2025-05-25 13:43:11.904000,lap,55,30,80.644,False,SAI,Williams,1868DB,HARD,0.0,
570,2025-05-25 13:43:12.374000,lap,63,30,80.514,False,RUS,Mercedes,00D7B6,HARD,0.0,
571,2025-05-25 13:43:13.089000,lap,12,30,80.406,False,ANT,Mercedes,00D7B6,HARD,0.0,
572,2025-05-25 13:43:13.980000,lap,22,30,80.165,False,TSU,Red Bull Racing,4781D7,HARD,0.0,
573,2025-05-25 13:43:15.089000,lap,27,30,80.392,False,HUL,Kick Sauber,01C00E,HARD,0.0,
574,2025-05-25 13:43:15.120000,lap,4,31,76.797,False,NOR,McLaren,F47600,HARD,0.0,
575,2025-05-25 13:43:16.199000,lap,18,30,80.246,False,STR,Aston Martin,229971,HARD,1.0,
576,2025-05-25 13:43:18.433000,lap,87,30,78.778,False,BEA,Haas F1 Team,9C9FA2,MEDIUM,0.0,
577,2025-05-25 13:43:18.824000,lap,16,31,76.773,False,LEC,Ferrari,ED1131,HARD,0.0,
578,2025-05-25 13:43:22.855000,lap,81,31,75.735,False,PIA,McLaren,F47600,HARD,0.0,
579,2025-05-25 13:43:24.714000,lap,5,30,75.543,False,BOR,Kick Sauber,01C00E,SOFT,0.0,
580,2025-05-25 13:43:27.199000,lap,1,31,75.133,False,VER,Red Bull Racing,4781D7,MEDIUM,0.0,
581,2025-05-25 13:43:28.620000,lap,43,30,75.298,False,COL,Alpine,00A1E8,MEDIUM,0.0,
582,2025-05-25 13:43:30.824000,lap,44,31,75.648,False,HAM,Ferrari,ED1131,HARD,1.0,
583,2025-05-25 13:43:59.027000,lap,14,31,76.142,False,ALO,Aston Martin,229971,HARD,1.0,
584,2025-05-25 13:44:10.199000,lap,6,31,76.289,False,HAD,Racing Bulls,6C98FF,HARD,1.0,
585,2025-05-25 13:44:12.933000,lap,30,31,93.531,False,LAW,Racing Bulls,6C98FF,SOFT,3.0,
586,2025-05-25 13:44:14.621000,lap,23,31,76.87,False,ALB,Williams,1868DB,MEDIUM,4.0,
587,2025-05-25 13:44:19.464000,lap,31,31,75.43,False,OCO,Haas F1 Team,9C9FA2,HARD,0.0,
588,2025-05-25 13:44:32.090000,lap,4,32,74.711,False,NOR,McLaren,F47600,HARD,0.0,
589,2025-05-25 13:44:32.511000,lap,55,31,77.277,False,SAI,Williams,1868DB,HARD,0.0,
590,2025-05-25 13:44:32.965000,lap,63,31,78.068,False,RUS,Mercedes,00D7B6,HARD,0.0,
591,2025-05-25 13:44:33.402000,lap,12,31,79.809,False,ANT,Mercedes,00D7B6,HARD,0.0,
592,2025-05-25 13:44:34.152000,lap,22,31,80.088,False,TSU,Red Bull Racing,4781D7,HARD,0.0,
593,2025-05-25 13:44:35.402000,lap,27,31,79.889,False,HUL,Kick Sauber,01C00E,HARD,0.0,
594,2025-05-25 13:44:35.590000,lap,16,32,76.418,False,LEC,Ferrari,ED1131,HARD,0.0,
595,2025-05-25 13:44:36.433000,lap,18,31,79.721,False,STR,Aston Martin,229971,HARD,1.0,
596,2025-05-25 13:44:37.121000,lap,87,31,79.927,False,BEA,Haas F1 Team,9C9FA2,MEDIUM,0.0,
597,2025-05-25 13:44:38.574000,lap,81,32,76.822,False,PIA,McLaren,F47600,HARD,0.0,
598,2025-05-25 13:44:40.183000,lap,5,31,78.214,False,BOR,Kick Sauber,01C00E,SOFT,0.0,
599,2025-05-25 13:44:42.386000,lap,1,32,75.424,False,VER,Red Bull Racing,4781D7,MEDIUM,0.0,
600,2025-05-25 13:44:43.902000,lap,43,31,76.007,False,COL,Alpine,00A1E8,MEDIUM,0.0,
601,2025-05-25 13:44:46.558000,lap,44,32,75.676,False,HAM,Ferrari,ED1131,HARD,1.0,
602,2025-05-25 13:45:15.340000,lap,14,32,76.088,False,ALO,Aston Martin,229971,HARD,1.0,
603,2025-05-25 13:45:26.449000,lap,6,32,76.307,False,HAD,Racing Bulls,6C98FF,HARD,1.0,
604,2025-05-25 13:45:31.371000,lap,23,32,92.994,False,ALB,Williams,1868DB,MEDIUM,8.0,
605,2025-05-25 13:45:34.981000,lap,31,32,75.503,False,OCO,Haas F1 Team,9C9FA2,HARD,0.0,
606,2025-05-25 13:45:46.606000,lap,30,32,79.201,True,LAW,Racing Bulls,6C98FF,SOFT,3.0,
607,2025-05-25 13:45:46.700000,lap,4,33,74.642,False,NOR,McLaren,F47600,HARD,0.0,
608,2025-05-25 13:45:47.184000,pit_stop,30,31,,,LAW,Racing Bulls,6C98FF,,,24.2
609,2025-05-25 13:45:49.793000,lap,55,32,80.054,False,SAI,Williams,1868DB,HARD,0.0,
610,2025-05-25 13:45:51.012000,lap,63,32,79.384,False,RUS,Mercedes,00D7B6,HARD,0.0,
611,2025-05-25 13:45:52.043000,lap,16,33,75.515,False,LEC,Ferrari,ED1131,HARD,0.0,
612,2025-05-25 13:45:53.309000,lap,12,32,79.689,False,ANT,Mercedes,00D7B6,HARD,0.0,
613,2025-05-25 13:45:54.309000,lap,22,32,80.951,False,TSU,Red Bull Racing,4781D7,HARD,0.0,
614,2025-05-25 13:45:55.340000,lap,27,32,80.602,False,HUL,Kick Sauber,01C00E,HARD,0.0,
615,2025-05-25 13:45:55.450000,lap,81,33,76.325,False,PIA,McLaren,F47600,HARD,0.0,
616,2025-05-25 13:45:56.168000,lap,18,32,80.498,False,STR,Aston Martin,229971,HARD,1.0,
617,2025-05-25 13:45:57.059000,lap,87,32,80.227,False,BEA,Haas F1 Team,9C9FA2,MEDIUM,0.0,
618,2025-05-25 13:45:57.668000,lap,1,33,76.213,False,VER,Red Bull Racing,4781D7,MEDIUM,0.0,
619,2025-05-25 13:45:58.387000,lap,5,32,79.347,False,BOR,Kick Sauber,01C00E,SOFT,0.0,
620,2025-05-25 13:45:59.965000,lap,43,32,79.845,False,COL,Alpine,00A1E8,MEDIUM,0.0,
621,2025-05-25 13:46:02.215000,lap,44,33,76.536,False,HAM,Ferrari,ED1131,HARD,1.0,
622,2025-05-25 13:46:31.364000,lap,14,33,75.823,False,ALO,Aston Martin,229971,HARD,1.0,
623,2025-05-25 13:46:42.732000,lap,6,33,76.044,False,HAD,Racing Bulls,6C98FF,HARD,1.0,
624,2025-05-25 13:46:50.364000,lap,31,33,75.22,False,OCO,Haas F1 Team,9C9FA2,HARD,0.0,
625,2025-05-25 13:47:01.212000,lap,4,34,74.689,False,NOR,McLaren,F47600,HARD,0.0,
626,2025-05-25 13:47:04.509000,lap,23,33,82.236,True,ALB,Williams,1868DB,MEDIUM,8.0,
627,2025-05-25 13:47:05.165000,pit_stop,23,32,,,ALB,Williams,1868DB,,,23.9
628,2025-05-25 13:47:05.618000,lap,30,33,78.285,False,LAW,Racing Bulls,6C98FF,SOFT,3.0,
629,2025-05-25 13:47:07.509000,lap,16,34,74.98,False,LEC,Ferrari,ED1131,HARD,0.0,
630,2025-05-25 13:47:09.865000,lap,55,33,80.878,False,SAI,Williams,1868DB,HARD,0.0,
631,2025-05-25 13:47:10.390000,lap,63,33,81.135,False,RUS,Mercedes,00D7B6,HARD,0.0,
632,2025-05-25 13:47:11.707000,lap,81,34,75.947,False,PIA,McLaren,F47600,HARD,0.0,
633,2025-05-25 13:47:13.042000,lap,12,33,79.344,False,ANT,Mercedes,00D7B6,HARD,0.0,
634,2025-05-25 13:47:13.903000,lap,1,34,75.8,False,VER,Red Bull Racing,4781D7,MEDIUM,0.0,
635,2025-05-25 13:47:15.373000,lap,22,33,78.035,False,TSU,Red Bull Racing,4781D7,HARD,0.0,
636,2025-05-25 13:47:15.930000,lap,27,33,77.84,False,HUL,Kick Sauber,01C00E,HARD,0.0,
637,2025-05-25 13:47:16.589000,lap,18,33,78.23,False,STR,Aston Martin,229971,HARD,1.0,
638,2025-05-25 13:47:17.309000,lap,87,33,78.784,False,BEA,Haas F1 Team,9C9FA2,MEDIUM,0.0,
639,2025-05-25 13:47:17.739000,lap,5,33,79.276,False,BOR,Kick Sauber,01C00E,SOFT,0.0,
640,2025-05-25 13:47:18.660000,lap,44,34,77.566,False,HAM,Ferrari,ED1131,HARD,1.0,
641,2025-05-25 13:47:19.856000,lap,43,33,78.528,False,COL,Alpine,00A1E8,MEDIUM,0.0,
642,2025-05-25 13:47:47.112000,lap,14,34,77.347,False,ALO,Aston Martin,229971,HARD,1.0,
643,2025-05-25 13:47:58.799000,lap,6,34,76.07,False,HAD,Racing Bulls,6C98FF,HARD,1.0,
644,2025-05-25 13:48:05.659000,lap,31,34,75.157,False,OCO,Haas F1 Team,9C9FA2,HARD,0.0,
645,2025-05-25 13:48:15.940000,lap,4,35,74.184,False,NOR,McLaren,F47600,HARD,0.0,
646,2025-05-25 13:48:22.549000,lap,16,35,74.349,False,LEC,Ferrari,ED1131,HARD,0.0,
647,2025-05-25 13:48:23.893000,lap,30,34,76.425,False,LAW,Racing Bulls,6C98FF,SOFT,3.0,
648,2025-05-25 13:48:26.799000,lap,23,34,80.232,False,ALB,Williams,1868DB,MEDIUM,8.0,
649,2025-05-25 13:48:27.690000,lap,81,35,74.819,False,PIA,McLaren,F47600,HARD,0.0,
650,2025-05-25 13:48:29.753000,lap,1,35,75.33,False,VER,Red Bull Racing,4781D7,MEDIUM,0.0,
651,2025-05-25 13:48:30.753000,lap,55,34,79.22,False,SAI,Williams,1868DB,HARD,0.0,
652,2025-05-25 13:48:31.503000,lap,63,34,78.936,False,RUS,Mercedes,00D7B6,HARD,0.0,
653,2025-05-25 13:48:32.300000,lap,12,34,78.763,False,ANT,Mercedes,00D7B6,HARD,0.0,
654,2025-05-25 13:48:33.284000,lap,22,34,78.623,False,TSU,Red Bull Racing,4781D7,HARD,0.0,
655,2025-05-25 13:48:33.737000,lap,27,34,78.4,False,HUL,Kick Sauber,01C00E,HARD,0.0,
656,2025-05-25 13:48:34.768000,lap,18,34,80.199,False,STR,Aston Martin,229971,HARD,1.0,
657,2025-05-25 13:48:36.143000,lap,87,34,79.725,False,BEA,Haas F1 Team,9C9FA2,MEDIUM,0.0,
658,2025-05-25 13:48:36.175000,lap,44,35,77.826,False,HAM,Ferrari,ED1131,HARD,1.0,
659,2025-05-25 13:48:37.050000,lap,5,34,79.276,False,BOR,Kick Sauber,01C00E,SOFT,0.0,
660,2025-05-25 13:48:38.315000,lap,43,34,78.704,False,COL,Alpine,00A1E8,MEDIUM,0.0,
661,2025-05-25 13:49:04.565000,lap,14,35,76.024,False,ALO,Aston Martin,229971,HARD,1.0,
662,2025-05-25 13:49:14.831000,lap,6,35,76.212,False,HAD,Racing Bulls,6C98FF,HARD,1.0,
663,2025-05-25 13:49:20.909000,lap,31,35,75.846,False,OCO,Haas F1 Team,9C9FA2,HARD,0.0,
664,2025-05-25 13:49:30.106000,lap,4,36,74.785,False,NOR,McLaren,F47600,HARD,0.0,
665,2025-05-25 13:49:36.794000,lap,16,36,74.055,False,LEC,Ferrari,ED1131,HARD,0.0,
666,2025-05-25 13:49:40.404000,lap,30,35,75.942,False,LAW,Racing Bulls,6C98FF,SOFT,3.0,
667,2025-05-25 13:49:42.560000,lap,81,36,75.107,False,PIA,McLaren,F47600,HARD,0.0,
668,2025-05-25 13:49:45.044000,lap,1,36,74.976,False,VER,Red Bull Racing,4781D7,MEDIUM,0.0,
669,2025-05-25 13:49:46.919000,lap,23,35,76.381,False,ALB,Williams,1868DB,MEDIUM,8.0,
670,2025-05-25 13:49:49.966000,lap,55,35,79.464,False,SAI,Williams,1868DB,HARD,0.0,
671,2025-05-25 13:49:50.341000,lap,63,35,79.219,False,RUS,Mercedes,00D7B6,HARD,0.0,
672,2025-05-25 13:49:51.029000,lap,12,35,79.458,False,ANT,Mercedes,00D7B6,HARD,0.0,
673,2025-05-25 13:49:51.920000,lap,22,35,80.269,False,TSU,Red Bull Racing,4781D7,HARD,0.0,
674,2025-05-25 13:49:52.182000,lap,27,35,80.594,False,HUL,Kick Sauber,01C00E,HARD,0.0,
675,2025-05-25 13:49:54.020000,lap,44,36,77.218,False,HAM,Ferrari,ED1131,HARD,1.0,
676,2025-05-25 13:49:54.973000,lap,18,35,78.217,False,STR,Aston Martin,229971,HARD,1.0,
677,2025-05-25 13:49:55.895000,lap,87,35,78.006,False,BEA,Haas F1 Team,9C9FA2,MEDIUM,0.0,
678,2025-05-25 13:49:56.270000,lap,5,35,95.247,False,BOR,Kick Sauber,01C00E,MEDIUM,0.0,
679,2025-05-25 13:49:56.941000,lap,43,35,78.67,False,COL,Alpine,00A1E8,MEDIUM,0.0,
680,2025-05-25 13:50:20.569000,lap,14,36,76.2,False,ALO,Aston Martin,229971,HARD,1.0,
681,2025-05-25 13:50:31.225000,lap,6,36,76.125,False,HAD,Racing Bulls,6C98FF,HARD,1.0,
682,2025-05-25 13:50:36.600000,lap,31,36,76.149,False,OCO,Haas F1 Team,9C9FA2,HARD,0.0,
683,2025-05-25 13:50:44.975000,lap,4,37,74.67,False,NOR,McLaren,F47600,HARD,0.0,
684,2025-05-25 13:50:50.944000,lap,16,37,74.105,False,LEC,Ferrari,ED1131,HARD,0.0,
685,2025-05-25 13:50:56.413000,lap,30,36,80.271,False,LAW,Racing Bulls,6C98FF,SOFT,3.0,
686,2025-05-25 13:50:57.584000,lap,81,37,75.396,False,PIA,McLaren,F47600,HARD,0.0,
687,2025-05-25 13:51:00.006000,lap,1,37,75.025,False,VER,Red Bull Racing,4781D7,MEDIUM,0.0,
688,2025-05-25 13:51:03.397000,lap,23,36,76.185,False,ALB,Williams,1868DB,MEDIUM,8.0,
689,2025-05-25 13:51:09.413000,lap,55,36,79.778,False,SAI,Williams,1868DB,HARD,0.0,
690,2025-05-25 13:51:09.584000,lap,63,36,79.952,False,RUS,Mercedes,00D7B6,HARD,0.0,
691,2025-05-25 13:51:10.569000,lap,12,36,79.869,False,ANT,Mercedes,00D7B6,HARD,0.0,
692,2025-05-25 13:51:11.350000,lap,44,37,77.288,False,HAM,Ferrari,ED1131,HARD,1.0,
693,2025-05-25 13:51:12.272000,lap,22,36,78.945,False,TSU,Red Bull Racing,4781D7,HARD,0.0,
694,2025-05-25 13:51:12.772000,lap,27,36,78.642,False,HUL,Kick Sauber,01C00E,HARD,0.0,
695,2025-05-25 13:51:13.256000,lap,18,36,78.912,False,STR,Aston Martin,229971,HARD,1.0,
696,2025-05-25 13:51:13.850000,lap,87,36,79.059,False,BEA,Haas F1 Team,9C9FA2,MEDIUM,0.0,
697,2025-05-25 13:51:15.694000,lap,43,36,77.955,False,COL,Alpine,00A1E8,MEDIUM,0.0,
698,2025-05-25 13:51:31.542000,lap,5,36,78.607,True,BOR,Kick Sauber,01C00E,MEDIUM,0.0,
699,2025-05-25 13:51:32.327000,pit_stop,5,35,,,BOR,Kick Sauber,01C00E,,,24.2
700,2025-05-25 13:51:36.807000,lap,14,37,,False,ALO,Aston Martin,229971,,,
701,2025-05-25 13:51:47.289000,lap,6,37,76.419,False,HAD,Racing Bulls,6C98FF,HARD,1.0,
702,2025-05-25 13:51:52.867000,lap,31,37,77.197,False,OCO,Haas F1 Team,9C9FA2,HARD,0.0,
703,2025-05-25 13:51:59.524000,lap,4,38,74.907,False,NOR,McLaren,F47600,HARD,0.0,
704,2025-05-25 13:52:05.071000,lap,16,38,74.57,False,LEC,Ferrari,ED1131,HARD,0.0,
705,2025-05-25 13:52:13.071000,lap,81,38,74.475,False,PIA,McLaren,F47600,HARD,0.0,
706,2025-05-25 13:52:15.008000,lap,1,38,74.677,False,VER,Red Bull Racing,4781D7,MEDIUM,0.0,
707,2025-05-25 13:52:16.664000,lap,30,37,75.89,False,LAW,Racing Bulls,6C98FF,SOFT,3.0,
708,2025-05-25 13:52:19.508000,lap,23,37,76.153,False,ALB,Williams,1868DB,MEDIUM,8.0,
709,2025-05-25 13:52:28.524000,lap,44,38,75.938,False,HAM,Ferrari,ED1131,HARD,1.0,
710,2025-05-25 13:52:29.227000,lap,55,37,78.753,False,SAI,Williams,1868DB,HARD,0.0,
711,2025-05-25 13:52:29.602000,lap,63,37,78.925,False,RUS,Mercedes,00D7B6,HARD,0.0,
712,2025-05-25 13:52:30.461000,lap,12,37,78.87,False,ANT,Mercedes,00D7B6,HARD,0.0,
713,2025-05-25 13:52:31.102000,lap,22,37,78.933,False,TSU,Red Bull Racing,4781D7,HARD,0.0,
714,2025-05-25 13:52:31.399000,lap,27,37,78.904,False,HUL,Kick Sauber,01C00E,HARD,0.0,
715,2025-05-25 13:52:32.196000,lap,18,37,78.946,False,STR,Aston Martin,229971,HARD,1.0,
716,2025-05-25 13:52:32.899000,lap,87,37,78.885,False,BEA,Haas F1 Team,9C9FA2,MEDIUM,0.0,
717,2025-05-25 13:52:33.618000,lap,43,37,78.66,False,COL,Alpine,00A1E8,MEDIUM,0.0,
718,2025-05-25 13:52:50.133000,lap,5,37,74.884,False,BOR,Kick Sauber,01C00E,MEDIUM,0.0,
719,2025-05-25 13:53:04.040000,lap,6,38,76.4,False,HAD,Racing Bulls,6C98FF,HARD,1.0,
720,2025-05-25 13:53:10.055000,lap,31,38,76.298,False,OCO,Haas F1 Team,9C9FA2,HARD,0.0,
721,2025-05-25 13:53:14.602000,lap,4,39,74.141,False,NOR,McLaren,F47600,HARD,0.0,
722,2025-05-25 13:53:19.618000,lap,16,39,74.14,False,LEC,Ferrari,ED1131,HARD,0.0,
723,2025-05-25 13:53:27.556000,lap,81,39,74.594,False,PIA,McLaren,F47600,HARD,0.0,
724,2025-05-25 13:53:29.806000,lap,1,39,74.785,False,VER,Red Bull Racing,4781D7,MEDIUM,0.0,
725,2025-05-25 13:53:32.509000,lap,30,38,75.964,False,LAW,Racing Bulls,6C98FF,SOFT,3.0,
726,2025-05-25 13:53:35.587000,lap,23,38,75.529,False,ALB,Williams,1868DB,MEDIUM,8.0,
727,2025-05-25 13:53:44.525000,lap,44,39,75.446,False,HAM,Ferrari,ED1131,HARD,1.0,
728,2025-05-25 13:53:47.822000,lap,55,38,78.526,False,SAI,Williams,1868DB,HARD,0.0,
729,2025-05-25 13:53:48.494000,lap,63,38,78.468,False,RUS,Mercedes,00D7B6,HARD,0.0,
730,2025-05-25 13:53:49.275000,lap,12,38,78.381,False,ANT,Mercedes,00D7B6,HARD,0.0,
731,2025-05-25 13:53:50.040000,lap,22,38,78.168,False,TSU,Red Bull Racing,4781D7,HARD,0.0,
732,2025-05-25 13:53:50.353000,lap,27,38,78.272,False,HUL,Kick Sauber,01C00E,HARD,0.0,
733,2025-05-25 13:53:51.134000,lap,18,38,78.252,False,STR,Aston Martin,229971,HARD,1.0,
734,2025-05-25 13:53:51.712000,lap,87,38,78.333,False,BEA,Haas F1 Team,9C9FA2,MEDIUM,0.0,
735,2025-05-25 13:53:52.369000,lap,43,38,78.728,False,COL,Alpine,00A1E8,MEDIUM,0.0,
736,2025-05-25 13:54:04.962000,lap,5,38,74.97,False,BOR,Kick Sauber,01C00E,MEDIUM,0.0,
737,2025-05-25 13:54:20.087000,lap,6,39,76.92,False,HAD,Racing Bulls,6C98FF,HARD,1.0,
738,2025-05-25 13:54:26.309000,lap,31,39,78.41,False,OCO,Haas F1 Team,9C9FA2,HARD,0.0,
739,2025-05-25 13:54:28.636000,lap,4,40,75.237,False,NOR,McLaren,F47600,HARD,0.0,
740,2025-05-25 13:54:33.802000,lap,16,40,74.056,False,LEC,Ferrari,ED1131,HARD,0.0,
741,2025-05-25 13:54:42.162000,lap,81,40,74.344,False,PIA,McLaren,F47600,HARD,0.0,
742,2025-05-25 13:54:44.490000,lap,1,40,74.421,False,VER,Red Bull Racing,4781D7,MEDIUM,0.0,
743,2025-05-25 13:54:48.662000,lap,30,39,75.8,False,LAW,Racing Bulls,6C98FF,SOFT,3.0,
744,2025-05-25 13:54:51.193000,lap,23,39,75.303,False,ALB,Williams,1868DB,MEDIUM,8.0,
745,2025-05-25 13:55:00.037000,lap,44,40,74.951,False,HAM,Ferrari,ED1131,HARD,1.0,
746,2025-05-25 13:55:06.459000,lap,55,39,78.819,False,SAI,Williams,1868DB,HARD,0.0,
747,2025-05-25 13:55:06.912000,lap,63,39,78.865,False,RUS,Mercedes,00D7B6,HARD,0.0,
748,2025-05-25 13:55:07.646000,lap,12,39,78.721,False,ANT,Mercedes,00D7B6,HARD,0.0,
749,2025-05-25 13:55:08.224000,lap,22,39,78.879,False,TSU,Red Bull Racing,4781D7,HARD,0.0,
750,2025-05-25 13:55:08.599000,lap,27,39,78.876,False,HUL,Kick Sauber,01C00E,HARD,0.0,
751,2025-05-25 13:55:09.318000,lap,18,39,78.805,False,STR,Aston Martin,229971,HARD,1.0,
752,2025-05-25 13:55:10.131000,lap,87,39,78.791,False,BEA,Haas F1 Team,9C9FA2,MEDIUM,0.0,
753,2025-05-25 13:55:11.068000,lap,43,39,78.889,False,COL,Alpine,00A1E8,MEDIUM,0.0,
754,2025-05-25 13:55:19.959000,lap,5,39,75.888,False,BOR,Kick Sauber,01C00E,MEDIUM,0.0,
755,2025-05-25 13:55:36.979000,lap,6,40,77.025,False,HAD,Racing Bulls,6C98FF,HARD,1.0,
756,2025-05-25 13:55:43.864000,lap,4,41,74.026,False,NOR,McLaren,F47600,HARD,0.0,
757,2025-05-25 13:55:44.778000,lap,31,40,76.525,False,OCO,Haas F1 Team,9C9FA2,HARD,0.0,
758,2025-05-25 13:55:47.768000,lap,16,41,74.835,False,LEC,Ferrari,ED1131,HARD,0.0,
759,2025-05-25 13:55:56.328000,lap,81,41,74.297,False,PIA,McLaren,F47600,HARD,0.0,
760,2025-05-25 13:55:58.906000,lap,1,41,74.39,False,VER,Red Bull Racing,4781D7,MEDIUM,0.0,
761,2025-05-25 13:56:04.203000,lap,30,40,92.467,False,LAW,Racing Bulls,6C98FF,HARD,1.0,
762,2025-05-25 13:56:06.578000,lap,23,40,92.156,False,ALB,Williams,1868DB,HARD,0.0,
763,2025-05-25 13:56:14.984000,lap,44,41,75.111,False,HAM,Ferrari,ED1131,HARD,1.0,
764,2025-05-25 13:56:25.266000,lap,55,40,78.988,False,SAI,Williams,1868DB,HARD,0.0,
765,2025-05-25 13:56:25.766000,lap,63,40,78.936,False,RUS,Mercedes,00D7B6,HARD,0.0,
766,2025-05-25 13:56:26.453000,lap,12,40,78.95,False,ANT,Mercedes,00D7B6,HARD,0.0,
767,2025-05-25 13:56:27.125000,lap,22,40,78.913,False,TSU,Red Bull Racing,4781D7,HARD,0.0,
768,2025-05-25 13:56:27.484000,lap,27,40,78.804,False,HUL,Kick Sauber,01C00E,HARD,0.0,
769,2025-05-25 13:56:28.281000,lap,18,40,78.785,False,STR,Aston Martin,229971,HARD,1.0,
770,2025-05-25 13:56:28.891000,lap,87,40,78.768,False,BEA,Haas F1 Team,9C9FA2,MEDIUM,0.0,
771,2025-05-25 13:56:29.906000,lap,43,40,78.443,False,COL,Alpine,00A1E8,MEDIUM,0.0,
772,2025-05-25 13:56:35.922000,lap,5,40,76.335,False,BOR,Kick Sauber,01C00E,MEDIUM,0.0,
773,2025-05-25 13:56:54.000000,lap,6,41,77.242,False,HAD,Racing Bulls,6C98FF,HARD,1.0,
774,2025-05-25 13:56:57.901000,lap,4,42,74.419,False,NOR,McLaren,F47600,HARD,0.0,
775,2025-05-25 13:57:01.393000,lap,31,41,78.126,False,OCO,Haas F1 Team,9C9FA2,HARD,0.0,
776,2025-05-25 13:57:02.645000,lap,16,42,75.133,False,LEC,Ferrari,ED1131,HARD,0.0,
777,2025-05-25 13:57:10.744000,lap,81,42,74.137,False,PIA,McLaren,F47600,HARD,0.0,
778,2025-05-25 13:57:13.369000,lap,1,42,74.456,False,VER,Red Bull Racing,4781D7,MEDIUM,0.0,
779,2025-05-25 13:57:30.104000,lap,44,42,74.984,False,HAM,Ferrari,ED1131,HARD,1.0,
780,2025-05-25 13:57:36.791000,lap,30,41,80.883,True,LAW,Racing Bulls,6C98FF,HARD,1.0,
781,2025-05-25 13:57:37.401000,pit_stop,30,40,,,LAW,Racing Bulls,6C98FF,,,24.3
782,2025-05-25 13:57:38.776000,lap,23,41,81.398,True,ALB,Williams,1868DB,HARD,0.0,
783,2025-05-25 13:57:39.323000,pit_stop,23,40,,,ALB,Williams,1868DB,,,24.1
784,2025-05-25 13:57:44.244000,lap,55,41,76.822,False,SAI,Williams,1868DB,HARD,0.0,
785,2025-05-25 13:57:44.791000,lap,63,41,77.272,False,RUS,Mercedes,00D7B6,HARD,0.0,
786,2025-05-25 13:57:45.401000,lap,12,41,78.06,False,ANT,Mercedes,00D7B6,HARD,0.0,
787,2025-05-25 13:57:46.229000,lap,22,41,78.272,False,TSU,Red Bull Racing,4781D7,HARD,0.0,
788,2025-05-25 13:57:46.416000,lap,27,41,78.575,False,HUL,Kick Sauber,01C00E,HARD,0.0,
789,2025-05-25 13:57:46.979000,lap,18,41,78.701,False,STR,Aston Martin,229971,HARD,1.0,
790,2025-05-25 13:57:47.588000,lap,87,41,78.741,False,BEA,Haas F1 Team,9C9FA2,MEDIUM,0.0,
791,2025-05-25 13:57:48.385000,lap,43,41,78.866,False,COL,Alpine,00A1E8,MEDIUM,0.0,
792,2025-05-25 13:57:52.307000,lap,5,41,76.847,False,BOR,Kick Sauber,01C00E,MEDIUM,0.0,
793,2025-05-25 13:58:11.260000,lap,6,42,79.685,False,HAD,Racing Bulls,6C98FF,HARD,1.0,
794,2025-05-25 13:58:12.338000,lap,4,43,74.174,False,NOR,McLaren,F47600,HARD,0.0,
795,2025-05-25 13:58:17.745000,lap,16,43,74.556,False,LEC,Ferrari,ED1131,HARD,0.0,
796,2025-05-25 13:58:19.432000,lap,31,42,76.24,False,OCO,Haas F1 Team,9C9FA2,HARD,0.0,
797,2025-05-25 13:58:24.854000,lap,81,43,75.181,False,PIA,McLaren,F47600,HARD,0.0,
798,2025-05-25 13:58:27.729000,lap,1,43,74.567,False,VER,Red Bull Racing,4781D7,MEDIUM,0.0,
799,2025-05-25 13:58:44.995000,lap,44,43,74.854,False,HAM,Ferrari,ED1131,HARD,1.0,
800,2025-05-25 13:58:57.683000,lap,30,42,76.743,False,LAW,Racing Bulls,6C98FF,HARD,1.0,
801,2025-05-25 13:59:00.151000,lap,23,42,78.819,False,ALB,Williams,1868DB,HARD,0.0,
802,2025-05-25 13:59:01.136000,lap,55,42,76.706,False,SAI,Williams,1868DB,HARD,0.0,
803,2025-05-25 13:59:01.979000,lap,63,42,77.617,False,RUS,Mercedes,00D7B6,HARD,0.0,
804,2025-05-25 13:59:03.446000,lap,12,42,77.12,False,ANT,Mercedes,00D7B6,HARD,0.0,
805,2025-05-25 13:59:04.246000,lap,22,42,77.292,False,TSU,Red Bull Racing,4781D7,HARD,0.0,
806,2025-05-25 13:59:04.902000,lap,27,42,77.315,False,HUL,Kick Sauber,01C00E,HARD,0.0,
807,2025-05-25 13:59:05.722000,lap,18,42,77.363,False,STR,Aston Martin,229971,HARD,1.0,
808,2025-05-25 13:59:06.443000,lap,87,42,77.424,False,BEA,Haas F1 Team,9C9FA2,MEDIUM,0.0,
809,2025-05-25 13:59:07.251000,lap,43,42,77.798,False,COL,Alpine,00A1E8,MEDIUM,0.0,
810,2025-05-25 13:59:09.001000,lap,5,42,77.678,False,BOR,Kick Sauber,01C00E,MEDIUM,0.0,
811,2025-05-25 13:59:26.486000,lap,4,44,73.872,False,NOR,McLaren,F47600,HARD,0.0,
812,2025-05-25 13:59:31.285000,lap,6,43,78.924,False,HAD,Racing Bulls,6C98FF,HARD,1.0,
813,2025-05-25 13:59:32.395000,lap,16,44,74.265,False,LEC,Ferrari,ED1131,HARD,0.0,
814,2025-05-25 13:59:35.660000,lap,31,43,76.584,False,OCO,Haas F1 Team,9C9FA2,HARD,0.0,
815,2025-05-25 13:59:39.941000,lap,81,44,74.676,False,PIA,McLaren,F47600,HARD,0.0,
816,2025-05-25 13:59:42.363000,lap,1,44,74.38,False,VER,Red Bull Racing,4781D7,MEDIUM,0.0,
817,2025-05-25 13:59:59.930000,lap,44,44,74.686,False,HAM,Ferrari,ED1131,HARD,1.0,
818,2025-05-25 14:00:14.434000,lap,30,43,75.931,False,LAW,Racing Bulls,6C98FF,HARD,1.0,
819,2025-05-25 14:00:17.680000,lap,55,43,75.881,False,SAI,Williams,1868DB,HARD,0.0,
820,2025-05-25 14:00:18.867000,lap,23,43,78.638,False,ALB,Williams,1868DB,HARD,0.0,
821,2025-05-25 14:00:19.601000,lap,63,43,78.494,False,RUS,Mercedes,00D7B6,HARD,0.0,
822,2025-05-25 14:00:20.508000,lap,12,43,78.31,False,ANT,Mercedes,00D7B6,HARD,0.0,
823,2025-05-25 14:00:21.570000,lap,22,43,78.05,False,TSU,Red Bull Racing,4781D7,HARD,0.0,
824,2025-05-25 14:00:22.305000,lap,27,43,77.929,False,HUL,Kick Sauber,01C00E,HARD,0.0,
825,2025-05-25 14:00:23.039000,lap,18,43,77.762,False,STR,Aston Martin,229971,HARD,1.0,
826,2025-05-25 14:00:23.820000,lap,87,43,77.648,False,BEA,Haas F1 Team,9C9FA2,MEDIUM,0.0,
827,2025-05-25 14:00:25.101000,lap,43,43,77.541,False,COL,Alpine,00A1E8,MEDIUM,0.0,
828,2025-05-25 14:00:26.758000,lap,5,43,77.037,False,BOR,Kick Sauber,01C00E,MEDIUM,0.0,
829,2025-05-25 14:00:40.399000,lap,4,45,74.384,False,NOR,McLaren,F47600,HARD,0.0,
830,2025-05-25 14:00:46.549000,lap,16,45,74.21,False,LEC,Ferrari,ED1131,HARD,0.0,
831,2025-05-25 14:00:49.924000,lap,6,44,76.93,False,HAD,Racing Bulls,6C98FF,HARD,1.0,
832,2025-05-25 14:00:52.267000,lap,31,44,77.324,False,OCO,Haas F1 Team,9C9FA2,HARD,0.0,
833,2025-05-25 14:00:54.720000,lap,81,45,75.124,False,PIA,McLaren,F47600,HARD,0.0,
834,2025-05-25 14:00:56.767000,lap,1,45,74.23,False,VER,Red Bull Racing,4781D7,MEDIUM,0.0,
835,2025-05-25 14:01:14.546000,lap,44,45,74.849,False,HAM,Ferrari,ED1131,HARD,1.0,
836,2025-05-25 14:01:30.295000,lap,30,44,75.958,False,LAW,Racing Bulls,6C98FF,HARD,1.0,
837,2025-05-25 14:01:33.681000,lap,55,44,76.059,False,SAI,Williams,1868DB,HARD,0.0,
838,2025-05-25 14:01:37.537000,lap,23,44,79.225,False,ALB,Williams,1868DB,HARD,0.0,
839,2025-05-25 14:01:38.130000,lap,63,44,79.072,False,RUS,Mercedes,00D7B6,HARD,0.0,
840,2025-05-25 14:01:38.882000,lap,12,44,78.885,False,ANT,Mercedes,00D7B6,HARD,0.0,
841,2025-05-25 14:01:39.729000,lap,22,44,78.827,False,TSU,Red Bull Racing,4781D7,HARD,0.0,
842,2025-05-25 14:01:40.148000,lap,27,44,95.627,False,HUL,Kick Sauber,01C00E,SOFT,0.0,
843,2025-05-25 14:01:40.877000,lap,18,44,78.615,False,STR,Aston Martin,229971,HARD,1.0,
844,2025-05-25 14:01:41.464000,lap,87,44,78.511,False,BEA,Haas F1 Team,9C9FA2,MEDIUM,0.0,
845,2025-05-25 14:01:42.653000,lap,43,44,78.439,False,COL,Alpine,00A1E8,MEDIUM,0.0,
846,2025-05-25 14:01:43.847000,lap,5,44,78.35,False,BOR,Kick Sauber,01C00E,MEDIUM,0.0,
847,2025-05-25 14:01:54.771000,lap,4,46,74.177,False,NOR,McLaren,F47600,HARD,0.0,
848,2025-05-25 14:02:00.836000,lap,16,46,74.339,False,LEC,Ferrari,ED1131,HARD,0.0,
849,2025-05-25 14:02:06.836000,lap,6,45,77.914,False,HAD,Racing Bulls,6C98FF,HARD,1.0,
850,2025-05-25 14:02:09.524000,lap,31,45,78.452,False,OCO,Haas F1 Team,9C9FA2,HARD,0.0,
851,2025-05-25 14:02:09.915000,lap,81,46,74.875,False,PIA,McLaren,F47600,HARD,0.0,
852,2025-05-25 14:02:11.071000,lap,1,46,74.897,False,VER,Red Bull Racing,4781D7,MEDIUM,0.0,
853,2025-05-25 14:02:29.430000,lap,44,46,75.323,False,HAM,Ferrari,ED1131,HARD,1.0,
854,2025-05-25 14:02:46.446000,lap,30,45,75.605,False,LAW,Racing Bulls,6C98FF,HARD,1.0,
855,2025-05-25 14:02:49.759000,lap,55,45,76.124,False,SAI,Williams,1868DB,HARD,0.0,
856,2025-05-25 14:02:56.821000,lap,23,45,79.224,False,ALB,Williams,1868DB,HARD,0.0,
857,2025-05-25 14:02:57.290000,lap,63,45,79.192,False,RUS,Mercedes,00D7B6,HARD,0.0,
858,2025-05-25 14:02:57.774000,lap,12,45,79.251,False,ANT,Mercedes,00D7B6,HARD,0.0,
859,2025-05-25 14:02:58.509000,lap,22,45,79.266,False,TSU,Red Bull Racing,4781D7,HARD,0.0,
860,2025-05-25 14:02:59.430000,lap,18,45,79.045,False,STR,Aston Martin,229971,HARD,1.0,
861,2025-05-25 14:03:00.430000,lap,87,45,79.057,False,BEA,Haas F1 Team,9C9FA2,MEDIUM,0.0,
862,2025-05-25 14:03:01.149000,lap,43,45,78.71,False,COL,Alpine,00A1E8,MEDIUM,0.0,
863,2025-05-25 14:03:02.352000,lap,5,45,78.458,False,BOR,Kick Sauber,01C00E,MEDIUM,0.0,
864,2025-05-25 14:03:08.953000,lap,4,47,74.357,False,NOR,McLaren,F47600,HARD,0.0,
865,2025-05-25 14:03:15.170000,lap,16,47,74.534,False,LEC,Ferrari,ED1131,HARD,0.0,
866,2025-05-25 14:03:15.888000,lap,27,45,79.068,True,HUL,Kick Sauber,01C00E,SOFT,0.0,
867,2025-05-25 14:03:16.358000,pit_stop,27,44,,,HUL,Kick Sauber,01C00E,,,24.3
868,2025-05-25 14:03:24.780000,lap,81,47,74.092,False,PIA,McLaren,F47600,HARD,0.0,
869,2025-05-25 14:03:24.889000,lap,6,46,79.607,False,HAD,Racing Bulls,6C98FF,HARD,1.0,
870,2025-05-25 14:03:25.874000,lap,1,47,74.859,False,VER,Red Bull Racing,4781D7,MEDIUM,0.0,
871,2025-05-25 14:03:27.967000,lap,31,46,77.007,False,OCO,Haas F1 Team,9C9FA2,HARD,0.0,
872,2025-05-25 14:03:44.769000,lap,44,47,75.703,False,HAM,Ferrari,ED1131,HARD,1.0,
873,2025-05-25 14:04:01.834000,lap,30,46,75.476,False,LAW,Racing Bulls,6C98FF,HARD,1.0,
874,2025-05-25 14:04:05.834000,lap,55,46,76.081,False,SAI,Williams,1868DB,HARD,0.0,
875,2025-05-25 14:04:16.025000,lap,23,46,79.332,False,ALB,Williams,1868DB,HARD,0.0,
876,2025-05-25 14:04:16.447000,lap,63,46,79.289,False,RUS,Mercedes,00D7B6,HARD,0.0,
877,2025-05-25 14:04:16.978000,lap,12,46,79.265,False,ANT,Mercedes,00D7B6,HARD,0.0,
878,2025-05-25 14:04:17.650000,lap,22,46,79.246,False,TSU,Red Bull Racing,4781D7,HARD,0.0,
879,2025-05-25 14:04:18.493000,lap,18,46,79.02,False,STR,Aston Martin,229971,HARD,1.0,
880,2025-05-25 14:04:19.009000,lap,87,46,79.294,False,BEA,Haas F1 Team,9C9FA2,MEDIUM,0.0,
881,2025-05-25 14:04:19.697000,lap,43,46,80.19,False,COL,Alpine,00A1E8,MEDIUM,0.0,
882,2025-05-25 14:04:20.634000,lap,5,46,79.853,False,BOR,Kick Sauber,01C00E,MEDIUM,0.0,
883,2025-05-25 14:04:23.275000,lap,4,48,75.701,False,NOR,McLaren,F47600,HARD,0.0,
884,2025-05-25 14:04:29.612000,lap,16,48,74.731,False,LEC,Ferrari,ED1131,HARD,0.0,
885,2025-05-25 14:04:34.833000,lap,27,46,75.909,False,HUL,Kick Sauber,01C00E,SOFT,0.0,
886,2025-05-25 14:04:38.795000,lap,81,48,91.028,False,PIA,McLaren,F47600,HARD,0.0,
887,2025-05-25 14:04:40.750000,lap,1,48,74.538,False,VER,Red Bull Racing,4781D7,MEDIUM,0.0,
888,2025-05-25 14:04:44.422000,lap,6,47,77.129,False,HAD,Racing Bulls,6C98FF,HARD,1.0,
889,2025-05-25 14:04:45.015000,lap,31,47,77.341,False,OCO,Haas F1 Team,9C9FA2,HARD,0.0,
890,2025-05-25 14:05:00.483000,lap,44,48,75.113,False,HAM,Ferrari,ED1131,HARD,1.0,
891,2025-05-25 14:05:17.408000,lap,30,47,75.461,False,LAW,Racing Bulls,6C98FF,HARD,1.0,
892,2025-05-25 14:05:21.924000,lap,55,47,75.516,False,SAI,Williams,1868DB,HARD,0.0,
893,2025-05-25 14:05:35.340000,lap,23,47,79.173,False,ALB,Williams,1868DB,HARD,0.0,
894,2025-05-25 14:05:35.604000,lap,63,47,79.959,False,RUS,Mercedes,00D7B6,HARD,0.0,
895,2025-05-25 14:05:36.212000,lap,12,47,80.131,False,ANT,Mercedes,00D7B6,HARD,0.0,
896,2025-05-25 14:05:37.014000,lap,22,47,80.203,False,TSU,Red Bull Racing,4781D7,HARD,0.0,
897,2025-05-25 14:05:37.431000,lap,18,47,80.384,False,STR,Aston Martin,229971,HARD,1.0,
898,2025-05-25 14:05:38.310000,lap,87,47,80.078,False,BEA,Haas F1 Team,9C9FA2,MEDIUM,0.0,
899,2025-05-25 14:05:39.017000,lap,4,49,76.684,False,NOR,McLaren,F47600,HARD,0.0,
900,2025-05-25 14:05:40.032000,lap,43,47,79.889,False,COL,Alpine,00A1E8,MEDIUM,0.0,
901,2025-05-25 14:05:40.506000,lap,5,47,80.127,False,BOR,Kick Sauber,01C00E,MEDIUM,0.0,
902,2025-05-25 14:05:44.415000,lap,16,49,91.977,False,LEC,Ferrari,ED1131,MEDIUM,0.0,
903,2025-05-25 14:05:50.674000,lap,27,47,75.223,False,HUL,Kick Sauber,01C00E,SOFT,0.0,
904,2025-05-25 14:05:55.298000,lap,1,49,74.261,False,VER,Red Bull Racing,4781D7,MEDIUM,0.0,
905,2025-05-25 14:06:01.454000,lap,6,48,77.451,False,HAD,Racing Bulls,6C98FF,HARD,1.0,
906,2025-05-25 14:06:02.450000,lap,31,48,78.068,False,OCO,Haas F1 Team,9C9FA2,HARD,0.0,
907,2025-05-25 14:06:09.857000,lap,81,49,78.461,True,PIA,McLaren,F47600,HARD,0.0,
908,2025-05-25 14:06:10.450000,pit_stop,81,48,,,PIA,McLaren,F47600,,,23.9
909,2025-05-25 14:06:15.482000,lap,44,49,75.569,False,HAM,Ferrari,ED1131,HARD,1.0,
910,2025-05-25 14:06:32.872000,lap,30,48,75.418,False,LAW,Racing Bulls,6C98FF,HARD,1.0,
911,2025-05-25 14:06:37.419000,lap,55,48,92.875,False,SAI,Williams,1868DB,MEDIUM,0.0,
912,2025-05-25 14:06:54.482000,lap,23,48,80.193,False,ALB,Williams,1868DB,HARD,0.0,
913,2025-05-25 14:06:55.576000,lap,63,48,77.477,False,RUS,Mercedes,00D7B6,HARD,0.0,
914,2025-05-25 14:06:55.810000,lap,4,50,90.893,False,NOR,McLaren,F47600,HARD,0.0,
915,2025-05-25 14:06:56.326000,lap,12,48,78.844,False,ANT,Mercedes,00D7B6,HARD,0.0,
916,2025-05-25 14:06:57.216000,lap,22,48,78.979,False,TSU,Red Bull Racing,4781D7,HARD,0.0,
917,2025-05-25 14:06:57.904000,lap,18,48,78.618,False,STR,Aston Martin,229971,HARD,1.0,
918,2025-05-25 14:06:58.513000,lap,87,48,78.965,False,BEA,Haas F1 Team,9C9FA2,MEDIUM,0.0,
919,2025-05-25 14:06:59.919000,lap,43,48,78.24,False,COL,Alpine,00A1E8,MEDIUM,0.0,
920,2025-05-25 14:07:00.544000,lap,5,48,78.016,False,BOR,Kick Sauber,01C00E,MEDIUM,0.0,
921,2025-05-25 14:07:05.888000,lap,27,48,76.246,False,HUL,Kick Sauber,01C00E,SOFT,0.0,
922,2025-05-25 14:07:09.560000,lap,1,50,74.426,False,VER,Red Bull Racing,4781D7,MEDIUM,0.0,
923,2025-05-25 14:07:16.451000,lap,16,50,77.1,True,LEC,Ferrari,ED1131,MEDIUM,0.0,
924,2025-05-25 14:07:17.044000,pit_stop,16,49,,,LEC,Ferrari,ED1131,,,23.6
925,2025-05-25 14:07:18.951000,lap,6,49,78.076,False,HAD,Racing Bulls,6C98FF,HARD,1.0,
926,2025-05-25 14:07:20.404000,lap,31,49,78.235,False,OCO,Haas F1 Team,9C9FA2,HARD,0.0,
927,2025-05-25 14:07:28.279000,lap,81,50,74.121,False,PIA,McLaren,F47600,HARD,0.0,
928,2025-05-25 14:07:31.216000,lap,44,50,75.694,False,HAM,Ferrari,ED1131,HARD,1.0,
929,2025-05-25 14:07:48.201000,lap,30,49,75.567,False,LAW,Racing Bulls,6C98FF,HARD,1.0,
930,2025-05-25 14:08:10.373000,lap,55,49,78.962,True,SAI,Williams,1868DB,MEDIUM,0.0,
931,2025-05-25 14:08:10.967000,pit_stop,55,48,,,SAI,Williams,1868DB,,,24.4
932,2025-05-25 14:08:13.123000,lap,63,49,77.379,False,RUS,Mercedes,00D7B6,HARD,0.0,
933,2025-05-25 14:08:14.670000,lap,23,49,78.234,False,ALB,Williams,1868DB,HARD,0.0,
934,2025-05-25 14:08:15.232000,lap,12,49,78.328,False,ANT,Mercedes,00D7B6,HARD,0.0,
935,2025-05-25 14:08:16.185000,lap,22,49,77.998,False,TSU,Red Bull Racing,4781D7,HARD,0.0,
936,2025-05-25 14:08:16.498000,lap,18,49,78.251,False,STR,Aston Martin,229971,HARD,1.0,
937,2025-05-25 14:08:17.420000,lap,87,49,77.921,False,BEA,Haas F1 Team,9C9FA2,MEDIUM,0.0,
938,2025-05-25 14:08:18.029000,lap,43,49,78.159,False,COL,Alpine,00A1E8,MEDIUM,0.0,
939,2025-05-25 14:08:18.592000,lap,5,49,78.411,False,BOR,Kick Sauber,01C00E,MEDIUM,0.0,
940,2025-05-25 14:08:22.264000,lap,27,49,78.676,False,HUL,Kick Sauber,01C00E,SOFT,0.0,
941,2025-05-25 14:08:23.889000,lap,1,51,75.165,False,VER,Red Bull Racing,4781D7,MEDIUM,0.0,
942,2025-05-25 14:08:26.623000,lap,4,51,78.237,True,NOR,McLaren,F47600,HARD,0.0,
943,2025-05-25 14:08:27.154000,pit_stop,4,50,,,NOR,McLaren,F47600,,,23.7
944,2025-05-25 14:08:33.498000,lap,16,51,74.368,False,LEC,Ferrari,ED1131,MEDIUM,0.0,
945,2025-05-25 14:08:37.155000,lap,6,50,77.235,False,HAD,Racing Bulls,6C98FF,HARD,1.0,
946,2025-05-25 14:08:38.684000,lap,31,50,77.902,False,OCO,Haas F1 Team,9C9FA2,HARD,0.0,
947,2025-05-25 14:08:42.480000,lap,81,51,74.713,False,PIA,McLaren,F47600,HARD,0.0,
948,2025-05-25 14:08:46.867000,lap,44,51,75.559,False,HAM,Ferrari,ED1131,HARD,1.0,
949,2025-05-25 14:09:03.757000,lap,30,50,75.479,False,LAW,Racing Bulls,6C98FF,HARD,1.0,
950,2025-05-25 14:09:29.283000,lap,55,50,75.287,False,SAI,Williams,1868DB,MEDIUM,0.0,
951,2025-05-25 14:09:30.424000,lap,63,50,75.966,False,RUS,Mercedes,00D7B6,HARD,0.0,
952,2025-05-25 14:09:32.955000,lap,23,50,79.166,False,ALB,Williams,1868DB,HARD,0.0,
953,2025-05-25 14:09:33.612000,lap,12,50,79.093,False,ANT,Mercedes,00D7B6,HARD,0.0,
954,2025-05-25 14:09:34.096000,lap,22,50,79.205,False,TSU,Red Bull Racing,4781D7,HARD,0.0,
955,2025-05-25 14:09:34.674000,lap,18,50,79.001,False,STR,Aston Martin,229971,HARD,1.0,
956,2025-05-25 14:09:35.315000,lap,87,50,79.103,False,BEA,Haas F1 Team,9C9FA2,MEDIUM,0.0,
957,2025-05-25 14:09:36.221000,lap,43,50,79.965,False,COL,Alpine,00A1E8,MEDIUM,0.0,
958,2025-05-25 14:09:37.127000,lap,5,50,79.679,False,BOR,Kick Sauber,01C00E,MEDIUM,0.0,
959,2025-05-25 14:09:39.143000,lap,1,52,76.328,False,VER,Red Bull Racing,4781D7,MEDIUM,0.0,
960,2025-05-25 14:09:40.862000,lap,27,50,76.425,False,HUL,Kick Sauber,01C00E,SOFT,0.0,
961,2025-05-25 14:09:44.755000,lap,4,52,75.039,False,NOR,McLaren,F47600,HARD,0.0,
962,2025-05-25 14:09:47.798000,lap,16,52,74.421,False,LEC,Ferrari,ED1131,MEDIUM,0.0,
963,2025-05-25 14:09:54.231000,lap,6,51,78.932,False,HAD,Racing Bulls,6C98FF,HARD,1.0,
964,2025-05-25 14:09:56.574000,lap,31,51,78.424,False,OCO,Haas F1 Team,9C9FA2,HARD,0.0,
965,2025-05-25 14:09:57.097000,lap,81,52,74.087,False,PIA,McLaren,F47600,HARD,0.0,
966,2025-05-25 14:10:02.372000,lap,44,52,75.494,False,HAM,Ferrari,ED1131,HARD,1.0,
967,2025-05-25 14:10:19.335000,lap,30,51,75.399,False,LAW,Racing Bulls,6C98FF,HARD,1.0,
968,2025-05-25 14:10:44.617000,lap,55,51,74.496,False,SAI,Williams,1868DB,MEDIUM,0.0,
969,2025-05-25 14:10:46.460000,lap,63,51,76.095,False,RUS,Mercedes,00D7B6,HARD,0.0,
970,2025-05-25 14:10:52.242000,lap,23,51,79.828,False,ALB,Williams,1868DB,HARD,0.0,
971,2025-05-25 14:10:52.632000,lap,12,51,80.341,False,ANT,Mercedes,00D7B6,HARD,0.0,
972,2025-05-25 14:10:53.289000,lap,22,51,80.267,False,TSU,Red Bull Racing,4781D7,HARD,0.0,
973,2025-05-25 14:10:53.726000,lap,18,51,80.289,False,STR,Aston Martin,229971,HARD,1.0,
974,2025-05-25 14:10:54.523000,lap,87,51,82.205,False,BEA,Haas F1 Team,9C9FA2,MEDIUM,0.0,
975,2025-05-25 14:10:55.445000,lap,1,53,77.547,False,VER,Red Bull Racing,4781D7,MEDIUM,0.0,
976,2025-05-25 14:10:56.273000,lap,43,51,80.722,False,COL,Alpine,00A1E8,MEDIUM,0.0,
977,2025-05-25 14:10:56.726000,lap,5,51,80.698,False,BOR,Kick Sauber,01C00E,MEDIUM,0.0,
978,2025-05-25 14:10:57.335000,lap,27,51,81.177,False,HUL,Kick Sauber,01C00E,SOFT,0.0,
979,2025-05-25 14:10:59.914000,lap,4,53,75.848,False,NOR,McLaren,F47600,HARD,0.0,
980,2025-05-25 14:11:02.255000,lap,16,53,75.407,False,LEC,Ferrari,ED1131,MEDIUM,0.0,
981,2025-05-25 14:11:11.221000,lap,81,53,74.004,False,PIA,McLaren,F47600,HARD,0.0,
982,2025-05-25 14:11:13.205000,lap,6,52,77.718,False,HAD,Racing Bulls,6C98FF,HARD,1.0,
983,2025-05-25 14:11:15.033000,lap,31,52,77.45,False,OCO,Haas F1 Team,9C9FA2,HARD,0.0,
984,2025-05-25 14:11:17.908000,lap,44,53,76.185,False,HAM,Ferrari,ED1131,HARD,1.0,
985,2025-05-25 14:11:34.631000,lap,30,52,75.377,False,LAW,Racing Bulls,6C98FF,HARD,1.0,
986,2025-05-25 14:11:59.165000,lap,55,52,74.634,False,SAI,Williams,1868DB,MEDIUM,0.0,
987,2025-05-25 14:12:02.571000,lap,63,52,76.023,False,RUS,Mercedes,00D7B6,HARD,0.0,
988,2025-05-25 14:12:11.933000,lap,23,52,80.13,False,ALB,Williams,1868DB,HARD,0.0,
989,2025-05-25 14:12:12.898000,lap,12,52,81.962,False,ANT,Mercedes,00D7B6,HARD,0.0,
990,2025-05-25 14:12:13.098000,lap,1,54,75.872,False,VER,Red Bull Racing,4781D7,MEDIUM,0.0,
991,2025-05-25 14:12:13.690000,lap,22,52,81.891,False,TSU,Red Bull Racing,4781D7,HARD,0.0,
992,2025-05-25 14:12:14.105000,lap,18,52,82.255,False,STR,Aston Martin,229971,HARD,1.0,
993,2025-05-25 14:12:15.626000,lap,4,54,76.308,False,NOR,McLaren,F47600,HARD,0.0,
994,2025-05-25 14:12:16.654000,lap,87,52,79.988,False,BEA,Haas F1 Team,9C9FA2,MEDIUM,0.0,
995,2025-05-25 14:12:16.857000,lap,43,52,80.423,False,COL,Alpine,00A1E8,MEDIUM,0.0,
996,2025-05-25 14:12:17.404000,lap,5,52,80.809,False,BOR,Kick Sauber,01C00E,MEDIUM,0.0,
997,2025-05-25 14:12:17.670000,lap,16,54,77.108,False,LEC,Ferrari,ED1131,MEDIUM,0.0,
998,2025-05-25 14:12:18.513000,lap,27,52,80.376,False,HUL,Kick Sauber,01C00E,SOFT,0.0,
999,2025-05-25 14:12:25.170000,lap,81,54,74.703,False,PIA,McLaren,F47600,HARD,0.0,
1000,2025-05-25 14:12:30.935000,lap,6,53,77.42,False,HAD,Racing Bulls,6C98FF,HARD,1.0,
1001,2025-05-25 14:12:32.482000,lap,31,53,79.133,False,OCO,Haas F1 Team,9C9FA2,HARD,0.0,
1002,2025-05-25 14:12:34.060000,lap,44,54,76.217,False,HAM,Ferrari,ED1131,HARD,1.0,
1003,2025-05-25 14:12:50.098000,lap,30,53,75.356,False,LAW,Racing Bulls,6C98FF,HARD,1.0,
1004,2025-05-25 14:13:13.647000,lap,55,53,91.446,False,SAI,Williams,1868DB,MEDIUM,8.0,
1005,2025-05-25 14:13:18.556000,lap,63,53,87.933,False,RUS,Mercedes,00D7B6,MEDIUM,53.0,
1006,2025-05-25 14:13:28.898000,lap,1,55,75.62,False,VER,Red Bull Racing,4781D7,MEDIUM,0.0,
1007,2025-05-25 14:13:32.069000,lap,4,55,74.993,False,NOR,McLaren,F47600,HARD,0.0,
1008,2025-05-25 14:13:32.256000,lap,23,53,79.403,False,ALB,Williams,1868DB,HARD,0.0,
1009,2025-05-25 14:13:34.808000,lap,16,55,74.497,False,LEC,Ferrari,ED1131,MEDIUM,0.0,
1010,2025-05-25 14:13:34.974000,lap,12,53,79.263,False,ANT,Mercedes,00D7B6,HARD,0.0,
1011,2025-05-25 14:13:35.474000,lap,22,53,79.395,False,TSU,Red Bull Racing,4781D7,HARD,0.0,
1012,2025-05-25 14:13:36.307000,lap,18,53,78.963,False,STR,Aston Martin,229971,HARD,1.0,
1013,2025-05-25 14:13:36.566000,lap,87,53,80.306,False,BEA,Haas F1 Team,9C9FA2,MEDIUM,0.0,
1014,2025-05-25 14:13:37.286000,lap,43,53,80.255,False,COL,Alpine,00A1E8,MEDIUM,0.0,
1015,2025-05-25 14:13:38.222000,lap,5,53,79.965,False,BOR,Kick Sauber,01C00E,MEDIUM,0.0,
1016,2025-05-25 14:13:38.878000,lap,27,53,79.628,False,HUL,Kick Sauber,01C00E,SOFT,0.0,
1017,2025-05-25 14:13:39.972000,lap,81,55,76.244,False,PIA,McLaren,F47600,HARD,0.0,
1018,2025-05-25 14:13:48.284000,lap,6,54,79.723,False,HAD,Racing Bulls,6C98FF,HARD,1.0,
1019,2025-05-25 14:13:50.253000,lap,44,55,76.657,False,HAM,Ferrari,ED1131,HARD,1.0,
1020,2025-05-25 14:13:51.503000,lap,31,54,77.744,False,OCO,Haas F1 Team,9C9FA2,HARD,0.0,
1021,2025-05-25 14:14:05.469000,lap,30,54,75.321,False,LAW,Racing Bulls,6C98FF,HARD,1.0,
1022,2025-05-25 14:14:44.506000,lap,1,56,75.33,False,VER,Red Bull Racing,4781D7,MEDIUM,0.0,
1023,2025-05-25 14:14:45.147000,lap,55,54,80.701,True,SAI,Williams,1868DB,MEDIUM,8.0,
1024,2025-05-25 14:14:45.756000,pit_stop,55,53,,,SAI,Williams,1868DB,,,24.0
1025,2025-05-25 14:14:46.631000,lap,63,54,80.782,True,RUS,Mercedes,00D7B6,MEDIUM,53.0,
1026,2025-05-25 14:14:46.944000,lap,4,56,74.821,False,NOR,McLaren,F47600,HARD,0.0,
1027,2025-05-25 14:14:47.147000,pit_stop,63,53,,,RUS,Mercedes,00D7B6,,,19.4
1028,2025-05-25 14:14:49.272000,lap,16,56,74.342,False,LEC,Ferrari,ED1131,MEDIUM,0.0,
1029,2025-05-25 14:14:51.460000,lap,23,54,77.389,False,ALB,Williams,1868DB,HARD,0.0,
1030,2025-05-25 14:14:54.241000,lap,12,54,79.603,False,ANT,Mercedes,00D7B6,HARD,0.0,
1031,2025-05-25 14:14:54.960000,lap,22,54,79.566,False,TSU,Red Bull Racing,4781D7,HARD,0.0,
1032,2025-05-25 14:14:55.303000,lap,18,54,79.793,False,STR,Aston Martin,229971,HARD,1.0,
1033,2025-05-25 14:14:56.178000,lap,81,56,75.113,False,PIA,McLaren,F47600,HARD,0.0,
1034,2025-05-25 14:14:56.835000,lap,87,54,78.82,False,BEA,Haas F1 Team,9C9FA2,MEDIUM,0.0,
1035,2025-05-25 14:14:57.647000,lap,43,54,78.71,False,COL,Alpine,00A1E8,MEDIUM,0.0,
1036,2025-05-25 14:14:58.194000,lap,5,54,78.704,False,BOR,Kick Sauber,01C00E,MEDIUM,0.0,
1037,2025-05-25 14:14:58.475000,lap,27,54,78.841,False,HUL,Kick Sauber,01C00E,SOFT,0.0,
1038,2025-05-25 14:15:07.069000,lap,44,56,93.566,False,HAM,Ferrari,ED1131,MEDIUM,0.0,
1039,2025-05-25 14:15:08.100000,lap,6,55,77.863,False,HAD,Racing Bulls,6C98FF,HARD,1.0,
1040,2025-05-25 14:15:09.350000,lap,31,55,78.492,False,OCO,Haas F1 Team,9C9FA2,HARD,0.0,
1041,2025-05-25 14:15:20.850000,lap,30,55,75.597,False,LAW,Racing Bulls,6C98FF,HARD,1.0,
1042,2025-05-25 14:15:59.847000,lap,1,57,75.418,False,VER,Red Bull Racing,4781D7,MEDIUM,0.0,
1043,2025-05-25 14:16:01.784000,lap,4,57,74.676,False,NOR,McLaren,F47600,HARD,0.0,
1044,2025-05-25 14:16:03.675000,lap,16,57,74.442,False,LEC,Ferrari,ED1131,MEDIUM,0.0,
1045,2025-05-25 14:16:05.925000,lap,55,55,75.399,False,SAI,Williams,1868DB,MEDIUM,8.0,
1046,2025-05-25 14:16:07.315000,lap,63,55,76.455,False,RUS,Mercedes,00D7B6,MEDIUM,53.0,
1047,2025-05-25 14:16:08.800000,lap,23,55,77.086,False,ALB,Williams,1868DB,HARD,0.0,
1048,2025-05-25 14:16:11.222000,lap,81,57,74.81,False,PIA,McLaren,F47600,HARD,0.0,
1049,2025-05-25 14:16:13.862000,lap,12,55,78.966,False,ANT,Mercedes,00D7B6,HARD,0.0,
1050,2025-05-25 14:16:14.472000,lap,22,55,78.811,False,TSU,Red Bull Racing,4781D7,HARD,0.0,
1051,2025-05-25 14:16:14.956000,lap,18,55,78.805,False,STR,Aston Martin,229971,HARD,1.0,
1052,2025-05-25 14:16:15.784000,lap,87,55,78.659,False,BEA,Haas F1 Team,9C9FA2,MEDIUM,0.0,
1053,2025-05-25 14:16:16.269000,lap,43,55,78.692,False,COL,Alpine,00A1E8,MEDIUM,0.0,
1054,2025-05-25 14:16:16.862000,lap,5,55,78.823,False,BOR,Kick Sauber,01C00E,MEDIUM,0.0,
1055,2025-05-25 14:16:17.347000,lap,27,55,79.155,False,HUL,Kick Sauber,01C00E,SOFT,0.0,
1056,2025-05-25 14:16:25.816000,lap,6,56,77.484,False,HAD,Racing Bulls,6C98FF,HARD,1.0,
1057,2025-05-25 14:16:27.784000,lap,31,56,77.541,False,OCO,Haas F1 Team,9C9FA2,HARD,0.0,
1058,2025-05-25 14:16:36.309000,lap,30,56,76.96,False,LAW,Racing Bulls,6C98FF,HARD,1.0,
1059,2025-05-25 14:16:40.513000,lap,44,57,81.468,True,HAM,Ferrari,ED1131,MEDIUM,0.0,
1060,2025-05-25 14:16:41.123000,pit_stop,44,56,,,HAM,Ferrari,ED1131,,,24.2
1061,2025-05-25 14:17:15.273000,lap,1,58,75.247,False,VER,Red Bull Racing,4781D7,MEDIUM,0.0,
1062,2025-05-25 14:17:16.429000,lap,4,58,75.159,False,NOR,McLaren,F47600,HARD,0.0,
1063,2025-05-25 14:17:18.052000,lap,16,58,74.566,False,LEC,Ferrari,ED1131,MEDIUM,0.0,
1064,2025-05-25 14:17:21.321000,lap,55,56,74.596,False,SAI,Williams,1868DB,MEDIUM,8.0,
1065,2025-05-25 14:17:23.787000,lap,63,56,78.479,False,RUS,Mercedes,00D7B6,MEDIUM,53.0,
1066,2025-05-25 14:17:25.980000,lap,23,56,79.159,False,ALB,Williams,1868DB,HARD,0.0,
1067,2025-05-25 14:17:26.153000,lap,81,58,74.83,False,PIA,McLaren,F47600,HARD,0.0,
1068,2025-05-25 14:17:32.852000,lap,12,56,78.296,False,ANT,Mercedes,00D7B6,HARD,0.0,
1069,2025-05-25 14:17:33.286000,lap,22,56,78.408,False,TSU,Red Bull Racing,4781D7,HARD,0.0,
1070,2025-05-25 14:17:33.778000,lap,18,56,78.365,False,STR,Aston Martin,229971,HARD,1.0,
1071,2025-05-25 14:17:34.351000,lap,87,56,78.306,False,BEA,Haas F1 Team,9C9FA2,MEDIUM,0.0,
1072,2025-05-25 14:17:34.942000,lap,43,56,78.489,False,COL,Alpine,00A1E8,MEDIUM,0.0,
1073,2025-05-25 14:17:35.758000,lap,5,56,78.451,False,BOR,Kick Sauber,01C00E,MEDIUM,0.0,
1074,2025-05-25 14:17:36.508000,lap,27,56,77.976,False,HUL,Kick Sauber,01C00E,SOFT,0.0,
1075,2025-05-25 14:17:43.258000,lap,6,57,77.268,False,HAD,Racing Bulls,6C98FF,HARD,1.0,
1076,2025-05-25 14:17:45.360000,lap,31,57,77.871,False,OCO,Haas F1 Team,9C9FA2,HARD,0.0,
1077,2025-05-25 14:17:53.389000,lap,30,57,76.583,False,LAW,Racing Bulls,6C98FF,HARD,1.0,
1078,2025-05-25 14:18:01.983000,lap,44,58,78.349,False,HAM,Ferrari,ED1131,MEDIUM,0.0,
1079,2025-05-25 14:18:30.483000,lap,1,59,75.35,False,VER,Red Bull Racing,4781D7,MEDIUM,0.0,
1080,2025-05-25 14:18:31.561000,lap,4,59,75.107,False,NOR,McLaren,F47600,HARD,0.0,
1081,2025-05-25 14:18:32.639000,lap,16,59,74.707,False,LEC,Ferrari,ED1131,MEDIUM,0.0,
1082,2025-05-25 14:18:35.905000,lap,55,57,75.024,False,SAI,Williams,1868DB,MEDIUM,8.0,
1083,2025-05-25 14:18:40.945000,lap,81,59,73.916,False,PIA,McLaren,F47600,HARD,0.0,
1084,2025-05-25 14:18:42.289000,lap,63,57,76.715,False,RUS,Mercedes,00D7B6,MEDIUM,53.0,
1085,2025-05-25 14:18:45.055000,lap,23,57,76.136,False,ALB,Williams,1868DB,HARD,0.0,
1086,2025-05-25 14:18:51.086000,lap,12,57,78.511,False,ANT,Mercedes,00D7B6,HARD,0.0,
1087,2025-05-25 14:18:51.617000,lap,22,57,78.497,False,TSU,Red Bull Racing,4781D7,HARD,0.0,
1088,2025-05-25 14:18:52.258000,lap,18,57,78.494,False,STR,Aston Martin,229971,HARD,1.0,
1089,2025-05-25 14:18:52.695000,lap,87,57,78.584,False,BEA,Haas F1 Team,9C9FA2,MEDIUM,0.0,
1090,2025-05-25 14:18:53.445000,lap,43,57,78.426,False,COL,Alpine,00A1E8,MEDIUM,0.0,
1091,2025-05-25 14:18:54.117000,lap,5,57,78.438,False,BOR,Kick Sauber,01C00E,MEDIUM,0.0,
1092,2025-05-25 14:18:54.477000,lap,27,57,78.661,False,HUL,Kick Sauber,01C00E,SOFT,0.0,
1093,2025-05-25 14:19:00.586000,lap,6,58,76.984,False,HAD,Racing Bulls,6C98FF,HARD,1.0,
1094,2025-05-25 14:19:03.227000,lap,31,58,77.184,False,OCO,Haas F1 Team,9C9FA2,HARD,0.0,
1095,2025-05-25 14:19:09.836000,lap,30,58,77.684,False,LAW,Racing Bulls,6C98FF,HARD,1.0,
1096,2025-05-25 14:19:20.334000,lap,44,59,76.686,False,HAM,Ferrari,ED1131,MEDIUM,0.0,
1097,2025-05-25 14:19:45.859000,lap,1,60,75.088,False,VER,Red Bull Racing,4781D7,MEDIUM,0.0,
1098,2025-05-25 14:19:46.776000,lap,4,60,75.584,False,NOR,McLaren,F47600,HARD,0.0,
1099,2025-05-25 14:19:47.301000,lap,16,60,75.441,False,LEC,Ferrari,ED1131,MEDIUM,0.0,
1100,2025-05-25 14:19:50.901000,lap,55,58,76.214,False,SAI,Williams,1868DB,MEDIUM,8.0,
1101,2025-05-25 14:19:54.836000,lap,81,60,73.745,False,PIA,McLaren,F47600,HARD,0.0,
1102,2025-05-25 14:19:58.924000,lap,63,58,76.037,False,RUS,Mercedes,00D7B6,MEDIUM,53.0,
1103,2025-05-25 14:20:01.202000,lap,23,58,75.795,False,ALB,Williams,1868DB,HARD,0.0,
1104,2025-05-25 14:20:09.578000,lap,12,58,78.393,False,ANT,Mercedes,00D7B6,HARD,0.0,
1105,2025-05-25 14:20:10.234000,lap,22,58,78.253,False,TSU,Red Bull Racing,4781D7,HARD,0.0,
1106,2025-05-25 14:20:10.624000,lap,18,58,78.116,False,STR,Aston Martin,229971,HARD,1.0,
1107,2025-05-25 14:20:11.328000,lap,87,58,78.038,False,BEA,Haas F1 Team,9C9FA2,MEDIUM,0.0,
1108,2025-05-25 14:20:11.828000,lap,43,58,78.249,False,COL,Alpine,00A1E8,MEDIUM,0.0,
1109,2025-05-25 14:20:12.640000,lap,5,58,78.118,False,BOR,Kick Sauber,01C00E,MEDIUM,0.0,
1110,2025-05-25 14:20:13.140000,lap,27,58,77.942,False,HUL,Kick Sauber,01C00E,SOFT,0.0,
1111,2025-05-25 14:20:17.578000,lap,6,59,77.717,False,HAD,Racing Bulls,6C98FF,HARD,1.0,
1112,2025-05-25 14:20:20.312000,lap,31,59,77.137,False,OCO,Haas F1 Team,9C9FA2,HARD,0.0,
1113,2025-05-25 14:20:27.500000,lap,30,59,76.772,False,LAW,Racing Bulls,6C98FF,HARD,1.0,
1114,2025-05-25 14:20:36.968000,lap,44,60,75.767,False,HAM,Ferrari,ED1131,MEDIUM,0.0,
1115,2025-05-25 14:21:00.859000,lap,1,61,75.064,False,VER,Red Bull Racing,4781D7,MEDIUM,0.0,
1116,2025-05-25 14:21:02.328000,lap,4,61,75.199,False,NOR,McLaren,F47600,HARD,0.0,
1117,2025-05-25 14:21:02.703000,lap,16,61,75.405,False,LEC,Ferrari,ED1131,MEDIUM,0.0,
1118,2025-05-25 14:21:07.250000,lap,55,59,77.954,False,SAI,Williams,1868DB,MEDIUM,8.0,
1119,2025-05-25 14:21:08.593000,lap,81,61,74.485,False,PIA,McLaren,F47600,HARD,0.0,
1120,2025-05-25 14:21:14.906000,lap,63,59,76.082,False,RUS,Mercedes,00D7B6,MEDIUM,53.0,
1121,2025-05-25 14:21:16.937000,lap,23,59,75.509,False,ALB,Williams,1868DB,HARD,0.0,
1122,2025-05-25 14:21:27.859000,lap,12,59,79.056,False,ANT,Mercedes,00D7B6,HARD,0.0,
1123,2025-05-25 14:21:28.484000,lap,22,59,79.028,False,TSU,Red Bull Racing,4781D7,HARD,0.0,
1124,2025-05-25 14:21:28.765000,lap,18,59,79.183,False,STR,Aston Martin,229971,HARD,1.0,
1125,2025-05-25 14:21:29.219000,lap,87,59,79.233,False,BEA,Haas F1 Team,9C9FA2,MEDIUM,0.0,
1126,2025-05-25 14:21:30.203000,lap,43,59,79.063,False,COL,Alpine,00A1E8,MEDIUM,0.0,
1127,2025-05-25 14:21:30.625000,lap,5,59,78.997,False,BOR,Kick Sauber,01C00E,MEDIUM,0.0,
1128,2025-05-25 14:21:31.015000,lap,27,59,79.287,False,HUL,Kick Sauber,01C00E,SOFT,0.0,
1129,2025-05-25 14:21:35.312000,lap,6,60,78.008,False,HAD,Racing Bulls,6C98FF,HARD,1.0,
1130,2025-05-25 14:21:37.547000,lap,31,60,77.606,False,OCO,Haas F1 Team,9C9FA2,HARD,0.0,
1131,2025-05-25 14:21:44.353000,lap,30,60,76.672,False,LAW,Racing Bulls,6C98FF,HARD,1.0,
1132,2025-05-25 14:21:52.743000,lap,44,61,75.431,False,HAM,Ferrari,ED1131,MEDIUM,0.0,
1133,2025-05-25 14:22:15.915000,lap,1,62,75.13,False,VER,Red Bull Racing,4781D7,MEDIUM,0.0,
1134,2025-05-25 14:22:17.493000,lap,4,62,75.514,False,NOR,McLaren,F47600,HARD,0.0,
1135,2025-05-25 14:22:18.103000,lap,16,62,75.646,False,LEC,Ferrari,ED1131,MEDIUM,0.0,
1136,2025-05-25 14:22:23.118000,lap,81,62,75.213,False,PIA,McLaren,F47600,HARD,0.0,
1137,2025-05-25 14:22:25.134000,lap,55,60,76.693,False,SAI,Williams,1868DB,MEDIUM,8.0,
1138,2025-05-25 14:22:31.025000,lap,63,60,76.207,False,RUS,Mercedes,00D7B6,MEDIUM,53.0,
1139,2025-05-25 14:22:32.509000,lap,23,60,75.726,False,ALB,Williams,1868DB,HARD,0.0,
1140,2025-05-25 14:22:47.306000,lap,12,60,78.697,False,ANT,Mercedes,00D7B6,HARD,0.0,
1141,2025-05-25 14:22:47.634000,lap,22,60,78.81,False,TSU,Red Bull Racing,4781D7,HARD,0.0,
1142,2025-05-25 14:22:48.072000,lap,18,60,78.58,False,STR,Aston Martin,229971,HARD,1.0,
1143,2025-05-25 14:22:48.587000,lap,87,60,78.669,False,BEA,Haas F1 Team,9C9FA2,MEDIUM,0.0,
1144,2025-05-25 14:22:49.228000,lap,43,60,78.687,False,COL,Alpine,00A1E8,MEDIUM,0.0,
1145,2025-05-25 14:22:49.728000,lap,5,60,78.808,False,BOR,Kick Sauber,01C00E,MEDIUM,0.0,
1146,2025-05-25 14:22:50.453000,lap,27,60,78.508,False,HUL,Kick Sauber,01C00E,SOFT,0.0,
1147,2025-05-25 14:22:53.366000,lap,6,61,78.069,False,HAD,Racing Bulls,6C98FF,HARD,1.0,
1148,2025-05-25 14:22:55.194000,lap,31,61,77.644,False,OCO,Haas F1 Team,9C9FA2,HARD,0.0,
1149,2025-05-25 14:23:01.069000,lap,30,61,76.173,False,LAW,Racing Bulls,6C98FF,HARD,1.0,
1150,2025-05-25 14:23:08.147000,lap,44,62,74.916,False,HAM,Ferrari,ED1131,MEDIUM,0.0,
1151,2025-05-25 14:23:31.132000,lap,1,63,75.088,False,VER,Red Bull Racing,4781D7,MEDIUM,0.0,
1152,2025-05-25 14:23:33.069000,lap,4,63,75.301,False,NOR,McLaren,F47600,HARD,0.0,
1153,2025-05-25 14:23:33.757000,lap,16,63,75.365,False,LEC,Ferrari,ED1131,MEDIUM,0.0,
1154,2025-05-25 14:23:38.257000,lap,81,63,74.381,False,PIA,McLaren,F47600,HARD,0.0,
1155,2025-05-25 14:23:41.788000,lap,55,61,76.622,False,SAI,Williams,1868DB,MEDIUM,8.0,
1156,2025-05-25 14:23:47.460000,lap,63,61,75.998,False,RUS,Mercedes,00D7B6,MEDIUM,53.0,
1157,2025-05-25 14:23:48.288000,lap,23,61,76.046,False,ALB,Williams,1868DB,HARD,0.0,
1158,2025-05-25 14:24:05.760000,lap,12,61,78.59,False,ANT,Mercedes,00D7B6,HARD,0.0,
1159,2025-05-25 14:24:06.402000,lap,22,61,78.547,False,TSU,Red Bull Racing,4781D7,HARD,0.0,
1160,2025-05-25 14:24:06.503000,lap,18,61,78.751,False,STR,Aston Martin,229971,HARD,1.0,
1161,2025-05-25 14:24:07.273000,lap,87,61,78.715,False,BEA,Haas F1 Team,9C9FA2,MEDIUM,0.0,
1162,2025-05-25 14:24:07.927000,lap,43,61,78.878,False,COL,Alpine,00A1E8,MEDIUM,0.0,
1163,2025-05-25 14:24:08.540000,lap,5,61,78.797,False,BOR,Kick Sauber,01C00E,MEDIUM,0.0,
1164,2025-05-25 14:24:08.802000,lap,27,61,79.041,False,HUL,Kick Sauber,01C00E,SOFT,0.0,
1165,2025-05-25 14:24:11.446000,lap,6,62,77.876,False,HAD,Racing Bulls,6C98FF,HARD,1.0,
1166,2025-05-25 14:24:12.807000,lap,31,62,77.67,False,OCO,Haas F1 Team,9C9FA2,HARD,0.0,
1167,2025-05-25 14:24:17.244000,lap,30,62,76.864,False,LAW,Racing Bulls,6C98FF,HARD,1.0,
1168,2025-05-25 14:24:23.089000,lap,44,63,74.193,False,HAM,Ferrari,ED1131,MEDIUM,0.0,
1169,2025-05-25 14:24:46.193000,lap,1,64,75.24,False,VER,Red Bull Racing,4781D7,MEDIUM,0.0,
1170,2025-05-25 14:24:48.308000,lap,4,64,75.313,False,NOR,McLaren,F47600,HARD,0.0,
1171,2025-05-25 14:24:49.140000,lap,16,64,75.269,False,LEC,Ferrari,ED1131,MEDIUM,0.0,
1172,2025-05-25 14:24:52.684000,lap,81,64,75.204,False,PIA,McLaren,F47600,HARD,0.0,
1173,2025-05-25 14:24:58.455000,lap,55,62,76.99,False,SAI,Williams,1868DB,MEDIUM,8.0,
1174,2025-05-25 14:25:03.318000,lap,63,62,94.078,False,RUS,Mercedes,00D7B6,MEDIUM,53.0,
1175,2025-05-25 14:25:04.434000,lap,23,62,76.37,False,ALB,Williams,1868DB,HARD,0.0,
1176,2025-05-25 14:25:24.339000,lap,12,62,78.448,False,ANT,Mercedes,00D7B6,HARD,0.0,
1177,2025-05-25 14:25:24.861000,lap,22,62,78.43,False,TSU,Red Bull Racing,4781D7,HARD,0.0,
1178,2025-05-25 14:25:25.381000,lap,18,62,78.282,False,STR,Aston Martin,229971,HARD,1.0,
1179,2025-05-25 14:25:25.919000,lap,87,62,78.364,False,BEA,Haas F1 Team,9C9FA2,MEDIUM,0.0,
1180,2025-05-25 14:25:26.785000,lap,43,62,78.214,False,COL,Alpine,00A1E8,MEDIUM,0.0,
1181,2025-05-25 14:25:27.393000,lap,5,62,78.266,False,BOR,Kick Sauber,01C00E,MEDIUM,0.0,
1182,2025-05-25 14:25:27.889000,lap,27,62,81.565,False,HUL,Kick Sauber,01C00E,SOFT,0.0,
1183,2025-05-25 14:25:29.322000,lap,6,63,78.071,False,HAD,Racing Bulls,6C98FF,HARD,1.0,
1184,2025-05-25 14:25:30.384000,lap,31,63,78.295,False,OCO,Haas F1 Team,9C9FA2,HARD,0.0,
1185,2025-05-25 14:25:33.947000,lap,30,63,77.611,False,LAW,Racing Bulls,6C98FF,HARD,1.0,
1186,2025-05-25 14:25:37.275000,lap,44,64,76.306,False,HAM,Ferrari,ED1131,MEDIUM,0.0,
1187,2025-05-25 14:26:01.442000,lap,1,65,75.122,False,VER,Red Bull Racing,4781D7,MEDIUM,0.0,
1188,2025-05-25 14:26:03.654000,lap,4,65,75.478,False,NOR,McLaren,F47600,HARD,0.0,
1189,2025-05-25 14:26:04.442000,lap,16,65,75.395,False,LEC,Ferrari,ED1131,MEDIUM,0.0,
1190,2025-05-25 14:26:07.927000,lap,81,65,74.661,False,PIA,McLaren,F47600,HARD,0.0,
1191,2025-05-25 14:26:15.316000,lap,55,63,77.864,False,SAI,Williams,1868DB,MEDIUM,8.0,
1192,2025-05-25 14:26:20.617000,lap,23,63,75.082,False,ALB,Williams,1868DB,HARD,0.0,
1193,2025-05-25 14:26:37.448000,lap,63,63,77.761,True,RUS,Mercedes,00D7B6,MEDIUM,53.0,
1194,2025-05-25 14:26:38.027000,pit_stop,63,62,,,RUS,Mercedes,00D7B6,,,25.0
1195,2025-05-25 14:26:42.792000,lap,12,63,78.884,False,ANT,Mercedes,00D7B6,HARD,0.0,
1196,2025-05-25 14:26:43.230000,lap,22,63,78.923,False,TSU,Red Bull Racing,4781D7,HARD,0.0,
1197,2025-05-25 14:26:43.652000,lap,18,63,78.974,False,STR,Aston Martin,229971,HARD,1.0,
1198,2025-05-25 14:26:44.277000,lap,87,63,78.836,False,BEA,Haas F1 Team,9C9FA2,MEDIUM,0.0,
1199,2025-05-25 14:26:44.964000,lap,43,63,78.877,False,COL,Alpine,00A1E8,MEDIUM,0.0,
1200,2025-05-25 14:26:45.542000,lap,5,63,78.906,False,BOR,Kick Sauber,01C00E,MEDIUM,0.0,
1201,2025-05-25 14:26:47.308000,lap,6,64,78.299,False,HAD,Racing Bulls,6C98FF,HARD,1.0,
1202,2025-05-25 14:26:48.745000,lap,31,64,77.903,False,OCO,Haas F1 Team,9C9FA2,HARD,0.0,
1203,2025-05-25 14:26:49.370000,lap,27,63,79.206,False,HUL,Kick Sauber,01C00E,SOFT,0.0,
1204,2025-05-25 14:26:51.640000,lap,30,64,77.155,False,LAW,Racing Bulls,6C98FF,HARD,1.0,
1205,2025-05-25 14:26:53.689000,lap,44,65,76.238,False,HAM,Ferrari,ED1131,MEDIUM,0.0,
1206,2025-05-25 14:27:16.614000,lap,1,66,75.214,False,VER,Red Bull Racing,4781D7,MEDIUM,0.0,
1207,2025-05-25 14:27:19.161000,lap,4,66,74.968,False,NOR,McLaren,F47600,HARD,0.0,
1208,2025-05-25 14:27:19.801000,lap,16,66,74.915,False,LEC,Ferrari,ED1131,MEDIUM,0.0,
1209,2025-05-25 14:27:22.458000,lap,81,66,75.106,False,PIA,McLaren,F47600,HARD,0.0,
1210,2025-05-25 14:27:33.239000,lap,55,64,80.206,False,SAI,Williams,1868DB,MEDIUM,8.0,
1211,2025-05-25 14:27:35.786000,lap,23,64,76.228,False,ALB,Williams,1868DB,HARD,0.0,
1212,2025-05-25 14:27:55.170000,lap,63,64,73.864,False,RUS,Mercedes,00D7B6,MEDIUM,53.0,
1213,2025-05-25 14:28:01.638000,lap,12,64,78.457,False,ANT,Mercedes,00D7B6,HARD,0.0,
1214,2025-05-25 14:28:02.201000,lap,22,64,78.512,False,TSU,Red Bull Racing,4781D7,HARD,0.0,
1215,2025-05-25 14:28:02.560000,lap,18,64,97.177,False,STR,Aston Martin,229971,MEDIUM,1.0,
1216,2025-05-25 14:28:03.138000,lap,87,64,78.404,False,BEA,Haas F1 Team,9C9FA2,MEDIUM,0.0,
1217,2025-05-25 14:28:03.920000,lap,43,64,78.379,False,COL,Alpine,00A1E8,MEDIUM,0.0,
1218,2025-05-25 14:28:04.529000,lap,5,64,82.158,False,BOR,Kick Sauber,01C00E,MEDIUM,0.0,
1219,2025-05-25 14:28:05.685000,lap,6,65,78.125,False,HAD,Racing Bulls,6C98FF,HARD,1.0,
1220,2025-05-25 14:28:06.654000,lap,31,65,78.271,False,OCO,Haas F1 Team,9C9FA2,HARD,0.0,
1221,2025-05-25 14:28:08.560000,lap,27,64,80.147,False,HUL,Kick Sauber,01C00E,SOFT,0.0,
1222,2025-05-25 14:28:08.826000,lap,30,65,79.159,False,LAW,Racing Bulls,6C98FF,HARD,1.0,
1223,2025-05-25 14:28:09.842000,lap,44,66,76.659,False,HAM,Ferrari,ED1131,MEDIUM,0.0,
1224,2025-05-25 14:28:31.704000,lap,1,67,75.551,False,VER,Red Bull Racing,4781D7,MEDIUM,0.0,
1225,2025-05-25 14:28:34.139000,lap,4,67,75.007,False,NOR,McLaren,F47600,HARD,0.0,
1226,2025-05-25 14:28:34.855000,lap,16,67,74.925,False,LEC,Ferrari,ED1131,MEDIUM,0.0,
1227,2025-05-25 14:28:37.761000,lap,81,67,75.014,False,PIA,McLaren,F47600,HARD,0.0,
1228,2025-05-25 14:28:51.912000,lap,23,65,75.156,False,ALB,Williams,1868DB,HARD,0.0,
1229,2025-05-25 14:28:53.458000,lap,55,65,76.154,False,SAI,Williams,1868DB,MEDIUM,8.0,
1230,2025-05-25 14:29:09.040000,lap,63,65,74.28,False,RUS,Mercedes,00D7B6,MEDIUM,53.0,
1231,2025-05-25 14:29:20.062000,lap,12,65,77.696,False,ANT,Mercedes,00D7B6,HARD,0.0,
1232,2025-05-25 14:29:20.734000,lap,22,65,77.611,False,TSU,Red Bull Racing,4781D7,HARD,0.0,
1233,2025-05-25 14:29:21.484000,lap,87,65,77.177,False,BEA,Haas F1 Team,9C9FA2,MEDIUM,0.0,
1234,2025-05-25 14:29:22.281000,lap,43,65,77.338,False,COL,Alpine,00A1E8,MEDIUM,0.0,
1235,2025-05-25 14:29:23.750000,lap,6,66,77.52,False,HAD,Racing Bulls,6C98FF,HARD,1.0,
1236,2025-05-25 14:29:24.937000,lap,31,66,78.81,False,OCO,Haas F1 Team,9C9FA2,HARD,0.0,
1237,2025-05-25 14:29:26.484000,lap,44,67,76.016,False,HAM,Ferrari,ED1131,MEDIUM,0.0,
1238,2025-05-25 14:29:26.734000,lap,5,65,78.96,False,BOR,Kick Sauber,01C00E,MEDIUM,0.0,
1239,2025-05-25 14:29:27.906000,lap,30,66,76.955,False,LAW,Racing Bulls,6C98FF,HARD,1.0,
1240,2025-05-25 14:29:28.703000,lap,27,65,77.571,False,HUL,Kick Sauber,01C00E,SOFT,0.0,
1241,2025-05-25 14:29:39.765000,lap,18,65,77.944,True,STR,Aston Martin,229971,MEDIUM,1.0,
1242,2025-05-25 14:29:40.406000,pit_stop,18,64,,,STR,Aston Martin,229971,,,25.9
1243,2025-05-25 14:29:47.523000,lap,1,68,76.273,False,VER,Red Bull Racing,4781D7,MEDIUM,0.0,
1244,2025-05-25 14:29:49.289000,lap,4,68,75.615,False,NOR,McLaren,F47600,HARD,0.0,
1245,2025-05-25 14:29:49.648000,lap,16,68,75.636,False,LEC,Ferrari,ED1131,MEDIUM,0.0,
1246,2025-05-25 14:29:52.657000,lap,81,68,75.26,False,PIA,McLaren,F47600,HARD,0.0,
1247,2025-05-25 14:30:07.153000,lap,23,66,74.87,False,ALB,Williams,1868DB,HARD,0.0,
1248,2025-05-25 14:30:09.731000,lap,55,66,74.264,False,SAI,Williams,1868DB,MEDIUM,8.0,
1249,2025-05-25 14:30:23.293000,lap,63,66,73.918,False,RUS,Mercedes,00D7B6,MEDIUM,53.0,
1250,2025-05-25 14:30:37.703000,lap,12,66,77.398,False,ANT,Mercedes,00D7B6,HARD,0.0,
1251,2025-05-25 14:30:38.359000,lap,22,66,77.61,False,TSU,Red Bull Racing,4781D7,HARD,0.0,
1252,2025-05-25 14:30:38.749000,lap,87,66,77.748,False,BEA,Haas F1 Team,9C9FA2,MEDIUM,0.0,
1253,2025-05-25 14:30:39.546000,lap,43,66,77.517,False,COL,Alpine,00A1E8,MEDIUM,0.0,
1254,2025-05-25 14:30:41.343000,lap,6,67,79.017,False,HAD,Racing Bulls,6C98FF,HARD,1.0,
1255,2025-05-25 14:30:42.531000,lap,44,68,75.861,False,HAM,Ferrari,ED1131,MEDIUM,0.0,
1256,2025-05-25 14:30:43.718000,lap,31,67,77.401,False,OCO,Haas F1 Team,9C9FA2,HARD,0.0,
1257,2025-05-25 14:30:45.041000,lap,30,67,77.409,False,LAW,Racing Bulls,6C98FF,HARD,1.0,
1258,2025-05-25 14:30:45.525000,lap,5,66,77.324,False,BOR,Kick Sauber,01C00E,MEDIUM,0.0,
1259,2025-05-25 14:30:46.322000,lap,27,66,76.934,False,HUL,Kick Sauber,01C00E,SOFT,0.0,
1260,2025-05-25 14:30:57.767000,lap,18,66,74.886,False,STR,Aston Martin,229971,MEDIUM,1.0,
1261,2025-05-25 14:31:03.631000,lap,1,69,76.063,False,VER,Red Bull Racing,4781D7,MEDIUM,0.0,
1262,2025-05-25 14:31:04.725000,lap,4,69,75.984,False,NOR,McLaren,F47600,HARD,0.0,
1263,2025-05-25 14:31:05.318000,lap,16,69,76.104,False,LEC,Ferrari,ED1131,MEDIUM,0.0,
1264,2025-05-25 14:31:07.990000,lap,81,69,75.638,False,PIA,McLaren,F47600,HARD,0.0,
1265,2025-05-25 14:31:22.162000,lap,23,67,74.928,False,ALB,Williams,1868DB,HARD,0.0,
1266,2025-05-25 14:31:23.850000,lap,55,67,77.001,False,SAI,Williams,1868DB,MEDIUM,8.0,
1267,2025-05-25 14:31:37.240000,lap,63,67,73.483,False,RUS,Mercedes,00D7B6,MEDIUM,53.0,
1268,2025-05-25 14:31:55.123000,lap,12,67,75.551,False,ANT,Mercedes,00D7B6,HARD,0.0,
1269,2025-05-25 14:31:55.905000,lap,22,67,75.969,False,TSU,Red Bull Racing,4781D7,HARD,0.0,
1270,2025-05-25 14:31:56.620000,lap,87,67,76.362,False,BEA,Haas F1 Team,9C9FA2,MEDIUM,0.0,
1271,2025-05-25 14:31:57.172000,lap,43,67,78.018,False,COL,Alpine,00A1E8,MEDIUM,0.0,
1272,2025-05-25 14:31:58.405000,lap,44,69,75.585,False,HAM,Ferrari,ED1131,MEDIUM,0.0,
1273,2025-05-25 14:32:00.324000,lap,6,68,77.28,False,HAD,Racing Bulls,6C98FF,HARD,1.0,
1274,2025-05-25 14:32:01.182000,lap,31,68,77.467,False,OCO,Haas F1 Team,9C9FA2,HARD,0.0,
1275,2025-05-25 14:32:02.343000,lap,30,68,77.363,False,LAW,Racing Bulls,6C98FF,HARD,1.0,
1276,2025-05-25 14:32:03.042000,lap,5,67,77.412,False,BOR,Kick Sauber,01C00E,MEDIUM,0.0,
1277,2025-05-25 14:32:03.363000,lap,27,67,77.445,False,HUL,Kick Sauber,01C00E,SOFT,0.0,
1278,2025-05-25 14:32:12.625000,lap,18,67,74.877,False,STR,Aston Martin,229971,MEDIUM,1.0,
1279,2025-05-25 14:32:19.687000,lap,1,70,75.812,False,VER,Red Bull Racing,4781D7,MEDIUM,0.0,
1280,2025-05-25 14:32:20.718000,lap,4,70,76.238,False,NOR,McLaren,F47600,HARD,0.0,
1281,2025-05-25 14:32:21.343000,lap,16,70,76.05,False,LEC,Ferrari,ED1131,MEDIUM,0.0,
1282,2025-05-25 14:32:23.640000,lap,81,70,75.899,False,PIA,McLaren,F47600,HARD,0.0,
1283,2025-05-25 14:32:37.015000,lap,23,68,74.885,False,ALB,Williams,1868DB,HARD,0.0,
1284,2025-05-25 14:32:40.859000,lap,55,68,73.988,False,SAI,Williams,1868DB,MEDIUM,8.0,
1285,2025-05-25 14:32:50.672000,lap,63,68,91.077,False,RUS,Mercedes,00D7B6,HARD,0.0,
1286,2025-05-25 14:33:10.776000,lap,12,68,75.019,False,ANT,Mercedes,00D7B6,HARD,0.0,
1287,2025-05-25 14:33:11.922000,lap,22,68,75.966,False,TSU,Red Bull Racing,4781D7,HARD,0.0,
1288,2025-05-25 14:33:12.841000,lap,87,68,77.602,False,BEA,Haas F1 Team,9C9FA2,MEDIUM,0.0,
1289,2025-05-25 14:33:13.958000,lap,44,70,75.257,False,HAM,Ferrari,ED1131,MEDIUM,0.0,
1290,2025-05-25 14:33:15.055000,lap,43,68,77.1,False,COL,Alpine,00A1E8,MEDIUM,0.0,
1291,2025-05-25 14:33:17.539000,lap,6,69,76.917,False,HAD,Racing Bulls,6C98FF,HARD,1.0,
1292,2025-05-25 14:33:18.601000,lap,31,69,76.985,False,OCO,Haas F1 Team,9C9FA2,HARD,0.0,
1293,2025-05-25 14:33:19.726000,lap,30,69,77.136,False,LAW,Racing Bulls,6C98FF,HARD,1.0,
1294,2025-05-25 14:33:20.430000,lap,5,68,77.248,False,BOR,Kick Sauber,01C00E,MEDIUM,0.0,
1295,2025-05-25 14:33:20.804000,lap,27,68,77.717,False,HUL,Kick Sauber,01C00E,SOFT,0.0,
1296,2025-05-25 14:33:27.476000,lap,18,68,75.326,False,STR,Aston Martin,229971,MEDIUM,1.0,
1297,2025-05-25 14:33:35.508000,lap,1,71,76.058,False,VER,Red Bull Racing,4781D7,MEDIUM,0.0,
1298,2025-05-25 14:33:37.023000,lap,4,71,76.362,False,NOR,McLaren,F47600,HARD,0.0,
1299,2025-05-25 14:33:37.461000,lap,16,71,76.31,False,LEC,Ferrari,ED1131,MEDIUM,0.0,
1300,2025-05-25 14:33:39.492000,lap,81,71,75.595,False,PIA,McLaren,F47600,HARD,0.0,
1301,2025-05-25 14:33:51.883000,lap,23,69,76.79,False,ALB,Williams,1868DB,HARD,0.0,
1302,2025-05-25 14:33:54.914000,lap,55,69,76.776,False,SAI,Williams,1868DB,MEDIUM,8.0,
1303,2025-05-25 14:34:21.789000,lap,63,69,78.119,True,RUS,Mercedes,00D7B6,HARD,0.0,
1304,2025-05-25 14:34:22.421000,pit_stop,63,68,,,RUS,Mercedes,00D7B6,,,24.0
1305,2025-05-25 14:34:25.864000,lap,12,69,94.121,False,ANT,Mercedes,00D7B6,MEDIUM,0.0,
1306,2025-05-25 14:34:27.880000,lap,22,69,78.332,False,TSU,Red Bull Racing,4781D7,HARD,0.0,
1307,2025-05-25 14:34:29.207000,lap,44,71,75.088,False,HAM,Ferrari,ED1131,MEDIUM,0.0,
1308,2025-05-25 14:34:30.433000,lap,87,69,76.187,False,BEA,Haas F1 Team,9C9FA2,MEDIUM,0.0,
1309,2025-05-25 14:34:32.346000,lap,43,69,76.703,False,COL,Alpine,00A1E8,MEDIUM,0.0,
1310,2025-05-25 14:34:34.549000,lap,6,70,77.002,False,HAD,Racing Bulls,6C98FF,HARD,1.0,
1311,2025-05-25 14:34:35.581000,lap,31,70,77.069,False,OCO,Haas F1 Team,9C9FA2,HARD,0.0,
1312,2025-05-25 14:34:36.877000,lap,30,70,76.905,False,LAW,Racing Bulls,6C98FF,HARD,1.0,
1313,2025-05-25 14:34:37.643000,lap,5,69,76.985,False,BOR,Kick Sauber,01C00E,MEDIUM,0.0,
1314,2025-05-25 14:34:38.471000,lap,27,69,76.974,False,HUL,Kick Sauber,01C00E,SOFT,0.0,
1315,2025-05-25 14:34:42.862000,lap,18,69,75.247,False,STR,Aston Martin,229971,MEDIUM,1.0,
1316,2025-05-25 14:34:51.534000,lap,1,72,76.072,False,VER,Red Bull Racing,4781D7,MEDIUM,0.0,
1317,2025-05-25 14:34:53.284000,lap,4,72,76.38,False,NOR,McLaren,F47600,HARD,0.0,
1318,2025-05-25 14:34:53.784000,lap,16,72,76.479,False,LEC,Ferrari,ED1131,MEDIUM,0.0,
1319,2025-05-25 14:34:55.018000,lap,81,72,76.141,False,PIA,McLaren,F47600,HARD,0.0,
1320,2025-05-25 14:35:08.606000,lap,23,70,76.01,False,ALB,Williams,1868DB,HARD,0.0,
1321,2025-05-25 14:35:11.676000,lap,55,70,74.36,False,SAI,Williams,1868DB,MEDIUM,8.0,
1322,2025-05-25 14:35:39.909000,lap,63,70,74.303,False,RUS,Mercedes,00D7B6,HARD,0.0,
1323,2025-05-25 14:35:44.297000,lap,44,72,74.273,False,HAM,Ferrari,ED1131,MEDIUM,0.0,
1324,2025-05-25 14:35:46.141000,lap,22,70,76.046,False,TSU,Red Bull Racing,4781D7,HARD,0.0,
1325,2025-05-25 14:35:46.584000,lap,87,70,76.663,False,BEA,Haas F1 Team,9C9FA2,MEDIUM,0.0,
1326,2025-05-25 14:35:48.777000,lap,43,70,76.707,False,COL,Alpine,00A1E8,MEDIUM,0.0,
1327,2025-05-25 14:35:51.517000,lap,6,71,76.798,False,HAD,Racing Bulls,6C98FF,HARD,1.0,
1328,2025-05-25 14:35:52.622000,lap,31,71,76.828,False,OCO,Haas F1 Team,9C9FA2,HARD,0.0,
1329,2025-05-25 14:35:53.793000,lap,30,71,77.053,False,LAW,Racing Bulls,6C98FF,HARD,1.0,
1330,2025-05-25 14:35:54.489000,lap,5,70,77.096,False,BOR,Kick Sauber,01C00E,MEDIUM,0.0,
1331,2025-05-25 14:35:55.352000,lap,27,70,76.741,False,HUL,Kick Sauber,01C00E,SOFT,0.0,
1332,2025-05-25 14:35:57.942000,lap,18,70,76.215,False,STR,Aston Martin,229971,MEDIUM,1.0,
1333,2025-05-25 14:35:59.894000,lap,12,70,79.503,True,ANT,Mercedes,00D7B6,MEDIUM,0.0,
1334,2025-05-25 14:36:00.507000,pit_stop,12,69,,,ANT,Mercedes,00D7B6,,,24.4
1335,2025-05-25 14:36:07.596000,lap,1,73,76.221,False,VER,Red Bull Racing,4781D7,MEDIUM,0.0,
1336,2025-05-25 14:36:09.736000,lap,4,73,76.355,False,NOR,McLaren,F47600,HARD,0.0,
1337,2025-05-25 14:36:10.221000,lap,16,73,76.349,False,LEC,Ferrari,ED1131,MEDIUM,0.0,
1338,2025-05-25 14:36:11.174000,lap,81,73,76.214,False,PIA,McLaren,F47600,HARD,0.0,
1339,2025-05-25 14:36:24.627000,lap,23,71,75.751,False,ALB,Williams,1868DB,HARD,0.0,
1340,2025-05-25 14:36:26.002000,lap,55,71,76.42,False,SAI,Williams,1868DB,MEDIUM,8.0,
1341,2025-05-25 14:36:54.264000,lap,63,71,74.053,False,RUS,Mercedes,00D7B6,HARD,0.0,
1342,2025-05-25 14:36:58.702000,lap,44,73,74.09,False,HAM,Ferrari,ED1131,MEDIUM,0.0,
1343,2025-05-25 14:37:02.280000,lap,22,71,75.607,False,TSU,Red Bull Racing,4781D7,HARD,0.0,
1344,2025-05-25 14:37:03.296000,lap,87,71,75.748,False,BEA,Haas F1 Team,9C9FA2,MEDIUM,0.0,
1345,2025-05-25 14:37:05.671000,lap,43,71,76.256,False,COL,Alpine,00A1E8,MEDIUM,0.0,
1346,2025-05-25 14:37:08.265000,lap,6,72,76.92,False,HAD,Racing Bulls,6C98FF,HARD,1.0,
1347,2025-05-25 14:37:09.508000,lap,31,72,76.768,False,OCO,Haas F1 Team,9C9FA2,HARD,0.0,
1348,2025-05-25 14:37:10.805000,lap,30,72,76.392,False,LAW,Racing Bulls,6C98FF,HARD,1.0,
1349,2025-05-25 14:37:11.633000,lap,5,71,76.484,False,BOR,Kick Sauber,01C00E,MEDIUM,0.0,
1350,2025-05-25 14:37:12.211000,lap,27,71,76.602,False,HUL,Kick Sauber,01C00E,SOFT,0.0,
1351,2025-05-25 14:37:14.289000,lap,18,71,76.555,False,STR,Aston Martin,229971,MEDIUM,1.0,
1352,2025-05-25 14:37:19.383000,lap,12,71,91.512,False,ANT,Mercedes,00D7B6,HARD,0.0,
1353,2025-05-25 14:37:23.805000,lap,1,74,76.349,False,VER,Red Bull Racing,4781D7,MEDIUM,0.0,
1354,2025-05-25 14:37:26.118000,lap,4,74,76.287,False,NOR,McLaren,F47600,HARD,0.0,
1355,2025-05-25 14:37:26.649000,lap,16,74,76.248,False,LEC,Ferrari,ED1131,MEDIUM,0.0,
1356,2025-05-25 14:37:27.430000,lap,81,74,76.193,False,PIA,McLaren,F47600,HARD,0.0,
1357,2025-05-25 14:37:40.430000,lap,23,72,75.87,False,ALB,Williams,1868DB,HARD,0.0,
1358,2025-05-25 14:37:42.430000,lap,55,72,75.794,False,SAI,Williams,1868DB,MEDIUM,8.0,
1359,2025-05-25 14:38:08.223000,lap,63,72,73.865,False,RUS,Mercedes,00D7B6,HARD,0.0,
1360,2025-05-25 14:38:12.817000,lap,44,74,75.388,False,HAM,Ferrari,ED1131,MEDIUM,0.0,
1361,2025-05-25 14:38:17.926000,lap,22,72,75.32,False,TSU,Red Bull Racing,4781D7,HARD,0.0,
1362,2025-05-25 14:38:19.036000,lap,87,72,75.427,False,BEA,Haas F1 Team,9C9FA2,MEDIUM,0.0,
1363,2025-05-25 14:38:21.942000,lap,43,72,76.135,False,COL,Alpine,00A1E8,MEDIUM,0.0,
1364,2025-05-25 14:38:25.333000,lap,6,73,76.724,False,HAD,Racing Bulls,6C98FF,HARD,1.0,
1365,2025-05-25 14:38:26.233000,lap,31,73,76.652,False,OCO,Haas F1 Team,9C9FA2,HARD,0.0,
1366,2025-05-25 14:38:27.291000,lap,30,73,76.597,False,LAW,Racing Bulls,6C98FF,HARD,1.0,
1367,2025-05-25 14:38:28.123000,lap,5,72,76.624,False,BOR,Kick Sauber,01C00E,MEDIUM,0.0,
1368,2025-05-25 14:38:28.808000,lap,27,72,76.682,False,HUL,Kick Sauber,01C00E,SOFT,0.0,
1369,2025-05-25 14:38:30.860000,lap,18,72,76.161,False,STR,Aston Martin,229971,MEDIUM,1.0,
1370,2025-05-25 14:38:40.267000,lap,1,75,76.344,False,VER,Red Bull Racing,4781D7,MEDIUM,0.0,
1371,2025-05-25 14:38:42.392000,lap,4,75,76.405,False,NOR,McLaren,F47600,HARD,0.0,
1372,2025-05-25 14:38:42.799000,lap,16,75,76.343,False,LEC,Ferrari,ED1131,MEDIUM,0.0,
1373,2025-05-25 14:38:43.502000,lap,81,75,76.139,False,PIA,McLaren,F47600,HARD,0.0,
1374,2025-05-25 14:38:51.033000,lap,12,72,79.009,True,ANT,Mercedes,00D7B6,HARD,0.0,
1375,2025-05-25 14:38:51.517000,pit_stop,12,71,,,ANT,Mercedes,00D7B6,,,24.8
1376,2025-05-25 14:38:56.299000,lap,23,73,75.15,False,ALB,Williams,1868DB,HARD,0.0,
1377,2025-05-25 14:38:58.236000,lap,55,73,76.53,False,SAI,Williams,1868DB,MEDIUM,8.0,
1378,2025-05-25 14:39:22.158000,lap,63,73,73.596,False,RUS,Mercedes,00D7B6,HARD,0.0,
1379,2025-05-25 14:39:28.096000,lap,44,75,76.317,False,HAM,Ferrari,ED1131,MEDIUM,0.0,
1380,2025-05-25 14:39:33.158000,lap,22,73,91.926,False,TSU,Red Bull Racing,4781D7,MEDIUM,0.0,
1381,2025-05-25 14:39:34.471000,lap,87,73,75.355,False,BEA,Haas F1 Team,9C9FA2,MEDIUM,0.0,
1382,2025-05-25 14:39:38.111000,lap,43,73,75.669,False,COL,Alpine,00A1E8,MEDIUM,0.0,
1383,2025-05-25 14:39:41.987000,lap,6,74,76.627,False,HAD,Racing Bulls,6C98FF,HARD,1.0,
1384,2025-05-25 14:39:42.908000,lap,31,74,76.58,False,OCO,Haas F1 Team,9C9FA2,HARD,0.0,
1385,2025-05-25 14:39:43.815000,lap,30,74,77.066,False,LAW,Racing Bulls,6C98FF,HARD,1.0,
1386,2025-05-25 14:39:44.815000,lap,5,73,76.774,False,BOR,Kick Sauber,01C00E,MEDIUM,0.0,
1387,2025-05-25 14:39:45.440000,lap,27,73,76.717,False,HUL,Kick Sauber,01C00E,SOFT,0.0,
1388,2025-05-25 14:39:46.924000,lap,18,73,75.952,False,STR,Aston Martin,229971,MEDIUM,1.0,
1389,2025-05-25 14:39:56.487000,lap,1,76,76.468,False,VER,Red Bull Racing,4781D7,MEDIUM,0.0,
1390,2025-05-25 14:39:58.705000,lap,4,76,75.836,False,NOR,McLaren,F47600,HARD,0.0,
1391,2025-05-25 14:39:59.252000,lap,16,76,75.963,False,LEC,Ferrari,ED1131,MEDIUM,0.0,
1392,2025-05-25 14:39:59.705000,lap,81,76,75.909,False,PIA,McLaren,F47600,HARD,0.0,
1393,2025-05-25 14:40:09.940000,lap,12,73,73.651,False,ANT,Mercedes,00D7B6,HARD,0.0,
1394,2025-05-25 14:40:11.434000,lap,23,74,74.597,False,ALB,Williams,1868DB,HARD,0.0,
1395,2025-05-25 14:40:14.678000,lap,55,74,74.295,False,SAI,Williams,1868DB,MEDIUM,8.0,
1396,2025-05-25 14:40:35.678000,lap,63,74,73.405,False,RUS,Mercedes,00D7B6,HARD,0.0,
1397,2025-05-25 14:40:44.436000,lap,44,76,76.537,False,HAM,Ferrari,ED1131,MEDIUM,0.0,
1398,2025-05-25 14:40:49.775000,lap,87,74,75.365,False,BEA,Haas F1 Team,9C9FA2,MEDIUM,0.0,
1399,2025-05-25 14:40:53.708000,lap,43,74,75.564,False,COL,Alpine,00A1E8,MEDIUM,0.0,
1400,2025-05-25 14:40:58.563000,lap,6,75,76.575,False,HAD,Racing Bulls,6C98FF,HARD,1.0,
1401,2025-05-25 14:40:59.516000,lap,31,75,76.714,False,OCO,Haas F1 Team,9C9FA2,HARD,0.0,
1402,2025-05-25 14:41:00.797000,lap,30,75,76.757,False,LAW,Racing Bulls,6C98FF,HARD,1.0,
1403,2025-05-25 14:41:01.495000,lap,5,74,76.831,False,BOR,Kick Sauber,01C00E,MEDIUM,0.0,
1404,2025-05-25 14:41:02.360000,lap,27,74,77.411,False,HUL,Kick Sauber,01C00E,SOFT,0.0,
1405,2025-05-25 14:41:02.874000,lap,18,74,77.061,False,STR,Aston Martin,229971,MEDIUM,1.0,
1406,2025-05-25 14:41:05.214000,lap,22,74,79.467,True,TSU,Red Bull Racing,4781D7,MEDIUM,0.0,
1407,2025-05-25 14:41:05.568000,pit_stop,22,73,,,TSU,Red Bull Racing,4781D7,,,24.0
1408,2025-05-25 14:41:12.995000,lap,1,77,93.332,False,VER,Red Bull Racing,4781D7,SOFT,3.0,
1409,2025-05-25 14:41:14.578000,lap,4,77,75.717,False,NOR,McLaren,F47600,HARD,0.0,
1410,2025-05-25 14:41:15.208000,lap,16,77,76.11,False,LEC,Ferrari,ED1131,MEDIUM,0.0,
1411,2025-05-25 14:41:15.708000,lap,81,77,76.523,False,PIA,McLaren,F47600,HARD,0.0,
1412,2025-05-25 14:41:23.644000,lap,12,74,73.518,False,ANT,Mercedes,00D7B6,HARD,0.0,
1413,2025-05-25 14:41:26.019000,lap,23,75,74.6,False,ALB,Williams,1868DB,HARD,0.0,
1414,2025-05-25 14:41:29.050000,lap,55,75,74.539,False,SAI,Williams,1868DB,MEDIUM,8.0,
1415,2025-05-25 14:41:49.050000,lap,63,75,73.773,False,RUS,Mercedes,00D7B6,HARD,0.0,
1416,2025-05-25 14:42:00.910000,lap,44,77,76.522,False,HAM,Ferrari,ED1131,MEDIUM,0.0,
1417,2025-05-25 14:42:05.097000,lap,87,75,75.799,False,BEA,Haas F1 Team,9C9FA2,MEDIUM,0.0,
1418,2025-05-25 14:42:09.207000,lap,43,75,75.92,False,COL,Alpine,00A1E8,MEDIUM,0.0,
1419,2025-05-25 14:42:15.144000,lap,6,76,76.633,False,HAD,Racing Bulls,6C98FF,HARD,1.0,
1420,2025-05-25 14:42:16.191000,lap,31,76,76.604,False,OCO,Haas F1 Team,9C9FA2,HARD,0.0,
1421,2025-05-25 14:42:17.691000,lap,30,76,76.028,False,LAW,Racing Bulls,6C98FF,HARD,1.0,
1422,2025-05-25 14:42:18.363000,lap,5,75,76.681,False,BOR,Kick Sauber,01C00E,MEDIUM,0.0,
1423,2025-05-25 14:42:19.535000,lap,27,75,76.504,False,HUL,Kick Sauber,01C00E,SOFT,0.0,
1424,2025-05-25 14:42:19.926000,lap,18,75,76.313,False,STR,Aston Martin,229971,MEDIUM,1.0,
1425,2025-05-25 14:42:24.504000,lap,22,75,74.913,False,TSU,Red Bull Racing,4781D7,MEDIUM,0.0,
1426,2025-05-25 14:42:30.347000,lap,4,78,73.221,False,NOR,McLaren,F47600,HARD,0.0,
1427,2025-05-25 14:42:31.441000,lap,16,78,75.369,False,LEC,Ferrari,ED1131,MEDIUM,0.0,
1428,2025-05-25 14:42:32.176000,lap,81,78,75.02,False,PIA,McLaren,F47600,HARD,0.0,
1429,2025-05-25 14:42:37.066000,lap,12,75,74.834,False,ANT,Mercedes,00D7B6,HARD,0.0,
1430,2025-05-25 14:42:40.597000,lap,23,76,74.776,False,ALB,Williams,1868DB,HARD,0.0,
1431,2025-05-25 14:42:43.504000,lap,55,76,75.182,False,SAI,Williams,1868DB,MEDIUM,8.0,
1432,2025-05-25 14:42:46.391000,lap,1,78,77.77,True,VER,Red Bull Racing,4781D7,SOFT,3.0,
1433,2025-05-25 14:42:46.979000,pit_stop,1,77,,,VER,Red Bull Racing,4781D7,,,23.9
1434,2025-05-25 14:43:02.909000,lap,63,76,74.49,False,RUS,Mercedes,00D7B6,HARD,0.0,
1435,2025-05-25 14:43:17.488000,lap,44,78,77.439,False,HAM,Ferrari,ED1131,MEDIUM,0.0,
1436,2025-05-25 14:43:20.956000,lap,87,76,77.224,False,BEA,Haas F1 Team,9C9FA2,MEDIUM,0.0,
1437,2025-05-25 14:43:25.222000,lap,43,76,75.435,False,COL,Alpine,00A1E8,MEDIUM,0.0,
1438,2025-05-25 14:43:31.753000,lap,6,77,76.798,False,HAD,Racing Bulls,6C98FF,HARD,1.0,
1439,2025-05-25 14:43:32.738000,lap,31,77,76.747,False,OCO,Haas F1 Team,9C9FA2,HARD,0.0,
1440,2025-05-25 14:43:33.659000,lap,30,77,76.63,False,LAW,Racing Bulls,6C98FF,HARD,1.0,
1441,2025-05-25 14:43:35.066000,lap,5,76,76.867,False,BOR,Kick Sauber,01C00E,MEDIUM,0.0,
1442,2025-05-25 14:43:36.081000,lap,27,76,78.954,False,HUL,Kick Sauber,01C00E,SOFT,0.0,
1443,2025-05-25 14:43:36.394000,lap,18,76,77.596,False,STR,Aston Martin,229971,MEDIUM,1.0,
1444,2025-05-25 14:43:39.441000,lap,22,76,75.886,False,TSU,Red Bull Racing,4781D7,MEDIUM,0.0,
1445,,lap,4,1,,False,NOR,McLaren,F47600,MEDIUM,0.0,
1446,,lap,16,1,,False,LEC,Ferrari,ED1131,MEDIUM,0.0,
1447,,lap,81,1,,False,PIA,McLaren,F47600,MEDIUM,0.0,
1448,,lap,1,1,,False,VER,Red Bull Racing,4781D7,HARD,0.0,
1449,,lap,6,1,,False,HAD,Racing Bulls,6C98FF,MEDIUM,0.0,
1450,,lap,44,1,,False,HAM,Ferrari,ED1131,HARD,0.0,
1451,,lap,14,1,,False,ALO,Aston Martin,229971,HARD,1.0,
1452,,lap,31,1,,False,OCO,Haas F1 Team,9C9FA2,MEDIUM,0.0,
1453,,lap,30,1,,False,LAW,Racing Bulls,6C98FF,MEDIUM,6.0,
1454,,lap,23,1,,False,ALB,Williams,1868DB,MEDIUM,4.0,
1455,,lap,55,1,,False,SAI,Williams,1868DB,HARD,0.0,
1456,,lap,22,1,,False,TSU,Red Bull Racing,4781D7,HARD,0.0,
1457,,lap,27,1,,False,HUL,Kick Sauber,01C00E,MEDIUM,0.0,
1458,,lap,63,1,,False,RUS,Mercedes,00D7B6,HARD,0.0,
1459,,lap,12,1,,False,ANT,Mercedes,00D7B6,HARD,0.0,
1460,,lap,5,1,,False,BOR,Kick Sauber,01C00E,HARD,0.0,
1461,,lap,10,1,,False,GAS,Alpine,00A1E8,MEDIUM,0.0,
1462,,lap,43,1,,False,COL,Alpine,00A1E8,HARD,0.0,
1463,,lap,18,1,,False,STR,Aston Martin,229971,HARD,1.0,
1464,,lap,87,1,,False,BEA,Haas F1 Team,9C9FA2,HARD,0.0,
