timestamp,event_type,driver_number,lap_number,lap_duration,is_pit_out_lap,delta_vs_best_lap,message,flag,category,scope,sector,pit_duration,event_id,driver_name,team_name,team_colour,speed,throttle,brake,rpm,n_gear,drs,gap_to_leader,gap_to_car_ahead,air_temperature,track_temperature,humidity,pressure,rainfall,wind_speed,wind_direction,position,compound,tyre_age_at_start,track_status
2025-05-25 12:20:01.000000,green_flag,nan,1,,,,GREEN LIGHT - PIT EXIT OPEN,GREEN,Flag,Track,,,0,,,,,,,,,,,,21.5,42.7,55.0,1017.0,0,1.0,333,,,,green
2025-05-25 12:30:01.000000,race_control,nan,1,,,,PIT EXIT CLOSED,,Other,,,,1,,,,,,,,,,,,21.8,43.9,54.0,1016.9,0,1.5,305,,,,green
2025-05-25 12:31:26.000000,yellow_flag,nan,1,,,,DOUBLE YELLOW IN TRACK SECTOR 7,DOUBLE YELLOW,Flag,Sector,7.0,,2,,,,,,,,,,,,21.8,43.9,55.0,1017.0,0,0.8,325,,,,yellow
2025-05-25 12:31:36.000000,race_control,nan,1,,,,CLEAR IN TRACK SECTOR 7,CLEAR,Flag,Sector,7.0,,3,,,,,,,,,,,,21.8,43.9,55.0,1017.0,0,0.8,325,,,,yellow
2025-05-25 12:37:42.000000,race_control,nan,1,,,,INCIDENT INVOLVING CAR 87 (BEA) NOTED - UNSAFE CONDITION,,Other,,,,4,,,,,,,,,,,,21.8,43.7,54.0,1017.0,0,1.1,252,,,,yellow
2025-05-25 12:39:28.000000,race_control,nan,1,,,,FIA STEWARDS: INCIDENT INVOLVING CAR 87 (BEA) WILL BE INVESTIGATED AFTER THE RACE - UNSAFE CONDITION,,Other,,,,5,,,,,,,,,,,,21.5,43.4,56.0,1017.0,0,1.0,0,,,,yellow
2025-05-25 12:45:08.000000,rain_end,nan,1,,,,RISK OF RAIN FOR F1 RACE IS 0%,,Other,,,,6,,,,,,,,,,,,21.7,42.2,53.0,1017.1,0,0.9,338,,,,yellow
2025-05-25 12:57:02.000000,race_control,nan,1,,,,DRS DISABLED,,Drs,,,,7,,,,,,,,,,,,21.9,43.5,52.0,1016.9,0,1.0,355,,,,yellow
2025-05-25 13:03:09.000000,green_flag,nan,1,,,,GREEN LIGHT - PIT EXIT OPEN,GREEN,Flag,Track,,,8,,,,,,,,,,,,22.0,45.2,51.0,1016.8,0,0.8,345,,,,green
2025-05-25 13:04:01.000000,yellow_flag,nan,1,,,,YELLOW IN TRACK SECTOR 10,YELLOW,Flag,Sector,10.0,,9,,,,,,,,,,,,22.0,43.9,51.0,1016.9,0,1.2,44,,,,yellow
2025-05-25 13:04:18.000000,race_control,nan,1,,,,CLEAR IN TRACK SECTOR 10,CLEAR,Flag,Sector,10.0,,10,,,,,,,,,,,,22.0,43.9,51.0,1016.9,0,1.2,44,,,,yellow
2025-05-25 13:04:32.926000,lap,4,2,104.634,False,31.412999999999997,,,,,,,11,NOR,McLaren,F47600,,,,,,,0.0,0.0,22.0,43.9,51.0,1016.9,0,1.2,44,,MEDIUM,0.0,yellow
2025-05-25 13:04:34.127000,lap,16,2,104.769,False,30.714,,,,,,,12,LEC,Ferrari,ED1131,262.0,100.0,0.0,10492.0,7.0,1.0,1.141,1.141,22.0,43.9,51.0,1016.9,0,1.2,44,,MEDIUM,0.0,yellow
2025-05-25 13:04:35.809000,lap,81,2,106.466,False,32.72099999999999,,,,,,,13,PIA,McLaren,F47600,,,,,,,2.801,1.66,22.0,43.9,51.0,1016.9,0,1.2,44,,MEDIUM,0.0,yellow
2025-05-25 13:04:36.598000,lap,1,2,106.318,False,32.087999999999994,,,,,,,14,VER,Red Bull Racing,4781D7,,,,,,,3.68,0.879,22.0,43.9,51.0,1016.9,0,1.2,44,,HARD,0.0,yellow
2025-05-25 13:04:37.162000,lap,6,2,106.692,False,30.711,,,,,,,15,HAD,Racing Bulls,6C98FF,,,,,,,4.227,0.547,22.0,43.9,51.0,1016.9,0,1.2,44,,MEDIUM,0.0,yellow
2025-05-25 13:04:37.927000,lap,14,2,107.072,False,31.479,,,,,,,16,ALO,Aston Martin,229971,,,,,,,4.992,0.765,22.0,43.9,51.0,1016.9,0,1.2,44,,HARD,1.0,yellow
2025-05-25 13:04:38.958000,lap,44,2,111.437,False,37.346999999999994,,,,,,,17,HAM,Ferrari,ED1131,262.0,69.0,0.0,10338.0,7.0,1.0,6.066,1.074,22.0,43.9,51.0,1016.9,0,1.2,44,,HARD,0.0,yellow
2025-05-25 13:04:39.558000,lap,31,2,111.527,False,36.370000000000005,,,,,,,18,OCO,Haas F1 Team,9C9FA2,,,,,,,6.586,0.52,22.0,43.9,51.0,1016.9,0,1.2,44,,MEDIUM,0.0,yellow
2025-05-25 13:04:40.218000,lap,30,2,112.308,False,36.98700000000001,,,,,,,19,LAW,Racing Bulls,6C98FF,,,,,,,7.183,0.597,22.0,43.9,51.0,1016.9,0,1.2,44,,MEDIUM,6.0,yellow
2025-05-25 13:04:41.152000,lap,23,2,112.152,False,37.55500000000001,,,,,,,20,ALB,Williams,1868DB,,,,,,,8.139,0.956,22.0,43.9,51.0,1016.9,0,1.2,44,,MEDIUM,4.0,yellow
2025-05-25 13:04:42.068000,lap,55,2,111.609,False,37.620999999999995,,,,,,,21,SAI,Williams,1868DB,,,,,,,9.073,0.934,22.0,43.9,51.0,1016.9,0,1.2,44,,HARD,0.0,yellow
2025-05-25 13:04:42.391000,lap,27,2,112.404,False,37.181,,,,,,,22,HUL,Kick Sauber,01C00E,,,,,,,9.448,0.375,22.0,43.9,51.0,1016.9,0,1.2,44,,MEDIUM,0.0,yellow
2025-05-25 13:04:43.000000,vsc,nan,2,,,,VIRTUAL SAFETY CAR DEPLOYED,,SafetyCar,,,,23,,,,,,,,,,,,22.0,43.9,51.0,1016.9,0,1.2,44,,,,vsc
2025-05-25 13:04:43.657000,lap,63,2,111.593,False,38.188,,,,,,,24,RUS,Mercedes,00D7B6,,,,,,,10.737,1.289,22.0,43.9,51.0,1016.9,0,1.2,44,13.0,HARD,0.0,vsc
2025-05-25 13:04:44.341000,lap,12,2,111.408,False,37.89,,,,,,,25,ANT,Mercedes,00D7B6,,,,,,,11.381,0.644,22.0,43.9,51.0,1016.9,0,1.2,44,14.0,HARD,0.0,vsc
2025-05-25 13:04:46.257000,lap,43,2,110.894,False,35.596000000000004,,,,,,,26,COL,Alpine,00A1E8,,,,,,,13.237,1.856,22.0,43.9,51.0,1016.9,0,1.2,44,15.0,HARD,0.0,vsc
2025-05-25 13:04:47.558000,lap,18,2,109.806,False,34.929,,,,,,,27,STR,Aston Martin,229971,,,,,,,14.678,1.441,22.0,43.9,51.0,1016.9,0,1.2,44,16.0,HARD,1.0,vsc
2025-05-25 13:04:57.000000,yellow_flag,nan,2,,,,DOUBLE YELLOW IN TRACK SECTOR 10,DOUBLE YELLOW,Flag,Sector,10.0,,28,,,,,,,,,,,,21.9,42.7,53.0,1016.9,0,0.9,331,,,,yellow
2025-05-25 13:05:00.141000,lap,22,2,108.876,True,33.96300000000001,,,,,,,29,TSU,Red Bull Racing,4781D7,,,,,,,29.581,8.157,21.9,42.7,53.0,1016.9,0,0.9,331,,HARD,0.0,yellow
2025-05-25 13:05:00.705000,pit_in,22,1,,,,,,,,,24.5,30,TSU,Red Bull Racing,4781D7,,,,,,,29.581,8.157,21.9,42.7,53.0,1016.9,0,0.9,331,,HARD,0.0,yellow
2025-05-25 13:05:01.826000,lap,10,2,108.974,True,30.92,,,,,,,31,GAS,Alpine,00A1E8,,,,,,,30.997,1.416,21.9,42.7,53.0,1016.9,0,0.9,331,,MEDIUM,0.0,yellow
2025-05-25 13:05:02.475000,pit_in,10,1,,,,,,,,,24.3,32,GAS,Alpine,00A1E8,,,,,,,30.997,1.416,21.9,42.7,53.0,1016.9,0,0.9,331,,MEDIUM,0.0,yellow
2025-05-25 13:05:25.205000,pit_out,22,1,,,,,,,,,24.5,33,TSU,Red Bull Racing,4781D7,,,,,,,35.061,8.258,21.9,42.7,53.0,1016.9,0,0.9,331,,HARD,0.0,yellow
2025-05-25 13:05:26.775000,pit_out,10,1,,,,,,,,,24.3,34,GAS,Alpine,00A1E8,,,,,,,36.552,1.491,21.9,42.7,53.0,1016.9,0,0.9,331,,MEDIUM,0.0,yellow
2025-05-25 13:05:29.445000,lap,87,2,110.654,True,35.79899999999999,,,,,,,35,BEA,Haas F1 Team,9C9FA2,,,,,,,60.134,29.137,21.9,42.7,53.0,1016.9,0,0.9,331,,HARD,0.0,yellow
2025-05-25 13:05:30.195000,pit_in,87,1,,,,,,,,,50.1,36,BEA,Haas F1 Team,9C9FA2,,,,,,,60.134,29.137,21.9,42.7,53.0,1016.9,0,0.9,331,,HARD,0.0,yellow
2025-05-25 13:05:35.179000,lap,5,2,109.746,True,34.861999999999995,,,,,,,37,BOR,Kick Sauber,01C00E,,,,,,,65.187,5.053,21.9,42.7,53.0,1016.9,0,0.9,331,,HARD,0.0,yellow
2025-05-25 13:05:35.820000,pit_in,5,1,,,,,,,,,37.2,38,BOR,Kick Sauber,01C00E,,,,,,,65.187,5.053,21.9,42.7,53.0,1016.9,0,0.9,331,,HARD,0.0,yellow
2025-05-25 13:06:13.020000,pit_out,5,1,,,,,,,,,37.2,39,BOR,Kick Sauber,01C00E,,,,,,,60.323,4.57,21.7,42.7,53.0,1016.9,0,0.9,205,,HARD,0.0,yellow
2025-05-25 13:06:17.670000,lap,4,3,109.015,False,35.794,,,,,,,40,NOR,McLaren,F47600,,,,,,,0.0,0.0,21.7,42.7,53.0,1016.9,0,0.9,205,,MEDIUM,0.0,yellow
2025-05-25 13:06:18.920000,lap,16,3,108.805,False,34.75,,,,,,,41,LEC,Ferrari,ED1131,131.0,0.0,100.0,8315.0,4.0,1.0,1.276,1.276,21.7,42.7,53.0,1016.9,0,0.9,205,,MEDIUM,0.0,yellow
2025-05-25 13:06:20.295000,pit_out,87,1,,,,,,,,,50.1,42,BEA,Haas F1 Team,9C9FA2,,,,,,,55.988,29.032,21.7,42.7,53.0,1016.9,0,0.9,205,,HARD,0.0,yellow
2025-05-25 13:06:22.280000,lap,81,3,108.176,False,34.431,,,,,,,43,PIA,McLaren,F47600,,,,,,,4.633,3.357,21.7,42.7,53.0,1016.9,0,0.9,205,,MEDIUM,0.0,yellow
2025-05-25 13:06:22.951000,lap,1,3,108.815,False,34.584999999999994,,,,,,,44,VER,Red Bull Racing,4781D7,,,,,,,5.364,0.731,21.7,42.7,53.0,1016.9,0,0.9,205,,HARD,0.0,yellow
2025-05-25 13:06:23.858000,lap,6,3,109.414,False,33.43300000000001,,,,,,,45,HAD,Racing Bulls,6C98FF,,,,,,,6.285,0.921,21.7,42.7,53.0,1016.9,0,0.9,205,,MEDIUM,0.0,yellow
2025-05-25 13:06:25.092000,lap,14,3,109.211,False,33.617999999999995,,,,,,,46,ALO,Aston Martin,229971,,,,,,,7.43,1.145,21.7,42.7,53.0,1016.9,0,0.9,205,,HARD,1.0,yellow
2025-05-25 13:06:30.452000,lap,44,3,109.212,False,35.122,,,,,,,47,HAM,Ferrari,ED1131,179.0,58.0,0.0,9425.0,5.0,1.0,12.869,5.439,21.7,42.7,53.0,1016.9,0,0.9,205,,HARD,0.0,yellow
2025-05-25 13:06:31.030000,lap,31,3,109.187,False,34.03,,,,,,,48,OCO,Haas F1 Team,9C9FA2,,,,,,,13.479,0.61,21.7,42.7,53.0,1016.9,0,0.9,205,,MEDIUM,0.0,yellow
2025-05-25 13:06:32.514000,lap,30,3,108.504,False,33.18300000000001,,,,,,,49,LAW,Racing Bulls,6C98FF,,,,,,,14.857,1.378,21.7,42.7,53.0,1016.9,0,0.9,205,,MEDIUM,6.0,yellow
2025-05-25 13:06:33.295000,lap,23,3,108.346,False,33.74900000000001,,,,,,,50,ALB,Williams,1868DB,,,,,,,15.657,0.8,21.7,42.7,53.0,1016.9,0,0.9,205,,MEDIUM,4.0,yellow
2025-05-25 13:06:33.592000,lap,55,3,108.386,False,34.397999999999996,,,,,,,51,SAI,Williams,1868DB,,,,,,,16.048,0.391,21.7,42.7,53.0,1016.9,0,0.9,205,,HARD,0.0,yellow
2025-05-25 13:06:34.764000,lap,27,3,108.106,False,32.882999999999996,,,,,,,52,HUL,Kick Sauber,01C00E,,,,,,,17.218,1.17,21.7,42.7,53.0,1016.9,0,0.9,205,,MEDIUM,0.0,yellow
2025-05-25 13:06:35.280000,lap,63,3,108.563,False,35.158,,,,,,,53,RUS,Mercedes,00D7B6,,,,,,,17.696,0.478,21.7,42.7,53.0,1016.9,0,0.9,205,,HARD,0.0,yellow
2025-05-25 13:06:35.811000,lap,12,3,108.871,False,35.352999999999994,,,,,,,54,ANT,Mercedes,00D7B6,,,,,,,18.155,0.459,21.7,42.7,53.0,1016.9,0,0.9,205,,HARD,0.0,yellow
2025-05-25 13:06:37.139000,lap,43,3,108.913,False,33.614999999999995,,,,,,,55,COL,Alpine,00A1E8,,,,,,,19.497,1.342,21.7,42.7,53.0,1016.9,0,0.9,205,,HARD,0.0,yellow
2025-05-25 13:06:37.514000,lap,18,3,109.353,False,34.476,,,,,,,56,STR,Aston Martin,229971,,,,,,,19.85,0.353,21.7,42.7,53.0,1016.9,0,0.9,205,,HARD,1.0,yellow
2025-05-25 13:06:49.061000,lap,22,3,108.545,False,33.632000000000005,,,,,,,57,TSU,Red Bull Racing,4781D7,,,,,,,31.378,11.528,21.7,42.7,53.0,1016.9,0,0.9,205,,HARD,0.0,yellow
2025-05-25 13:06:50.905000,lap,10,3,108.723,False,30.668999999999997,,,,,,,58,GAS,Alpine,00A1E8,,,,,,,33.223,1.845,21.8,43.2,52.0,1016.9,0,1.6,346,,MEDIUM,0.0,yellow
2025-05-25 13:07:20.187000,lap,87,3,110.334,False,35.479,,,,,,,59,BEA,Haas F1 Team,9C9FA2,,,,,,,62.612,29.389,21.8,43.2,52.0,1016.9,0,1.6,346,,HARD,0.0,yellow
2025-05-25 13:07:24.984000,lap,5,3,109.362,False,34.477999999999994,,,,,,,60,BOR,Kick Sauber,01C00E,,,,,,,67.336,4.724,21.8,43.2,52.0,1016.9,0,1.6,346,,HARD,0.0,yellow
2025-05-25 13:08:06.578000,lap,4,4,101.564,False,28.34299999999999,,,,,,,61,NOR,McLaren,F47600,,,,,,,0.0,0.0,21.9,43.2,51.0,1016.9,0,1.0,0,,MEDIUM,0.0,yellow
2025-05-25 13:08:07.718000,lap,16,4,101.248,False,27.192999999999998,,,,,,,62,LEC,Ferrari,ED1131,165.0,0.0,100.0,10025.0,4.0,1.0,1.066,1.066,21.9,43.2,51.0,1016.9,0,1.0,0,,MEDIUM,0.0,yellow
2025-05-25 13:08:10.390000,lap,81,4,100.676,False,26.930999999999997,,,,,,,63,PIA,McLaren,F47600,,,,,,,3.794,2.728,21.9,43.2,51.0,1016.9,0,1.0,0,,MEDIUM,0.0,yellow
2025-05-25 13:08:11.828000,lap,1,4,100.29,False,26.060000000000002,,,,,,,64,VER,Red Bull Racing,4781D7,,,,,,,5.164,1.37,21.9,43.2,51.0,1016.9,0,1.0,0,,HARD,0.0,yellow
2025-05-25 13:08:13.343000,lap,6,4,99.64,False,23.659000000000006,,,,,,,65,HAD,Racing Bulls,6C98FF,,,,,,,6.684,1.52,21.9,43.2,51.0,1016.9,0,1.0,0,,MEDIUM,0.0,yellow
2025-05-25 13:08:14.203000,lap,14,4,99.675,False,24.081999999999994,,,,,,,66,ALO,Aston Martin,229971,,,,,,,7.626,0.942,21.9,43.2,51.0,1016.9,0,1.0,0,,HARD,1.0,yellow
2025-05-25 13:08:19.671000,lap,44,4,94.73,False,20.64,,,,,,,67,HAM,Ferrari,ED1131,179.0,64.0,100.0,9339.0,5.0,1.0,13.066,5.44,21.9,43.2,51.0,1016.9,0,1.0,0,,HARD,0.0,yellow
2025-05-25 13:08:20.281000,lap,31,4,95.23,False,20.073000000000008,,,,,,,68,OCO,Haas F1 Team,9C9FA2,,,,,,,13.651,0.585,21.9,43.2,51.0,1016.9,0,1.0,0,,MEDIUM,0.0,yellow
2025-05-25 13:08:21.031000,lap,30,4,95.354,False,20.033,,,,,,,69,LAW,Racing Bulls,6C98FF,,,,,,,14.346,0.695,21.9,43.2,51.0,1016.9,0,1.0,0,,MEDIUM,6.0,yellow
2025-05-25 13:08:21.625000,lap,23,4,96.006,False,21.409000000000006,,,,,,,70,ALB,Williams,1868DB,,,,,,,14.988,0.642,21.9,43.2,51.0,1016.9,0,1.0,0,,MEDIUM,4.0,yellow
2025-05-25 13:08:22.062000,lap,55,4,96.808,False,22.820000000000007,,,,,,,71,SAI,Williams,1868DB,,,,,,,15.419,0.431,21.9,43.2,51.0,1016.9,0,1.0,0,,HARD,0.0,yellow
2025-05-25 13:08:22.906000,lap,27,4,96.696,False,21.473,,,,,,,72,HUL,Kick Sauber,01C00E,,,,,,,16.309,0.89,21.9,43.2,51.0,1016.9,0,1.0,0,,MEDIUM,0.0,yellow
2025-05-25 13:08:23.921000,lap,63,4,96.667,False,23.262,,,,,,,73,RUS,Mercedes,00D7B6,,,,,,,17.244,0.935,21.9,43.2,51.0,1016.9,0,1.0,0,,HARD,0.0,yellow
2025-05-25 13:08:24.562000,lap,12,4,96.575,False,23.057000000000002,,,,,,,74,ANT,Mercedes,00D7B6,,,,,,,18.011,0.767,21.9,43.2,51.0,1016.9,0,1.0,0,,HARD,0.0,yellow
2025-05-25 13:08:26.078000,lap,43,4,96.476,False,21.177999999999997,,,,,,,75,COL,Alpine,00A1E8,,,,,,,19.395,1.384,21.9,43.2,51.0,1016.9,0,1.0,0,,HARD,0.0,yellow
2025-05-25 13:08:26.797000,lap,18,4,96.353,False,21.476,,,,,,,76,STR,Aston Martin,229971,,,,,,,20.188,0.793,21.9,43.2,51.0,1016.9,0,1.0,0,,HARD,1.0,yellow
2025-05-25 13:08:37.500000,lap,22,4,93.097,False,18.183999999999997,,,,,,,77,TSU,Red Bull Racing,4781D7,,,,,,,30.908,10.72,21.9,43.2,51.0,1016.9,0,1.0,0,,HARD,0.0,yellow
2025-05-25 13:08:39.562000,lap,10,4,91.509,False,13.454999999999998,,,,,,,78,GAS,Alpine,00A1E8,,,,,,,32.931,2.023,21.9,43.2,51.0,1016.9,0,1.0,0,,MEDIUM,0.0,yellow
2025-05-25 13:09:07.000000,race_control,nan,4,,,,CLEAR IN TRACK SECTOR 10,CLEAR,Flag,Sector,10.0,,79,,,,,,,,,,,,22.0,42.7,53.0,1016.9,0,0.8,190,,,,yellow
2025-05-25 13:09:10.659000,lap,87,4,82.127,False,7.271999999999991,,,,,,,80,BEA,Haas F1 Team,9C9FA2,,,,,,,63.931,31.0,22.0,42.7,53.0,1016.9,0,0.8,190,,HARD,0.0,yellow
2025-05-25 13:09:14.359000,lap,5,4,83.609,False,8.724999999999994,,,,,,,81,BOR,Kick Sauber,01C00E,,,,,,,67.68299999999999,3.752,22.0,42.7,53.0,1016.9,0,0.8,190,,HARD,0.0,yellow
2025-05-25 13:09:15.000000,vsc_end,nan,4,,,,VIRTUAL SAFETY CAR ENDING,,SafetyCar,,,,82,,,,,,,,,,,,22.0,42.7,53.0,1016.9,0,0.8,190,,,,green
2025-05-25 13:09:28.000000,race_control,nan,4,,,,TRACK CLEAR,CLEAR,Flag,Track,,,83,,,,,,,,,,,,22.0,42.7,53.0,1016.9,0,0.8,190,,,,green
2025-05-25 13:09:31.000000,race_control,nan,4,,,,DRS ENABLED,,Drs,,,,84,,,,,,,,,,,,22.0,42.7,53.0,1016.9,0,0.8,190,,,,green
2025-05-25 13:09:48.215000,lap,4,5,78.05,False,4.8289999999999935,,,,,,,85,NOR,McLaren,F47600,,,,,,,0.0,0.0,22.0,42.7,53.0,1016.9,0,0.8,190,,MEDIUM,0.0,green
2025-05-25 13:09:48.934000,lap,16,5,78.801,False,4.745999999999995,,,,,,,86,LEC,Ferrari,ED1131,271.0,100.0,0.0,10964.0,7.0,12.0,0.75,0.75,22.0,42.7,53.0,1016.9,0,0.8,190,,MEDIUM,0.0,green
2025-05-25 13:09:51.090000,lap,81,5,80.048,False,6.302999999999997,,,,,,,87,PIA,McLaren,F47600,,,,,,,2.906,2.156,22.0,41.3,55.0,1016.9,0,0.5,318,,MEDIUM,0.0,green
2025-05-25 13:09:52.184000,lap,1,5,80.8,False,6.569999999999993,,,,,,,88,VER,Red Bull Racing,4781D7,,,,,,,3.89,0.984,22.0,41.3,55.0,1016.9,0,0.5,318,,HARD,0.0,green
2025-05-25 13:09:52.823000,lap,6,5,80.952,False,4.971000000000004,,,,,,,89,HAD,Racing Bulls,6C98FF,,,,,,,4.76,0.87,22.0,41.3,55.0,1016.9,0,0.5,318,,MEDIUM,0.0,green
2025-05-25 13:09:53.935000,lap,14,5,80.94,False,5.346999999999994,,,,,,,90,ALO,Aston Martin,229971,,,,,,,5.737,0.977,22.0,41.3,55.0,1016.9,0,0.5,318,,HARD,1.0,green
2025-05-25 13:09:54.460000,lap,44,5,81.057,False,6.966999999999999,,,,,,,91,HAM,Ferrari,ED1131,265.0,0.0,0.0,10445.0,7.0,0.0,6.232,0.495,22.0,41.3,55.0,1016.9,0,0.5,318,,HARD,0.0,green
2025-05-25 13:09:55.505000,lap,31,5,80.666,False,5.509,,,,,,,92,OCO,Haas F1 Team,9C9FA2,,,,,,,7.317,1.085,22.0,41.3,55.0,1016.9,0,0.5,318,,MEDIUM,0.0,green
2025-05-25 13:09:56.403000,lap,30,5,80.766,False,5.445000000000007,,,,,,,93,LAW,Racing Bulls,6C98FF,,,,,,,8.136,0.819,22.0,41.3,55.0,1016.9,0,0.5,318,,MEDIUM,6.0,green
2025-05-25 13:09:57.665000,lap,23,5,80.465,False,5.868000000000009,,,,,,,94,ALB,Williams,1868DB,,,,,,,9.43,1.294,22.0,41.3,55.0,1016.9,0,0.5,318,,MEDIUM,4.0,green
2025-05-25 13:09:58.912000,lap,55,5,80.58,False,6.591999999999999,,,,,,,95,SAI,Williams,1868DB,,,,,,,10.663,1.233,22.0,41.3,55.0,1016.9,0,0.5,318,,HARD,0.0,green
2025-05-25 13:09:59.698000,lap,27,5,80.475,False,5.251999999999995,,,,,,,96,HUL,Kick Sauber,01C00E,,,,,,,11.441,0.778,22.0,41.3,55.0,1016.9,0,0.5,318,,MEDIUM,0.0,green
2025-05-25 13:10:00.547000,lap,63,5,80.576,False,7.170999999999992,,,,,,,97,RUS,Mercedes,00D7B6,,,,,,,12.347,0.906,22.0,41.3,55.0,1016.9,0,0.5,318,,HARD,0.0,green
2025-05-25 13:10:01.263000,lap,12,5,80.377,False,6.858999999999995,,,,,,,98,ANT,Mercedes,00D7B6,,,,,,,13.022,0.675,22.0,41.3,55.0,1016.9,0,0.5,318,,HARD,0.0,green
2025-05-25 13:10:02.509000,lap,43,5,79.999,False,4.700999999999993,,,,,,,99,COL,Alpine,00A1E8,,,,,,,14.307,1.285,22.0,41.3,55.0,1016.9,0,0.5,318,,HARD,0.0,green
2025-05-25 13:10:03.228000,lap,18,5,80.285,False,5.408000000000001,,,,,,,100,STR,Aston Martin,229971,,,,,,,14.977,0.67,22.0,41.3,55.0,1016.9,0,0.5,318,,HARD,1.0,green
2025-05-25 13:10:10.728000,lap,22,5,78.663,False,3.75,,,,,,,101,TSU,Red Bull Racing,4781D7,,,,,,,22.441,7.464,22.0,41.3,55.0,1016.9,0,0.5,318,,HARD,0.0,green
2025-05-25 13:10:11.181000,lap,10,5,78.864,False,0.8100000000000023,,,,,,,102,GAS,Alpine,00A1E8,,,,,,,22.876,0.435,22.0,41.3,55.0,1016.9,0,0.5,318,,MEDIUM,0.0,green
2025-05-25 13:10:32.792000,lap,87,5,75.576,False,0.7209999999999894,,,,,,,103,BEA,Haas F1 Team,9C9FA2,,,,,,,44.494,21.618,22.0,41.3,55.0,1016.9,0,0.5,318,,HARD,0.0,green
2025-05-25 13:10:35.000000,race_control,nan,5,,,,TURN 8 INCIDENT INVOLVING CARS 12 (ANT) AND 5 (BOR) NOTED,,Other,,,,104,,,,,,,,,,,,22.0,41.3,55.0,1016.9,0,0.5,318,,,,green
2025-05-25 13:10:38.063000,lap,5,5,76.394,False,1.5100000000000051,,,,,,,105,BOR,Kick Sauber,01C00E,,,,,,,49.728,5.234,22.0,41.3,55.0,1016.9,0,0.5,318,,HARD,0.0,green
2025-05-25 13:11:06.430000,lap,4,6,79.172,False,5.950999999999993,,,,,,,106,NOR,McLaren,F47600,,,,,,,0.0,0.0,21.9,42.0,54.0,1016.8,0,0.9,171,,MEDIUM,0.0,green
2025-05-25 13:11:07.000000,race_control,nan,6,,,,FIA STEWARDS: TURN 8 INCIDENT INVOLVING CARS 12 (ANT) AND 5 (BOR) REVIEWED NO FURTHER INVESTIGATION,,Other,,,,107,,,,,,,,,,,,21.9,42.0,54.0,1016.8,0,0.9,171,,,,green
2025-05-25 13:11:07.754000,lap,16,6,79.267,False,5.211999999999989,,,,,,,108,LEC,Ferrari,ED1131,260.0,100.0,0.0,10568.0,6.0,0.0,1.501,1.501,21.9,42.0,54.0,1016.8,0,0.9,171,,MEDIUM,0.0,green
2025-05-25 13:11:11.195000,lap,81,6,79.793,False,6.048000000000002,,,,,,,109,PIA,McLaren,F47600,,,,,,,4.904,3.403,21.9,42.0,54.0,1016.8,0,0.9,171,,MEDIUM,0.0,green
2025-05-25 13:11:12.864000,lap,1,6,80.011,False,5.780999999999992,,,,,,,110,VER,Red Bull Racing,4781D7,,,,,,,6.64,1.736,21.9,42.0,54.0,1016.8,0,0.9,171,,HARD,0.0,green
2025-05-25 13:11:13.922000,lap,6,6,80.143,False,4.162000000000006,,,,,,,111,HAD,Racing Bulls,6C98FF,,,,,,,7.662,1.022,21.9,42.0,54.0,1016.8,0,0.9,171,,MEDIUM,0.0,green
2025-05-25 13:11:14.891000,lap,14,6,80.424,False,4.831000000000003,,,,,,,112,ALO,Aston Martin,229971,,,,,,,8.627,0.965,21.9,42.0,54.0,1016.8,0,0.9,171,,HARD,1.0,green
2025-05-25 13:11:15.438000,lap,44,6,80.225,False,6.134999999999991,,,,,,,113,HAM,Ferrari,ED1131,269.0,67.0,0.0,10661.0,7.0,8.0,9.239,0.612,21.9,42.0,54.0,1016.8,0,0.9,171,,HARD,0.0,green
2025-05-25 13:11:16.266000,lap,31,6,80.506,False,5.349000000000004,,,,,,,114,OCO,Haas F1 Team,9C9FA2,,,,,,,9.933,0.694,21.9,42.0,54.0,1016.8,0,0.9,171,,MEDIUM,0.0,green
2025-05-25 13:11:17.173000,lap,30,6,81.542,False,6.221000000000004,,,,,,,115,LAW,Racing Bulls,6C98FF,,,,,,,10.852,0.919,21.9,42.0,54.0,1016.8,0,0.9,171,,MEDIUM,6.0,green
2025-05-25 13:11:18.220000,lap,23,6,81.426,False,6.829000000000008,,,,,,,116,ALB,Williams,1868DB,,,,,,,11.845,0.993,21.9,42.0,54.0,1016.8,0,0.9,171,,MEDIUM,4.0,green
2025-05-25 13:11:19.485000,lap,55,6,81.056,False,7.067999999999998,,,,,,,117,SAI,Williams,1868DB,,,,,,,13.193,1.348,21.9,42.0,54.0,1016.8,0,0.9,171,,HARD,0.0,green
2025-05-25 13:11:20.126000,lap,27,6,80.974,False,5.751000000000005,,,,,,,118,HUL,Kick Sauber,01C00E,,,,,,,13.866,0.673,21.9,42.0,54.0,1016.8,0,0.9,171,,MEDIUM,0.0,green
2025-05-25 13:11:21.329000,lap,63,6,80.75,False,7.344999999999999,,,,,,,119,RUS,Mercedes,00D7B6,,,,,,,14.873,1.007,21.9,42.0,54.0,1016.8,0,0.9,171,,HARD,0.0,green
2025-05-25 13:11:21.641000,lap,12,6,80.757,False,7.239000000000004,,,,,,,120,ANT,Mercedes,00D7B6,,,,,,,15.349,0.476,21.9,42.0,54.0,1016.8,0,0.9,171,,HARD,0.0,green
2025-05-25 13:11:22.595000,lap,43,6,80.746,False,5.447999999999993,,,,,,,121,COL,Alpine,00A1E8,,,,,,,16.256,0.907,21.9,42.0,54.0,1016.8,0,0.9,171,,HARD,0.0,green
2025-05-25 13:11:23.470000,lap,18,6,80.306,False,5.429000000000002,,,,,,,122,STR,Aston Martin,229971,,,,,,,17.212,0.956,21.9,42.0,54.0,1016.8,0,0.9,171,,HARD,1.0,green
2025-05-25 13:11:29.267000,lap,22,6,78.281,False,3.368000000000009,,,,,,,123,TSU,Red Bull Racing,4781D7,,,,,,,23.054,5.842,21.9,42.0,54.0,1016.8,0,0.9,171,,HARD,0.0,green
2025-05-25 13:11:30.017000,lap,10,6,78.054,False,0.0,,,,,,,124,GAS,Alpine,00A1E8,,,,,,,23.69,0.636,21.9,42.0,54.0,1016.8,0,0.9,171,,MEDIUM,0.0,green
2025-05-25 13:11:48.267000,lap,87,6,74.855,False,0.0,,,,,,,125,BEA,Haas F1 Team,9C9FA2,,,,,,,42.02,18.33,21.9,42.0,54.0,1016.8,0,0.9,171,,HARD,0.0,green
2025-05-25 13:11:54.454000,lap,5,6,75.757,False,0.8730000000000047,,,,,,,126,BOR,Kick Sauber,01C00E,,,,,,,48.072,6.052,21.9,42.2,54.0,1016.9,0,1.1,294,,HARD,0.0,green
2025-05-25 13:12:25.486000,lap,4,7,78.47,False,5.248999999999995,,,,,,,127,NOR,McLaren,F47600,,,,,,,0.0,0.0,21.9,42.2,54.0,1016.9,0,1.1,294,,MEDIUM,0.0,green
2025-05-25 13:12:27.079000,lap,16,7,78.656,False,4.600999999999999,,,,,,,128,LEC,Ferrari,ED1131,264.0,100.0,0.0,10600.0,7.0,0.0,1.596,1.596,21.9,42.2,54.0,1016.9,0,1.1,294,,MEDIUM,0.0,green
2025-05-25 13:12:30.908000,lap,81,7,79.261,False,5.515999999999991,,,,,,,129,PIA,McLaren,F47600,,,,,,,5.525,3.929,21.9,42.2,54.0,1016.9,0,1.1,294,,MEDIUM,0.0,green
2025-05-25 13:12:32.954000,lap,1,7,78.968,False,4.7379999999999995,,,,,,,130,VER,Red Bull Racing,4781D7,,,,,,,7.479,1.954,21.9,42.2,54.0,1016.9,0,1.1,294,,HARD,0.0,green
2025-05-25 13:12:34.070000,lap,6,7,79.554,False,3.5730000000000075,,,,,,,131,HAD,Racing Bulls,6C98FF,,,,,,,8.633,1.154,21.9,42.2,54.0,1016.9,0,1.1,294,,MEDIUM,0.0,green
2025-05-25 13:12:35.329000,lap,14,7,80.222,False,4.628999999999991,,,,,,,132,ALO,Aston Martin,229971,,,,,,,9.879,1.246,21.9,42.2,54.0,1016.9,0,1.1,294,,HARD,1.0,green
2025-05-25 13:12:35.713000,lap,44,7,80.931,False,6.840999999999994,,,,,,,133,HAM,Ferrari,ED1131,257.0,0.0,0.0,10273.0,7.0,8.0,10.292,0.413,21.9,42.2,54.0,1016.9,0,1.1,294,,HARD,0.0,green
2025-05-25 13:12:36.660000,lap,31,7,80.545,False,5.388000000000005,,,,,,,134,OCO,Haas F1 Team,9C9FA2,,,,,,,11.267,0.975,21.9,42.2,54.0,1016.9,0,1.1,294,,MEDIUM,0.0,green
2025-05-25 13:12:38.613000,lap,30,7,81.507,False,6.186000000000007,,,,,,,135,LAW,Racing Bulls,6C98FF,,,,,,,13.222,1.955,21.9,42.2,54.0,1016.9,0,1.1,294,,MEDIUM,6.0,green
2025-05-25 13:12:39.539000,lap,23,7,81.287,False,6.690000000000012,,,,,,,136,ALB,Williams,1868DB,,,,,,,14.099,0.877,21.9,42.2,54.0,1016.9,0,1.1,294,,MEDIUM,4.0,green
2025-05-25 13:12:40.423000,lap,55,7,81.577,False,7.588999999999999,,,,,,,137,SAI,Williams,1868DB,,,,,,,15.077,0.978,21.9,42.2,54.0,1016.9,0,1.1,294,,HARD,0.0,green
2025-05-25 13:12:41.178000,lap,27,7,81.264,False,6.040999999999997,,,,,,,138,HUL,Kick Sauber,01C00E,,,,,,,15.668,0.591,21.9,42.2,54.0,1016.9,0,1.1,294,,MEDIUM,0.0,green
2025-05-25 13:12:41.860000,lap,63,7,81.214,False,7.8089999999999975,,,,,,,139,RUS,Mercedes,00D7B6,,,,,,,16.451,0.783,21.9,42.2,54.0,1016.9,0,1.1,294,,HARD,0.0,green
2025-05-25 13:12:42.364000,lap,12,7,81.194,False,7.676000000000002,,,,,,,140,ANT,Mercedes,00D7B6,,,,,,,16.934,0.483,21.9,42.2,54.0,1016.9,0,1.1,294,,HARD,0.0,green
2025-05-25 13:12:43.253000,lap,43,7,80.915,False,5.617000000000004,,,,,,,141,COL,Alpine,00A1E8,,,,,,,17.83,0.896,21.9,42.2,54.0,1016.9,0,1.1,294,,HARD,0.0,green
2025-05-25 13:12:43.748000,lap,18,7,81.196,False,6.319000000000003,,,,,,,142,STR,Aston Martin,229971,,,,,,,18.346,0.516,21.9,42.2,54.0,1016.9,0,1.1,294,,HARD,1.0,green
2025-05-25 13:12:47.645000,lap,22,7,79.157,False,4.244,,,,,,,143,TSU,Red Bull Racing,4781D7,,,,,,,22.163,3.817,21.9,42.2,54.0,1016.9,0,1.1,294,,HARD,0.0,green
2025-05-25 13:12:47.994000,lap,10,7,79.262,False,1.2079999999999984,,,,,,,144,GAS,Alpine,00A1E8,,,,,,,22.572,0.409,21.9,42.2,54.0,1016.9,0,1.1,294,,MEDIUM,0.0,green
2025-05-25 13:13:03.244000,lap,87,7,75.058,False,0.20300000000000296,,,,,,,145,BEA,Haas F1 Team,9C9FA2,,,,,,,37.703,15.131,22.0,43.1,54.0,1016.9,0,1.0,341,,HARD,0.0,green
2025-05-25 13:13:10.048000,lap,5,7,75.721,False,0.8370000000000033,,,,,,,146,BOR,Kick Sauber,01C00E,,,,,,,44.657,6.954,22.0,43.1,54.0,1016.9,0,1.0,341,,HARD,0.0,green
2025-05-25 13:13:43.898000,lap,4,8,77.626,False,4.405000000000001,,,,,,,147,NOR,McLaren,F47600,,,,,,,0.0,0.0,22.0,43.1,54.0,1016.9,0,1.0,341,,MEDIUM,0.0,green
2025-05-25 13:13:45.695000,lap,16,8,77.99,False,3.934999999999988,,,,,,,148,LEC,Ferrari,ED1131,262.0,100.0,0.0,10550.0,7.0,0.0,1.782,1.782,22.0,43.1,54.0,1016.9,0,1.0,341,,MEDIUM,0.0,green
2025-05-25 13:13:50.179000,lap,81,8,78.029,False,4.283999999999992,,,,,,,149,PIA,McLaren,F47600,,,,,,,6.316,4.534,22.1,44.1,52.0,1016.9,0,0.8,317,,MEDIUM,0.0,green
2025-05-25 13:13:51.898000,lap,1,8,77.714,False,3.4839999999999947,,,,,,,150,VER,Red Bull Racing,4781D7,,,,,,,7.977,1.661,22.1,44.1,52.0,1016.9,0,0.8,317,,HARD,0.0,green
2025-05-25 13:13:53.664000,lap,6,8,78.388,False,2.4070000000000107,,,,,,,151,HAD,Racing Bulls,6C98FF,,,,,,,9.717,1.74,22.1,44.1,52.0,1016.9,0,0.8,317,,MEDIUM,0.0,green
2025-05-25 13:13:55.523000,lap,14,8,79.105,False,3.5120000000000005,,,,,,,152,ALO,Aston Martin,229971,,,,,,,11.631,1.914,22.1,44.1,52.0,1016.9,0,0.8,317,,HARD,1.0,green
2025-05-25 13:13:56.711000,lap,44,8,79.039,False,4.948999999999998,,,,,,,153,HAM,Ferrari,ED1131,272.0,59.0,0.0,10958.0,7.0,12.0,12.753,1.122,22.1,44.1,52.0,1016.9,0,0.8,317,,HARD,0.0,green
2025-05-25 13:13:57.258000,lap,31,8,79.207,False,4.049999999999997,,,,,,,154,OCO,Haas F1 Team,9C9FA2,,,,,,,13.342,0.589,22.1,44.1,52.0,1016.9,0,0.8,317,,MEDIUM,0.0,green
2025-05-25 13:14:00.179000,lap,30,8,80.351,False,5.030000000000001,,,,,,,155,LAW,Racing Bulls,6C98FF,,,,,,,16.259,2.917,22.1,44.1,52.0,1016.9,0,0.8,317,,MEDIUM,6.0,green
2025-05-25 13:14:00.805000,lap,23,8,80.471,False,5.874000000000009,,,,,,,156,ALB,Williams,1868DB,,,,,,,16.916,0.657,22.1,44.1,52.0,1016.9,0,0.8,317,,MEDIUM,4.0,green
2025-05-25 13:14:02.070000,lap,55,8,80.384,False,6.396000000000001,,,,,,,157,SAI,Williams,1868DB,,,,,,,18.184,1.268,22.1,44.1,52.0,1016.9,0,0.8,317,,HARD,0.0,green
2025-05-25 13:14:02.367000,lap,27,8,80.3,False,5.076999999999998,,,,,,,158,HUL,Kick Sauber,01C00E,,,,,,,18.462,0.278,22.1,44.1,52.0,1016.9,0,0.8,317,,MEDIUM,0.0,green
2025-05-25 13:14:03.211000,lap,63,8,80.793,False,7.388000000000005,,,,,,,159,RUS,Mercedes,00D7B6,,,,,,,19.195,0.733,22.1,44.1,52.0,1016.9,0,0.8,317,,HARD,0.0,green
2025-05-25 13:14:03.601000,lap,12,8,80.877,False,7.358999999999995,,,,,,,160,ANT,Mercedes,00D7B6,,,,,,,19.658,0.463,22.1,44.1,52.0,1016.9,0,0.8,317,,HARD,0.0,green
2025-05-25 13:14:04.195000,lap,43,8,80.987,False,5.688999999999993,,,,,,,161,COL,Alpine,00A1E8,,,,,,,20.275,0.617,22.1,44.1,52.0,1016.9,0,0.8,317,,HARD,0.0,green
2025-05-25 13:14:04.930000,lap,18,8,81.663,False,6.786000000000001,,,,,,,162,STR,Aston Martin,229971,,,,,,,21.072,0.797,22.1,44.1,52.0,1016.9,0,0.8,317,,HARD,1.0,green
2025-05-25 13:14:06.742000,lap,22,8,83.351,False,8.438000000000002,,,,,,,163,TSU,Red Bull Racing,4781D7,,,,,,,22.85,1.778,22.1,44.1,52.0,1016.9,0,0.8,317,,HARD,0.0,green
2025-05-25 13:14:07.320000,lap,10,8,,False,,,,,,,,164,GAS,Alpine,00A1E8,,,,,,,23.364,0.514,22.1,44.1,52.0,1016.9,0,0.8,317,,,,green
2025-05-25 13:14:18.132000,lap,87,8,78.303,False,3.4479999999999933,,,,,,,165,BEA,Haas F1 Team,9C9FA2,,,,,,,34.291,10.927,22.1,44.1,52.0,1016.9,0,0.8,317,,HARD,0.0,green
2025-05-25 13:14:25.845000,lap,5,8,78.331,False,3.4470000000000027,,,,,,,166,BOR,Kick Sauber,01C00E,,,,,,,41.908,7.617,22.1,44.1,52.0,1016.9,0,0.8,317,,HARD,0.0,green
2025-05-25 13:14:56.000000,yellow_flag,nan,8,,,,DOUBLE YELLOW IN TRACK SECTOR 13,DOUBLE YELLOW,Flag,Sector,13.0,,167,,,,,,,,,,,,22.3,44.2,51.0,1016.9,0,1.3,16,,,,yellow
2025-05-25 13:15:01.596000,lap,4,9,82.148,False,8.926999999999992,,,,,,,168,NOR,McLaren,F47600,,,,,,,0.0,0.0,22.3,44.2,51.0,1016.9,0,1.3,16,,MEDIUM,0.0,yellow
2025-05-25 13:15:03.721000,lap,16,9,81.212,False,7.1569999999999965,,,,,,,169,LEC,Ferrari,ED1131,262.0,100.0,0.0,10543.0,7.0,0.0,2.146,2.146,22.3,44.2,51.0,1016.9,0,1.3,16,,MEDIUM,0.0,yellow
2025-05-25 13:15:08.221000,lap,81,9,82.281,False,8.536000000000001,,,,,,,170,PIA,McLaren,F47600,,,,,,,6.719,4.573,22.3,44.2,51.0,1016.9,0,1.3,16,,MEDIUM,0.0,yellow
2025-05-25 13:15:09.658000,lap,1,9,81.205,False,6.974999999999994,,,,,,,171,VER,Red Bull Racing,4781D7,,,,,,,8.065,1.346,22.3,44.2,51.0,1016.9,0,1.3,16,,HARD,0.0,yellow
2025-05-25 13:15:12.080000,lap,6,9,81.968,False,5.987000000000009,,,,,,,172,HAD,Racing Bulls,6C98FF,,,,,,,10.479,2.414,22.3,44.2,51.0,1016.9,0,1.3,16,,MEDIUM,0.0,yellow
2025-05-25 13:15:14.627000,lap,14,9,82.183,False,6.590000000000003,,,,,,,173,ALO,Aston Martin,229971,,,,,,,13.11,2.631,22.3,44.2,51.0,1016.9,0,1.3,16,,HARD,1.0,yellow
2025-05-25 13:15:15.674000,lap,44,9,82.018,False,7.927999999999997,,,,,,,174,HAM,Ferrari,ED1131,262.0,99.0,0.0,10574.0,7.0,0.0,14.166,1.056,22.3,44.2,51.0,1016.9,0,1.3,16,,HARD,0.0,yellow
2025-05-25 13:15:16.424000,lap,31,9,82.712,False,7.555000000000007,,,,,,,175,OCO,Haas F1 Team,9C9FA2,,,,,,,14.923,0.757,22.3,44.2,51.0,1016.9,0,1.3,16,,MEDIUM,0.0,yellow
2025-05-25 13:15:20.518000,lap,30,9,84.55,False,9.229,,,,,,,176,LAW,Racing Bulls,6C98FF,,,,,,,18.984,4.061,22.3,44.2,51.0,1016.9,0,1.3,16,,MEDIUM,6.0,yellow
2025-05-25 13:15:21.268000,lap,23,9,84.151,False,9.554000000000002,,,,,,,177,ALB,Williams,1868DB,,,,,,,19.761,0.777,22.3,44.2,51.0,1016.9,0,1.3,16,,MEDIUM,4.0,yellow
2025-05-25 13:15:22.486000,lap,55,9,83.673,False,9.685000000000002,,,,,,,178,SAI,Williams,1868DB,,,,,,,20.942,1.181,22.3,44.2,51.0,1016.9,0,1.3,16,,HARD,0.0,yellow
2025-05-25 13:15:22.721000,lap,27,9,84.031,False,8.808000000000007,,,,,,,179,HUL,Kick Sauber,01C00E,,,,,,,21.136,0.194,22.3,44.2,51.0,1016.9,0,1.3,16,,MEDIUM,0.0,yellow
2025-05-25 13:15:23.893000,lap,63,9,83.39,False,9.985,,,,,,,180,RUS,Mercedes,00D7B6,,,,,,,22.362,1.226,22.3,44.2,51.0,1016.9,0,1.3,16,,HARD,0.0,yellow
2025-05-25 13:15:24.377000,lap,12,9,83.326,False,9.807999999999993,,,,,,,181,ANT,Mercedes,00D7B6,,,,,,,22.909,0.547,22.3,44.2,51.0,1016.9,0,1.3,16,,HARD,0.0,yellow
2025-05-25 13:15:25.111000,lap,43,9,83.197,False,7.899000000000001,,,,,,,182,COL,Alpine,00A1E8,,,,,,,23.636,0.727,22.3,44.2,51.0,1016.9,0,1.3,16,,HARD,0.0,yellow
2025-05-25 13:15:26.611000,lap,18,9,82.321,False,7.444000000000003,,,,,,,183,STR,Aston Martin,229971,,,,,,,25.109,1.473,22.3,44.2,51.0,1016.9,0,1.3,16,,HARD,1.0,yellow
2025-05-25 13:15:30.096000,lap,22,9,79.611,False,4.6980000000000075,,,,,,,184,TSU,Red Bull Racing,4781D7,,,,,,,28.575,3.466,22.3,44.2,51.0,1016.9,0,1.3,16,,HARD,0.0,yellow
2025-05-25 13:15:36.424000,lap,87,9,76.467,False,1.6119999999999948,,,,,,,185,BEA,Haas F1 Team,9C9FA2,,,,,,,34.968,6.393,22.3,44.2,51.0,1016.9,0,1.3,16,,HARD,0.0,yellow
2025-05-25 13:15:44.174000,lap,5,9,78.411,False,3.527000000000001,,,,,,,186,BOR,Kick Sauber,01C00E,,,,,,,42.613,7.645,22.3,44.2,51.0,1016.9,0,1.3,16,,HARD,0.0,yellow
2025-05-25 13:16:23.649000,lap,4,10,80.385,False,7.1640000000000015,,,,,,,187,NOR,McLaren,F47600,,,,,,,0.0,0.0,22.4,44.6,50.0,1017.0,0,1.1,0,,MEDIUM,0.0,yellow
2025-05-25 13:16:24.852000,lap,16,10,79.912,False,5.856999999999999,,,,,,,188,LEC,Ferrari,ED1131,264.0,100.0,0.0,10738.0,7.0,0.0,1.21,1.21,22.4,44.6,50.0,1017.0,0,1.1,0,,MEDIUM,0.0,yellow
2025-05-25 13:16:30.508000,lap,81,10,79.16,False,5.414999999999992,,,,,,,189,PIA,McLaren,F47600,,,,,,,6.852,5.642,22.4,44.6,50.0,1017.0,0,1.1,0,,MEDIUM,0.0,yellow
2025-05-25 13:16:30.837000,lap,1,10,79.169,False,4.938999999999993,,,,,,,190,VER,Red Bull Racing,4781D7,,,,,,,7.122,0.27,22.4,44.6,50.0,1017.0,0,1.1,0,,HARD,0.0,yellow
2025-05-25 13:16:34.008000,lap,6,10,78.529,False,2.548000000000002,,,,,,,191,HAD,Racing Bulls,6C98FF,,,,,,,10.299,3.177,22.4,44.6,50.0,1017.0,0,1.1,0,,MEDIUM,0.0,yellow
2025-05-25 13:16:36.837000,lap,14,10,80.167,False,4.573999999999998,,,,,,,192,ALO,Aston Martin,229971,,,,,,,13.145,2.846,22.4,44.6,50.0,1017.0,0,1.1,0,,HARD,1.0,yellow
2025-05-25 13:16:37.743000,lap,44,10,80.528,False,6.438000000000002,,,,,,,193,HAM,Ferrari,ED1131,273.0,100.0,0.0,10969.0,7.0,12.0,14.036,0.891,22.4,44.6,50.0,1017.0,0,1.1,0,,HARD,0.0,yellow
2025-05-25 13:16:39.000000,yellow_flag,nan,10,,,,DOUBLE YELLOW IN TRACK SECTOR 16,DOUBLE YELLOW,Flag,Sector,16.0,,194,,,,,,,,,,,,22.4,44.6,50.0,1017.0,0,1.1,0,,,,yellow
2025-05-25 13:16:39.102000,lap,31,10,80.33,False,5.173000000000002,,,,,,,195,OCO,Haas F1 Team,9C9FA2,,,,,,,15.487,1.451,22.4,44.6,50.0,1017.0,0,1.1,0,,MEDIUM,0.0,yellow
2025-05-25 13:16:45.040000,lap,30,10,81.421,False,6.1000000000000085,,,,,,,196,LAW,Racing Bulls,6C98FF,,,,,,,21.386,5.899,22.4,44.6,50.0,1017.0,0,1.1,0,,MEDIUM,6.0,yellow
2025-05-25 13:16:45.384000,lap,23,10,81.528,False,6.931000000000012,,,,,,,197,ALB,Williams,1868DB,,,,,,,21.764,0.378,22.4,44.6,50.0,1017.0,0,1.1,0,,MEDIUM,4.0,yellow
2025-05-25 13:16:46.134000,lap,55,10,81.668,False,7.680000000000007,,,,,,,198,SAI,Williams,1868DB,,,,,,,22.467,0.703,22.4,44.6,50.0,1017.0,0,1.1,0,,HARD,0.0,yellow
2025-05-25 13:16:46.727000,lap,27,10,81.507,False,6.284000000000006,,,,,,,199,HUL,Kick Sauber,01C00E,,,,,,,23.019,0.552,22.4,44.6,50.0,1017.0,0,1.1,0,,MEDIUM,0.0,yellow
2025-05-25 13:16:47.259000,lap,63,10,81.501,False,8.096000000000004,,,,,,,200,RUS,Mercedes,00D7B6,,,,,,,23.604,0.585,22.4,44.6,50.0,1017.0,0,1.1,0,,HARD,0.0,yellow
2025-05-25 13:16:47.680000,lap,12,10,81.523,False,8.004999999999995,,,,,,,201,ANT,Mercedes,00D7B6,,,,,,,24.087,0.483,22.4,44.6,50.0,1017.0,0,1.1,0,,HARD,0.0,yellow
2025-05-25 13:16:48.305000,lap,43,10,81.709,False,6.411000000000001,,,,,,,202,COL,Alpine,00A1E8,,,,,,,24.685,0.598,22.4,44.6,50.0,1017.0,0,1.1,0,,HARD,0.0,yellow
2025-05-25 13:16:48.899000,lap,18,10,81.708,False,6.831000000000003,,,,,,,203,STR,Aston Martin,229971,,,,,,,25.282,0.597,22.4,44.6,50.0,1017.0,0,1.1,0,,HARD,1.0,yellow
2025-05-25 13:16:49.696000,lap,22,10,81.823,False,6.909999999999997,,,,,,,204,TSU,Red Bull Racing,4781D7,,,,,,,26.038,0.756,22.5,44.7,48.0,1017.0,0,1.3,331,,HARD,0.0,yellow
2025-05-25 13:16:52.000000,race_control,nan,10,,,,CLEAR IN TRACK SECTOR 16,CLEAR,Flag,Sector,16.0,,205,,,,,,,,,,,,22.5,44.7,48.0,1017.0,0,1.3,331,,,,yellow
2025-05-25 13:16:53.009000,lap,87,10,79.555,False,4.700000000000003,,,,,,,206,BEA,Haas F1 Team,9C9FA2,,,,,,,29.287,3.249,22.5,44.7,48.0,1017.0,0,1.3,331,,HARD,0.0,yellow
2025-05-25 13:16:58.000000,race_control,nan,10,,,,PIT LANE ENTRY CLOSED,,Other,,,,207,,,,,,,,,,,,22.5,44.7,48.0,1017.0,0,1.3,331,,,,yellow
2025-05-25 13:17:02.571000,lap,5,10,76.782,False,1.8979999999999961,,,,,,,208,BOR,Kick Sauber,01C00E,,,,,,,38.876,9.589,22.5,44.7,48.0,1017.0,0,1.3,331,,HARD,0.0,yellow
2025-05-25 13:17:44.072000,lap,4,11,79.771,False,6.549999999999997,,,,,,,209,NOR,McLaren,F47600,,,,,,,0.0,0.0,22.5,44.7,48.0,1017.0,0,1.3,331,,MEDIUM,0.0,yellow
2025-05-25 13:17:44.728000,lap,16,11,79.89,False,5.834999999999994,,,,,,,210,LEC,Ferrari,ED1131,271.0,100.0,0.0,10893.0,7.0,12.0,0.737,0.737,22.5,44.7,48.0,1017.0,0,1.3,331,,MEDIUM,0.0,yellow
2025-05-25 13:17:49.701000,lap,81,11,77.335,False,3.589999999999989,,,,,,,211,PIA,McLaren,F47600,,,,,,,5.627,4.89,22.6,45.0,49.0,1017.0,0,1.1,162,,MEDIUM,0.0,yellow
2025-05-25 13:17:49.955000,lap,1,11,77.481,False,3.2509999999999906,,,,,,,212,VER,Red Bull Racing,4781D7,,,,,,,5.906,0.279,22.6,45.0,49.0,1017.0,0,1.1,162,,HARD,0.0,yellow
2025-05-25 13:17:52.550000,lap,6,11,78.183,False,2.2020000000000124,,,,,,,213,HAD,Racing Bulls,6C98FF,,,,,,,8.443,2.537,22.6,45.0,49.0,1017.0,0,1.1,162,,MEDIUM,0.0,yellow
2025-05-25 13:17:56.969000,lap,14,11,77.469,False,1.8759999999999906,,,,,,,214,ALO,Aston Martin,229971,,,,,,,12.927,4.484,22.6,45.0,49.0,1017.0,0,1.1,162,,HARD,1.0,yellow
2025-05-25 13:17:58.255000,lap,44,11,77.12,False,3.030000000000001,,,,,,,215,HAM,Ferrari,ED1131,265.0,100.0,0.0,10620.0,7.0,0.0,14.179,1.252,22.6,45.0,49.0,1017.0,0,1.1,162,,HARD,0.0,yellow
2025-05-25 13:17:59.490000,lap,31,11,77.319,False,2.162000000000006,,,,,,,216,OCO,Haas F1 Team,9C9FA2,,,,,,,15.432,1.253,22.6,45.0,49.0,1017.0,0,1.1,162,,MEDIUM,0.0,yellow
2025-05-25 13:18:06.402000,lap,30,11,79.348,False,4.027000000000001,,,,,,,217,LAW,Racing Bulls,6C98FF,,,,,,,22.422,6.99,22.6,45.0,49.0,1017.0,0,1.1,162,,MEDIUM,6.0,yellow
2025-05-25 13:18:07.008000,lap,23,11,79.447,False,4.8500000000000085,,,,,,,218,ALB,Williams,1868DB,,,,,,,22.907,0.485,22.6,45.0,49.0,1017.0,0,1.1,162,,MEDIUM,4.0,yellow
2025-05-25 13:18:07.774000,lap,55,11,79.43,False,5.442000000000007,,,,,,,219,SAI,Williams,1868DB,,,,,,,23.75,0.843,22.6,45.0,49.0,1017.0,0,1.1,162,,HARD,0.0,yellow
2025-05-25 13:18:08.215000,lap,27,11,79.404,False,4.180999999999997,,,,,,,220,HUL,Kick Sauber,01C00E,,,,,,,24.141,0.391,22.6,45.0,49.0,1017.0,0,1.1,162,,MEDIUM,0.0,yellow
2025-05-25 13:18:08.764000,lap,63,11,79.853,False,6.447999999999993,,,,,,,221,RUS,Mercedes,00D7B6,,,,,,,24.72,0.579,22.6,45.0,49.0,1017.0,0,1.1,162,,HARD,0.0,yellow
2025-05-25 13:18:09.281000,lap,12,11,79.894,False,6.376000000000005,,,,,,,222,ANT,Mercedes,00D7B6,,,,,,,25.225,0.505,22.6,45.0,49.0,1017.0,0,1.1,162,,HARD,0.0,yellow
2025-05-25 13:18:09.994000,lap,43,11,79.851,False,4.552999999999997,,,,,,,223,COL,Alpine,00A1E8,,,,,,,26.009,0.784,22.6,45.0,49.0,1017.0,0,1.1,162,,HARD,0.0,yellow
2025-05-25 13:18:10.579000,lap,18,11,80.118,False,5.241,,,,,,,224,STR,Aston Martin,229971,,,,,,,26.605,0.596,22.6,45.0,49.0,1017.0,0,1.1,162,,HARD,1.0,yellow
2025-05-25 13:18:11.579000,lap,22,11,80.088,False,5.174999999999997,,,,,,,225,TSU,Red Bull Racing,4781D7,,,,,,,27.476,0.871,22.6,45.0,49.0,1017.0,0,1.1,162,,HARD,0.0,yellow
2025-05-25 13:18:12.525000,lap,87,11,80.017,False,5.161999999999992,,,,,,,226,BEA,Haas F1 Team,9C9FA2,,,,,,,28.457,0.981,22.6,45.0,49.0,1017.0,0,1.1,162,,HARD,0.0,yellow
2025-05-25 13:18:19.332000,lap,5,11,76.256,False,1.3719999999999999,,,,,,,227,BOR,Kick Sauber,01C00E,,,,,,,35.273,6.816,22.6,45.0,49.0,1017.0,0,1.1,162,,HARD,0.0,yellow
2025-05-25 13:18:39.000000,race_control,nan,11,,,,CLEAR IN TRACK SECTOR 13,CLEAR,Flag,Sector,13.0,,228,,,,,,,,,,,,22.6,45.0,49.0,1017.0,0,1.1,162,,,,yellow
2025-05-25 13:18:48.000000,race_control,nan,11,,,,PIT LANE ENTRY OPEN,,Other,,,,229,,,,,,,,,,,,22.6,45.0,49.0,1017.0,0,1.1,162,,,,yellow
2025-05-25 13:19:03.894000,lap,4,12,76.3,False,3.0789999999999935,,,,,,,230,NOR,McLaren,F47600,,,,,,,0.0,0.0,22.6,43.7,50.0,1016.9,0,1.5,29,,MEDIUM,0.0,yellow
2025-05-25 13:19:04.706000,lap,16,12,76.439,False,2.383999999999986,,,,,,,231,LEC,Ferrari,ED1131,268.0,99.0,0.0,10764.0,7.0,12.0,0.856,0.856,22.6,43.7,50.0,1016.9,0,1.5,29,,MEDIUM,0.0,yellow
2025-05-25 13:19:07.081000,lap,81,12,77.393,False,3.647999999999996,,,,,,,232,PIA,McLaren,F47600,,,,,,,3.191,2.335,22.6,43.7,50.0,1016.9,0,1.5,29,,MEDIUM,0.0,yellow
2025-05-25 13:19:07.503000,lap,1,12,78.128,False,3.897999999999996,,,,,,,233,VER,Red Bull Racing,4781D7,,,,,,,3.616,0.425,22.6,43.7,50.0,1016.9,0,1.5,29,,HARD,0.0,yellow
2025-05-25 13:19:10.644000,lap,6,12,77.376,False,1.3950000000000102,,,,,,,234,HAD,Racing Bulls,6C98FF,,,,,,,6.855,3.239,22.6,43.7,50.0,1016.9,0,1.5,29,,MEDIUM,0.0,yellow
2025-05-25 13:19:14.472000,lap,14,12,77.319,False,1.725999999999999,,,,,,,235,ALO,Aston Martin,229971,,,,,,,10.625,3.77,22.6,43.7,50.0,1016.9,0,1.5,29,,HARD,1.0,yellow
2025-05-25 13:19:15.316000,lap,44,12,77.53,False,3.4399999999999977,,,,,,,236,HAM,Ferrari,ED1131,274.0,100.0,0.0,11031.0,7.0,12.0,11.528,0.903,22.6,43.7,50.0,1016.9,0,1.5,29,,HARD,0.0,yellow
2025-05-25 13:19:16.831000,lap,31,12,77.358,False,2.2010000000000076,,,,,,,237,OCO,Haas F1 Team,9C9FA2,,,,,,,12.98,1.452,22.6,43.7,50.0,1016.9,0,1.5,29,,MEDIUM,0.0,yellow
2025-05-25 13:19:25.800000,lap,30,12,79.771,False,4.450000000000003,,,,,,,238,LAW,Racing Bulls,6C98FF,,,,,,,21.999,9.019,22.6,43.7,50.0,1016.9,0,1.5,29,,MEDIUM,6.0,yellow
2025-05-25 13:19:26.347000,lap,23,12,79.66,False,5.063000000000002,,,,,,,239,ALB,Williams,1868DB,,,,,,,22.583,0.584,22.6,43.7,50.0,1016.9,0,1.5,29,,MEDIUM,4.0,yellow
2025-05-25 13:19:27.191000,lap,55,12,80.134,False,6.146000000000001,,,,,,,240,SAI,Williams,1868DB,,,,,,,23.409,0.826,22.6,43.7,50.0,1016.9,0,1.5,29,,HARD,0.0,yellow
2025-05-25 13:19:27.597000,lap,27,12,96.743,False,21.519999999999996,,,,,,,241,HUL,Kick Sauber,01C00E,,,,,,,23.774,0.365,22.6,43.7,50.0,1016.9,0,1.5,29,,HARD,0.0,yellow
2025-05-25 13:19:28.628000,lap,63,12,79.726,False,6.320999999999998,,,,,,,242,RUS,Mercedes,00D7B6,,,,,,,24.802,1.028,22.6,43.7,50.0,1016.9,0,1.5,29,,HARD,0.0,yellow
2025-05-25 13:19:29.222000,lap,12,12,79.788,False,6.269999999999996,,,,,,,243,ANT,Mercedes,00D7B6,,,,,,,25.348,0.546,22.6,43.7,50.0,1016.9,0,1.5,29,,HARD,0.0,yellow
2025-05-25 13:19:29.847000,lap,43,12,79.827,False,4.528999999999996,,,,,,,244,COL,Alpine,00A1E8,,,,,,,26.089,0.741,22.6,43.7,50.0,1016.9,0,1.5,29,,HARD,0.0,yellow
2025-05-25 13:19:30.000000,race_control,nan,12,,,,CAR 22 (TSU) TIME 1:23.351 DELETED - TRACK LIMITS AT TURN 10 LAP 8 15:14:56,,Other,,,,245,,,,,,,,,,,,22.6,43.7,50.0,1016.9,0,1.5,29,,,,yellow
2025-05-25 13:19:30.785000,lap,18,12,79.565,False,4.688000000000002,,,,,,,246,STR,Aston Martin,229971,,,,,,,26.952,0.863,22.6,43.7,50.0,1016.9,0,1.5,29,,HARD,1.0,yellow
2025-05-25 13:19:31.582000,lap,22,12,79.637,False,4.724000000000004,,,,,,,247,TSU,Red Bull Racing,4781D7,,,,,,,27.793,0.841,22.6,43.7,50.0,1016.9,0,1.5,29,,HARD,0.0,yellow
2025-05-25 13:19:32.644000,lap,87,12,79.401,False,4.545999999999992,,,,,,,248,BEA,Haas F1 Team,9C9FA2,,,,,,,28.703,0.91,22.6,43.7,50.0,1016.9,0,1.5,29,,HARD,0.0,yellow
2025-05-25 13:19:33.000000,race_control,nan,12,,,,CAR 30 (LAW) TIME 1:24.550 DELETED - TRACK LIMITS AT TURN 10 LAP 9 15:16:11,,Other,,,,249,,,,,,,,,,,,22.6,43.7,50.0,1016.9,0,1.5,29,,,,yellow
2025-05-25 13:19:35.550000,lap,5,12,77.804,False,2.9200000000000017,,,,,,,250,BOR,Kick Sauber,01C00E,,,,,,,31.758,3.055,22.6,43.7,50.0,1016.9,0,1.5,29,,HARD,0.0,yellow
2025-05-25 13:20:17.000000,race_control,nan,12,,,,TURN 10 INCIDENT INVOLVING CARS 22 (TSU) AND 10 (GAS) NOTED - CAUSING A COLLISION,,Other,,,,251,,,,,,,,,,,,22.5,43.7,52.0,1016.9,0,0.4,0,,,,yellow
2025-05-25 13:20:20.326000,lap,4,13,75.988,False,2.766999999999996,,,,,,,252,NOR,McLaren,F47600,,,,,,,0.0,0.0,22.5,43.7,52.0,1016.9,0,0.4,0,,MEDIUM,0.0,yellow
2025-05-25 13:20:21.216000,lap,16,13,76.207,False,2.151999999999987,,,,,,,253,LEC,Ferrari,ED1131,265.0,100.0,0.0,10694.0,7.0,0.0,0.995,0.995,22.5,43.7,52.0,1016.9,0,0.4,0,,MEDIUM,0.0,yellow
2025-05-25 13:20:24.451000,lap,81,13,76.748,False,3.003,,,,,,,254,PIA,McLaren,F47600,,,,,,,4.284,3.289,22.5,43.7,52.0,1016.9,0,0.4,0,,MEDIUM,0.0,yellow
2025-05-25 13:20:25.576000,lap,1,13,77.122,False,2.891999999999996,,,,,,,255,VER,Red Bull Racing,4781D7,,,,,,,5.444,1.16,22.5,43.7,52.0,1016.9,0,0.4,0,,HARD,0.0,yellow
2025-05-25 13:20:27.982000,lap,6,13,77.088,False,1.1069999999999993,,,,,,,256,HAD,Racing Bulls,6C98FF,,,,,,,7.931,2.487,22.5,43.7,52.0,1016.9,0,0.4,0,,MEDIUM,0.0,yellow
2025-05-25 13:20:31.810000,lap,14,13,76.411,False,0.8179999999999978,,,,,,,257,ALO,Aston Martin,229971,,,,,,,11.644,3.713,22.5,43.7,52.0,1016.9,0,0.4,0,,HARD,1.0,yellow
2025-05-25 13:20:32.951000,lap,44,13,76.799,False,2.709000000000003,,,,,,,258,HAM,Ferrari,ED1131,262.0,14.0,0.0,10309.0,7.0,0.0,12.758,1.114,22.5,43.7,52.0,1016.9,0,0.4,0,,HARD,0.0,yellow
2025-05-25 13:20:34.216000,lap,31,13,77.241,False,2.084000000000003,,,,,,,259,OCO,Haas F1 Team,9C9FA2,,,,,,,14.038,1.28,22.5,43.7,52.0,1016.9,0,0.4,0,,MEDIUM,0.0,yellow
2025-05-25 13:20:45.576000,lap,30,13,79.391,False,4.070000000000007,,,,,,,260,LAW,Racing Bulls,6C98FF,,,,,,,25.47,11.432,22.5,43.7,52.0,1016.9,0,0.4,0,,MEDIUM,6.0,yellow
2025-05-25 13:20:46.076000,lap,23,13,79.244,False,4.647000000000006,,,,,,,261,ALB,Williams,1868DB,,,,,,,25.943,0.473,22.5,43.7,52.0,1016.9,0,0.4,0,,MEDIUM,4.0,yellow
2025-05-25 13:20:47.377000,lap,55,13,79.149,False,5.161000000000001,,,,,,,262,SAI,Williams,1868DB,,,,,,,27.243,1.3,22.5,43.7,52.0,1016.9,0,0.4,0,,HARD,0.0,yellow
2025-05-25 13:20:48.263000,lap,63,13,78.901,False,5.495999999999995,,,,,,,263,RUS,Mercedes,00D7B6,,,,,,,28.228,0.985,22.5,43.7,52.0,1016.9,0,0.4,0,12.0,HARD,0.0,yellow
2025-05-25 13:20:48.952000,lap,12,13,78.868,False,5.349999999999994,,,,,,,264,ANT,Mercedes,00D7B6,,,,,,,28.836,0.608,22.5,43.7,52.0,1016.9,0,0.4,0,13.0,HARD,0.0,yellow
2025-05-25 13:20:49.708000,lap,43,13,95.917,False,20.619,,,,,,,265,COL,Alpine,00A1E8,,,,,,,29.616,0.78,22.3,44.0,52.0,1017.0,0,0.9,265,14.0,MEDIUM,7.0,yellow
2025-05-25 13:20:50.258000,lap,18,13,79.387,False,4.510000000000005,,,,,,,266,STR,Aston Martin,229971,,,,,,,30.217,0.601,22.3,44.0,52.0,1017.0,0,0.9,265,15.0,HARD,1.0,yellow
2025-05-25 13:20:51.236000,lap,22,13,79.301,False,4.388000000000005,,,,,,,267,TSU,Red Bull Racing,4781D7,,,,,,,31.13,0.913,22.3,44.0,52.0,1017.0,0,0.9,265,16.0,HARD,0.0,yellow
2025-05-25 13:20:51.833000,lap,87,13,79.68,False,4.825000000000003,,,,,,,268,BEA,Haas F1 Team,9C9FA2,,,,,,,31.804,0.674,22.3,44.0,52.0,1017.0,0,0.9,265,17.0,HARD,0.0,yellow
2025-05-25 13:20:53.367000,lap,5,13,79.088,False,4.2039999999999935,,,,,,,269,BOR,Kick Sauber,01C00E,,,,,,,33.262,1.458,22.3,44.0,52.0,1017.0,0,0.9,265,18.0,HARD,0.0,yellow
2025-05-25 13:21:04.426000,lap,27,13,78.279,True,3.0559999999999974,,,,,,,270,HUL,Kick Sauber,01C00E,,,,,,,46.147,12.869,22.3,44.0,52.0,1017.0,0,0.9,265,,HARD,0.0,yellow
2025-05-25 13:21:04.863000,pit_in,27,12,,,,,,,,,24.0,271,HUL,Kick Sauber,01C00E,,,,,,,46.147,12.869,22.3,44.0,52.0,1017.0,0,0.9,265,,HARD,0.0,yellow
2025-05-25 13:21:20.000000,race_control,nan,13,,,,FIA STEWARDS: TURN 10 INCIDENT INVOLVING CARS 22 (TSU) AND 10 (GAS) WILL BE INVESTIGATED AFTER THE RACE - CAUSING A COLLISION,,Other,,,,272,,,,,,,,,,,,22.3,44.0,52.0,1017.0,0,0.9,265,,,,yellow
2025-05-25 13:21:28.863000,pit_out,27,12,,,,,,,,,24.0,273,HUL,Kick Sauber,01C00E,,,,,,,46.516,12.853,22.3,44.0,52.0,1017.0,0,0.9,265,,HARD,0.0,yellow
2025-05-25 13:21:36.178000,lap,4,14,76.122,False,2.9009999999999962,,,,,,,274,NOR,McLaren,F47600,,,,,,,0.0,0.0,22.3,44.0,52.0,1017.0,0,0.9,265,,MEDIUM,0.0,yellow
2025-05-25 13:21:37.428000,lap,16,14,76.63,False,2.5749999999999886,,,,,,,275,LEC,Ferrari,ED1131,267.0,100.0,0.0,10731.0,7.0,0.0,1.214,1.214,22.3,44.0,52.0,1017.0,0,0.9,265,,MEDIUM,0.0,yellow
2025-05-25 13:21:41.194000,lap,81,14,76.412,False,2.6670000000000016,,,,,,,276,PIA,McLaren,F47600,,,,,,,5.044,3.83,22.3,44.0,52.0,1017.0,0,0.9,265,,MEDIUM,0.0,yellow
2025-05-25 13:21:42.720000,lap,1,14,76.81,False,2.5799999999999983,,,,,,,277,VER,Red Bull Racing,4781D7,,,,,,,6.578,1.534,22.3,44.0,52.0,1017.0,0,0.9,265,,HARD,0.0,yellow
2025-05-25 13:21:45.179000,lap,6,14,94.072,False,18.091000000000008,,,,,,,278,HAD,Racing Bulls,6C98FF,,,,,,,9.031,2.453,22.3,44.0,52.0,1017.0,0,0.9,265,,SOFT,3.0,yellow
2025-05-25 13:21:48.237000,lap,14,14,76.295,False,0.7019999999999982,,,,,,,279,ALO,Aston Martin,229971,,,,,,,12.067,3.036,22.3,44.0,52.0,1017.0,0,0.9,265,,HARD,1.0,yellow
2025-05-25 13:21:49.659000,lap,44,14,76.151,False,2.060999999999993,,,,,,,280,HAM,Ferrari,ED1131,265.0,100.0,0.0,10670.0,7.0,0.0,13.569,1.502,22.4,44.0,53.0,1017.0,0,0.8,149,,HARD,0.0,yellow
2025-05-25 13:21:51.377000,lap,31,14,76.453,False,1.2960000000000065,,,,,,,281,OCO,Haas F1 Team,9C9FA2,,,,,,,15.291,1.722,22.4,44.0,53.0,1017.0,0,0.8,149,,MEDIUM,0.0,yellow
2025-05-25 13:22:04.981000,lap,30,14,79.572,False,4.251000000000005,,,,,,,282,LAW,Racing Bulls,6C98FF,,,,,,,28.873,13.582,22.4,44.0,53.0,1017.0,0,0.8,149,,MEDIUM,6.0,yellow
2025-05-25 13:22:05.334000,lap,23,14,79.817,False,5.219999999999999,,,,,,,283,ALB,Williams,1868DB,,,,,,,29.199,0.326,22.4,44.0,53.0,1017.0,0,0.8,149,,MEDIUM,4.0,yellow
2025-05-25 13:22:06.493000,lap,55,14,79.429,False,5.4410000000000025,,,,,,,284,SAI,Williams,1868DB,,,,,,,30.404,1.205,22.4,44.0,53.0,1017.0,0,0.8,149,,HARD,0.0,yellow
2025-05-25 13:22:07.268000,lap,63,14,79.247,False,5.841999999999999,,,,,,,285,RUS,Mercedes,00D7B6,,,,,,,31.141,0.737,22.4,44.0,53.0,1017.0,0,0.8,149,,HARD,0.0,yellow
2025-05-25 13:22:07.801000,lap,12,14,79.075,False,5.557000000000002,,,,,,,286,ANT,Mercedes,00D7B6,,,,,,,31.716,0.575,22.4,44.0,53.0,1017.0,0,0.8,149,,HARD,0.0,yellow
2025-05-25 13:22:09.629000,lap,18,14,78.472,False,3.594999999999999,,,,,,,287,STR,Aston Martin,229971,,,,,,,33.616,1.9,22.4,44.0,53.0,1017.0,0,0.8,149,14.0,HARD,1.0,yellow
2025-05-25 13:22:10.411000,lap,22,14,78.775,False,3.862000000000009,,,,,,,288,TSU,Red Bull Racing,4781D7,,,,,,,34.443,0.827,22.4,44.0,53.0,1017.0,0,0.8,149,15.0,HARD,0.0,yellow
2025-05-25 13:22:11.629000,lap,87,14,78.386,False,3.5309999999999917,,,,,,,289,BEA,Haas F1 Team,9C9FA2,,,,,,,35.496,1.053,22.4,44.0,53.0,1017.0,0,0.8,149,16.0,HARD,0.0,yellow
2025-05-25 13:22:12.473000,lap,5,14,78.481,False,3.596999999999994,,,,,,,290,BOR,Kick Sauber,01C00E,,,,,,,36.362,0.866,22.4,44.0,53.0,1017.0,0,0.8,149,17.0,HARD,0.0,yellow
2025-05-25 13:22:22.567000,lap,27,14,76.106,False,0.8829999999999956,,,,,,,291,HUL,Kick Sauber,01C00E,,,,,,,46.508,10.146,22.4,44.0,53.0,1017.0,0,0.8,149,18.0,HARD,0.0,yellow
2025-05-25 13:22:25.676000,lap,43,14,80.062,True,4.763999999999996,,,,,,,292,COL,Alpine,00A1E8,,,,,,,52.36,5.695,22.4,44.0,53.0,1017.0,0,0.8,149,19.0,MEDIUM,7.0,yellow
2025-05-25 13:22:26.270000,pit_in,43,13,,,,,,,,,24.3,293,COL,Alpine,00A1E8,,,,,,,52.36,5.695,22.4,44.0,53.0,1017.0,0,0.8,149,19.0,MEDIUM,7.0,yellow
2025-05-25 13:22:50.570000,pit_out,43,13,,,,,,,,,24.3,294,COL,Alpine,00A1E8,,,,,,,53.225,6.351,22.4,44.0,53.0,1016.9,0,0.6,0,,MEDIUM,7.0,yellow
2025-05-25 13:22:52.364000,lap,4,15,75.673,False,2.451999999999998,,,,,,,295,NOR,McLaren,F47600,,,,,,,0.0,0.0,22.4,44.0,53.0,1016.9,0,0.6,0,,MEDIUM,0.0,yellow
2025-05-25 13:22:53.942000,lap,16,15,76.042,False,1.9869999999999948,,,,,,,296,LEC,Ferrari,ED1131,263.0,100.0,0.0,10009.0,7.0,0.0,1.722,1.722,22.4,44.0,53.0,1016.9,0,0.6,0,,MEDIUM,0.0,yellow
2025-05-25 13:22:57.505000,lap,81,15,75.522,False,1.777000000000001,,,,,,,297,PIA,McLaren,F47600,,,,,,,5.334,3.612,22.4,44.0,53.0,1016.9,0,0.6,0,,MEDIUM,0.0,yellow
2025-05-25 13:22:59.536000,lap,1,15,76.38,False,2.1499999999999915,,,,,,,298,VER,Red Bull Racing,4781D7,,,,,,,7.266,1.932,22.4,44.0,53.0,1016.9,0,0.6,0,,HARD,0.0,yellow
2025-05-25 13:23:04.536000,lap,14,15,75.593,False,0.0,,,,,,,299,ALO,Aston Martin,229971,,,,,,,12.24,4.974,22.4,44.0,53.0,1016.9,0,0.6,0,5.0,HARD,1.0,yellow
2025-05-25 13:23:05.864000,lap,44,15,75.991,False,1.9009999999999962,,,,,,,300,HAM,Ferrari,ED1131,263.0,100.0,0.0,10588.0,7.0,0.0,13.598,1.358,22.4,44.0,53.0,1016.9,0,0.6,0,6.0,HARD,0.0,yellow
2025-05-25 13:23:07.911000,lap,31,15,76.577,False,1.4200000000000017,,,,,,,301,OCO,Haas F1 Team,9C9FA2,,,,,,,15.622,2.024,22.4,44.0,53.0,1016.9,0,0.6,0,7.0,MEDIUM,0.0,yellow
2025-05-25 13:23:19.255000,lap,6,15,79.771,True,3.7900000000000063,,,,,,,302,HAD,Racing Bulls,6C98FF,,,,,,,29.469,13.571,22.4,44.0,53.0,1016.9,0,0.6,0,,SOFT,3.0,yellow
2025-05-25 13:23:19.864000,pit_in,6,14,,,,,,,,,24.3,303,HAD,Racing Bulls,6C98FF,,,,,,,29.469,13.571,22.4,44.0,53.0,1016.9,0,0.6,0,,SOFT,3.0,yellow
2025-05-25 13:23:24.614000,lap,30,15,80.161,False,4.840000000000003,,,,,,,304,LAW,Racing Bulls,6C98FF,,,,,,,32.323,5.342,22.4,44.0,53.0,1016.9,0,0.6,0,,MEDIUM,6.0,yellow
2025-05-25 13:23:25.177000,lap,23,15,80.143,False,5.5460000000000065,,,,,,,305,ALB,Williams,1868DB,,,,,,,32.894,0.571,22.4,44.0,53.0,1016.9,0,0.6,0,,MEDIUM,4.0,yellow
2025-05-25 13:23:26.052000,lap,55,15,79.999,False,6.010999999999996,,,,,,,306,SAI,Williams,1868DB,,,,,,,33.711,0.817,22.4,44.0,53.0,1016.9,0,0.6,0,,HARD,0.0,yellow
2025-05-25 13:23:26.489000,lap,63,15,79.764,False,6.358999999999995,,,,,,,307,RUS,Mercedes,00D7B6,,,,,,,34.266,0.555,22.4,44.0,53.0,1016.9,0,0.6,0,,HARD,0.0,yellow
2025-05-25 13:23:26.942000,lap,12,15,79.858,False,6.340000000000003,,,,,,,308,ANT,Mercedes,00D7B6,,,,,,,34.669,0.403,22.4,44.0,53.0,1016.9,0,0.6,0,,HARD,0.0,yellow
2025-05-25 13:23:28.239000,lap,18,15,79.347,False,4.469999999999999,,,,,,,309,STR,Aston Martin,229971,,,,,,,35.966,1.297,22.4,44.0,53.0,1016.9,0,0.6,0,,HARD,1.0,yellow
2025-05-25 13:23:29.302000,lap,22,15,79.086,False,4.173000000000002,,,,,,,310,TSU,Red Bull Racing,4781D7,,,,,,,37.096,1.13,22.4,44.0,53.0,1016.9,0,0.6,0,,HARD,0.0,yellow
2025-05-25 13:23:29.958000,lap,87,15,79.194,False,4.338999999999999,,,,,,,311,BEA,Haas F1 Team,9C9FA2,,,,,,,37.76,0.664,22.4,44.0,53.0,1016.9,0,0.6,0,,HARD,0.0,yellow
2025-05-25 13:23:30.911000,lap,5,15,78.647,False,3.7630000000000052,,,,,,,312,BOR,Kick Sauber,01C00E,,,,,,,,0.961,22.4,44.0,53.0,1016.9,0,0.6,0,,HARD,0.0,yellow
2025-05-25 13:23:38.802000,lap,27,15,76.553,False,1.3299999999999983,,,,,,,313,HUL,Kick Sauber,01C00E,,,,,,,46.492,7.771,22.4,44.0,53.0,1016.9,0,0.6,0,,HARD,0.0,yellow
2025-05-25 13:23:44.164000,pit_out,6,14,,,,,,,,,24.3,314,HAD,Racing Bulls,6C98FF,,,,,,,30.163,14.192,22.4,44.0,53.0,1016.9,0,0.6,0,,SOFT,3.0,yellow
2025-05-25 13:23:45.786000,lap,43,15,75.509,False,0.21099999999999852,,,,,,,315,COL,Alpine,00A1E8,,,,,,,53.485,6.993,22.4,44.0,53.0,1016.9,0,0.6,0,,MEDIUM,7.0,yellow
2025-05-25 13:24:07.902000,lap,4,16,74.914,False,1.6929999999999978,,,,,,,316,NOR,McLaren,F47600,,,,,,,0.0,0.0,22.5,44.3,51.0,1016.9,0,0.8,327,,MEDIUM,0.0,yellow
2025-05-25 13:24:10.011000,lap,16,16,75.743,False,1.6879999999999882,,,,,,,317,LEC,Ferrari,ED1131,267.0,100.0,0.0,12182.0,6.0,0.0,2.091,2.091,22.5,44.3,51.0,1016.9,0,0.8,327,,MEDIUM,0.0,yellow
2025-05-25 13:24:13.168000,lap,81,16,75.643,False,1.8979999999999961,,,,,,,318,PIA,McLaren,F47600,,,,,,,5.183,3.092,22.5,44.3,51.0,1016.9,0,0.8,327,,MEDIUM,0.0,yellow
2025-05-25 13:24:15.948000,lap,1,16,75.392,False,1.161999999999992,,,,,,,319,VER,Red Bull Racing,4781D7,,,,,,,7.973,2.79,22.5,44.3,51.0,1016.9,0,0.8,327,,HARD,0.0,yellow
2025-05-25 13:24:20.082000,lap,14,16,94.168,False,18.575000000000003,,,,,,,320,ALO,Aston Martin,229971,,,,,,,12.16,4.187,22.5,44.3,51.0,1016.9,0,0.8,327,,HARD,1.0,yellow
2025-05-25 13:24:21.895000,lap,44,16,75.941,False,1.850999999999999,,,,,,,321,HAM,Ferrari,ED1131,264.0,100.0,0.0,10700.0,6.0,0.0,13.916,1.756,22.5,44.3,51.0,1016.9,0,0.8,327,,HARD,0.0,yellow
2025-05-25 13:24:24.473000,lap,31,16,94.94,False,19.783,,,,,,,322,OCO,Haas F1 Team,9C9FA2,,,,,,,16.526,2.61,22.5,44.3,51.0,1016.9,0,0.8,327,,MEDIUM,4.0,yellow
2025-05-25 13:24:39.004000,lap,6,16,75.981,False,0.0,,,,,,,323,HAD,Racing Bulls,6C98FF,,,,,,,31.079,14.553,22.5,44.3,51.0,1016.9,0,0.8,327,,SOFT,3.0,yellow
2025-05-25 13:24:44.674000,lap,30,16,80.692,False,5.370999999999995,,,,,,,324,LAW,Racing Bulls,6C98FF,,,,,,,36.811,5.732,22.5,44.3,51.0,1016.9,0,0.8,327,,MEDIUM,6.0,yellow
2025-05-25 13:24:45.283000,lap,23,16,80.692,False,6.094999999999999,,,,,,,325,ALB,Williams,1868DB,,,,,,,37.364,0.553,22.5,44.3,51.0,1016.9,0,0.8,327,,MEDIUM,4.0,yellow
2025-05-25 13:24:45.939000,lap,55,16,80.697,False,6.709000000000003,,,,,,,326,SAI,Williams,1868DB,,,,,,,38.037,0.673,22.5,44.3,51.0,1016.9,0,0.8,327,,HARD,0.0,yellow
2025-05-25 13:24:46.314000,lap,63,16,80.766,False,7.361000000000004,,,,,,,327,RUS,Mercedes,00D7B6,,,,,,,38.357,0.32,22.5,44.3,51.0,1016.9,0,0.8,327,,HARD,0.0,yellow
2025-05-25 13:24:46.814000,lap,12,16,80.745,False,7.227000000000004,,,,,,,328,ANT,Mercedes,00D7B6,,,,,,,38.854,0.497,22.5,44.3,51.0,1016.9,0,0.8,327,,HARD,0.0,yellow
2025-05-25 13:24:47.595000,lap,18,16,80.446,False,5.569000000000003,,,,,,,329,STR,Aston Martin,229971,,,,,,,39.64,0.786,22.5,44.3,51.0,1016.9,0,0.8,327,,HARD,1.0,yellow
2025-05-25 13:24:48.408000,lap,22,16,80.444,False,5.531000000000006,,,,,,,330,TSU,Red Bull Racing,4781D7,,,,,,,40.509,0.869,22.5,44.3,51.0,1016.9,0,0.8,327,,HARD,0.0,yellow
2025-05-25 13:24:49.299000,lap,87,16,80.638,False,5.783000000000001,,,,,,,331,BEA,Haas F1 Team,9C9FA2,,,,,,,41.281,0.772,22.5,44.3,51.0,1016.9,0,0.8,327,,HARD,0.0,yellow
2025-05-25 13:24:49.642000,lap,5,16,80.378,False,5.494,,,,,,,332,BOR,Kick Sauber,01C00E,,,,,,,41.695,0.414,22.5,45.2,50.0,1016.9,0,1.2,173,,HARD,0.0,yellow
2025-05-25 13:24:55.267000,lap,27,16,78.317,False,3.093999999999994,,,,,,,333,HUL,Kick Sauber,01C00E,,,,,,,47.372,5.677,22.5,45.2,50.0,1016.9,0,1.2,173,,HARD,0.0,yellow
2025-05-25 13:25:01.267000,lap,43,16,75.435,False,0.13700000000000045,,,,,,,334,COL,Alpine,00A1E8,,,,,,,53.321,5.949,22.5,45.2,50.0,1016.9,0,1.2,173,,MEDIUM,7.0,yellow
2025-05-25 13:25:22.908000,lap,4,17,74.659,False,1.4380000000000024,,,,,,,335,NOR,McLaren,F47600,,,,,,,0.0,0.0,22.5,45.2,50.0,1016.9,0,1.2,173,,MEDIUM,0.0,yellow
2025-05-25 13:25:25.736000,lap,16,17,75.268,False,1.2129999999999939,,,,,,,336,LEC,Ferrari,ED1131,265.0,100.0,0.0,10744.0,7.0,0.0,2.92,2.92,22.5,45.2,50.0,1016.9,0,1.2,173,,MEDIUM,0.0,yellow
2025-05-25 13:25:28.814000,lap,81,17,75.457,False,1.711999999999989,,,,,,,337,PIA,McLaren,F47600,,,,,,,5.912,2.992,22.5,45.2,50.0,1016.9,0,1.2,173,,MEDIUM,0.0,yellow
2025-05-25 13:25:31.283000,lap,1,17,75.131,False,0.9009999999999962,,,,,,,338,VER,Red Bull Racing,4781D7,,,,,,,8.451,2.539,22.5,45.2,50.0,1016.9,0,1.2,173,,HARD,0.0,yellow
2025-05-25 13:25:37.736000,lap,44,17,74.977,False,0.8870000000000005,,,,,,,339,HAM,Ferrari,ED1131,259.0,100.0,0.0,10652.0,6.0,0.0,14.943,6.492,22.5,45.2,50.0,1016.9,0,1.2,173,5.0,HARD,0.0,yellow
2025-05-25 13:25:54.299000,lap,14,17,80.283,True,4.689999999999998,,,,,,,340,ALO,Aston Martin,229971,,,,,,,33.486,1.181,22.6,45.2,48.0,1016.7,0,0.5,189,,HARD,1.0,yellow
2025-05-25 13:25:54.877000,pit_in,14,16,,,,,,,,,25.3,341,ALO,Aston Martin,229971,,,,,,,33.486,1.181,22.6,45.2,48.0,1016.7,0,0.5,189,,HARD,1.0,yellow
2025-05-25 13:25:54.908000,lap,6,17,77.191,False,1.210000000000008,,,,,,,342,HAD,Racing Bulls,6C98FF,,,,,,,32.146,0.732,22.6,45.2,48.0,1016.7,0,0.5,189,7.0,SOFT,3.0,yellow
2025-05-25 13:25:59.455000,lap,31,17,78.801,True,3.6440000000000055,,,,,,,343,OCO,Haas F1 Team,9C9FA2,,,,,,,38.876,5.39,22.6,45.2,48.0,1016.7,0,0.5,189,8.0,MEDIUM,4.0,yellow
2025-05-25 13:26:00.002000,pit_in,31,16,,,,,,,,,25.5,344,OCO,Haas F1 Team,9C9FA2,,,,,,,38.876,5.39,22.6,45.2,48.0,1016.7,0,0.5,189,,MEDIUM,4.0,yellow
2025-05-25 13:26:05.393000,lap,30,17,80.979,False,5.658000000000001,,,,,,,345,LAW,Racing Bulls,6C98FF,,,,,,,42.589,6.037,22.6,45.2,48.0,1016.7,0,0.5,189,,MEDIUM,6.0,yellow
2025-05-25 13:26:05.986000,lap,23,17,80.978,False,6.381,,,,,,,346,ALB,Williams,1868DB,,,,,,,43.142,0.553,22.6,45.2,48.0,1016.7,0,0.5,189,,MEDIUM,4.0,yellow
2025-05-25 13:26:06.580000,lap,55,17,81.06,False,7.072000000000003,,,,,,,347,SAI,Williams,1868DB,,,,,,,43.82,0.678,22.6,45.2,48.0,1016.7,0,0.5,189,,HARD,0.0,yellow
2025-05-25 13:26:07.033000,lap,63,17,81.057,False,7.652000000000001,,,,,,,348,RUS,Mercedes,00D7B6,,,,,,,44.209,0.389,22.6,45.2,48.0,1016.7,0,0.5,189,,HARD,0.0,yellow
2025-05-25 13:26:07.518000,lap,12,17,81.182,False,7.6640000000000015,,,,,,,349,ANT,Mercedes,00D7B6,,,,,,,44.685,0.476,22.6,45.2,48.0,1016.7,0,0.5,189,,HARD,0.0,yellow
2025-05-25 13:26:07.986000,lap,18,17,97.825,False,22.948000000000008,,,,,,,350,STR,Aston Martin,229971,,,,,,,45.172,0.487,22.6,45.2,48.0,1016.7,0,0.5,189,,HARD,1.0,yellow
2025-05-25 13:26:08.861000,lap,22,17,81.081,False,6.168000000000006,,,,,,,351,TSU,Red Bull Racing,4781D7,,,,,,,46.039,0.867,22.6,45.2,48.0,1016.7,0,0.5,189,,HARD,0.0,yellow
2025-05-25 13:26:09.893000,lap,87,17,97.866,False,23.010999999999996,,,,,,,352,BEA,Haas F1 Team,9C9FA2,,,,,,,47.005,0.966,22.6,45.2,48.0,1016.7,0,0.5,189,,MEDIUM,0.0,yellow
2025-05-25 13:26:09.971000,lap,5,17,80.937,False,6.052999999999997,,,,,,,353,BOR,Kick Sauber,01C00E,,,,,,,47.159,0.154,22.6,45.2,48.0,1016.7,0,0.5,189,,HARD,0.0,yellow
2025-05-25 13:26:13.565000,lap,27,17,79.969,False,4.745999999999995,,,,,,,354,HUL,Kick Sauber,01C00E,,,,,,,50.775,3.616,22.6,45.2,48.0,1016.7,0,0.5,189,,HARD,0.0,yellow
2025-05-25 13:26:16.699000,lap,43,17,77.547,False,2.2489999999999952,,,,,,,355,COL,Alpine,00A1E8,,,,,,,53.842,3.067,22.6,45.2,48.0,1016.7,0,0.5,189,,MEDIUM,7.0,yellow
2025-05-25 13:26:20.177000,pit_out,14,16,,,,,,,,,25.3,356,ALO,Aston Martin,229971,,,,,,,35.096,2.135,22.6,45.2,48.0,1016.7,0,0.5,189,,HARD,1.0,yellow
2025-05-25 13:26:25.502000,pit_out,31,16,,,,,,,,,25.5,357,OCO,Haas F1 Team,9C9FA2,,,,,,,40.284,5.188,22.6,45.2,48.0,1016.7,0,0.5,189,,MEDIUM,4.0,yellow
2025-05-25 13:26:37.443000,lap,4,18,75.28,False,2.0589999999999975,,,,,,,358,NOR,McLaren,F47600,,,,,,,0.0,0.0,22.6,45.2,48.0,1016.7,0,0.5,189,,MEDIUM,0.0,yellow
2025-05-25 13:26:41.021000,lap,16,18,74.821,False,0.7659999999999911,,,,,,,359,LEC,Ferrari,ED1131,268.0,100.0,0.0,10744.0,7.0,0.0,3.529,3.529,22.6,45.2,48.0,1016.7,0,0.5,189,,MEDIUM,0.0,yellow
2025-05-25 13:26:44.271000,lap,81,18,74.934,False,1.188999999999993,,,,,,,360,PIA,McLaren,F47600,,,,,,,6.71,3.181,22.6,45.2,48.0,1016.7,0,0.5,189,,MEDIUM,0.0,yellow
2025-05-25 13:26:46.427000,lap,1,18,75.035,False,0.8049999999999926,,,,,,,361,VER,Red Bull Racing,4781D7,,,,,,,8.923,2.213,22.6,45.2,48.0,1016.7,0,0.5,189,,HARD,0.0,yellow
2025-05-25 13:26:52.823000,lap,44,18,91.862,False,17.77199999999999,,,,,,,362,HAM,Ferrari,ED1131,266.0,100.0,0.0,10654.0,7.0,0.0,15.261,6.338,22.7,44.9,49.0,1016.9,0,0.6,238,,HARD,1.0,yellow
2025-05-25 13:27:12.182000,lap,6,18,76.372,False,0.39100000000000534,,,,,,,363,HAD,Racing Bulls,6C98FF,,,,,,,34.678,19.417,22.7,44.9,49.0,1016.9,0,0.6,238,,SOFT,3.0,yellow
2025-05-25 13:27:14.524000,lap,14,18,76.84,False,1.2469999999999999,,,,,,,364,ALO,Aston Martin,229971,,,,,,,37.038,2.36,22.7,44.9,49.0,1016.9,0,0.6,238,,HARD,1.0,yellow
2025-05-25 13:27:18.328000,lap,31,18,75.774,False,0.6170000000000044,,,,,,,365,OCO,Haas F1 Team,9C9FA2,,,,,,,40.694,3.656,22.7,44.9,49.0,1016.9,0,0.6,238,,MEDIUM,4.0,yellow
2025-05-25 13:27:26.469000,lap,30,18,80.225,False,4.903999999999996,,,,,,,366,LAW,Racing Bulls,6C98FF,,,,,,,48.909,8.215,22.7,44.9,49.0,1016.9,0,0.6,238,,MEDIUM,6.0,yellow
2025-05-25 13:27:26.949000,lap,23,18,80.235,False,5.638000000000005,,,,,,,367,ALB,Williams,1868DB,,,,,,,49.461,0.552,22.7,44.9,49.0,1016.9,0,0.6,238,,MEDIUM,4.0,yellow
2025-05-25 13:27:27.758000,lap,55,18,80.143,False,6.155000000000001,,,,,,,368,SAI,Williams,1868DB,,,,,,,50.221,0.76,22.7,44.9,49.0,1016.9,0,0.6,238,,HARD,0.0,yellow
2025-05-25 13:27:28.144000,lap,63,18,80.126,False,6.721000000000004,,,,,,,369,RUS,Mercedes,00D7B6,,,,,,,50.607,0.386,22.7,44.9,49.0,1016.9,0,0.6,238,,HARD,0.0,yellow
2025-05-25 13:27:28.665000,lap,12,18,80.136,False,6.617999999999995,,,,,,,370,ANT,Mercedes,00D7B6,,,,,,,51.208,0.601,22.7,44.9,49.0,1016.9,0,0.6,238,,HARD,0.0,yellow
2025-05-25 13:27:29.861000,lap,22,18,79.608,False,4.695000000000007,,,,,,,371,TSU,Red Bull Racing,4781D7,,,,,,,52.461,1.253,22.7,44.9,49.0,1016.9,0,0.6,238,14.0,HARD,0.0,yellow
2025-05-25 13:27:30.853000,lap,5,18,79.222,False,4.337999999999994,,,,,,,372,BOR,Kick Sauber,01C00E,,,,,,,53.437,0.976,22.7,44.9,49.0,1016.9,0,0.6,238,15.0,HARD,0.0,yellow
2025-05-25 13:27:33.569000,lap,27,18,78.044,False,2.820999999999998,,,,,,,373,HUL,Kick Sauber,01C00E,,,,,,,56.085,2.648,22.7,44.9,49.0,1016.9,0,0.6,238,16.0,HARD,0.0,yellow
2025-05-25 13:27:34.140000,lap,43,18,78.351,False,3.0529999999999973,,,,,,,374,COL,Alpine,00A1E8,,,,,,,,0.645,22.7,44.9,49.0,1016.9,0,0.6,238,17.0,MEDIUM,7.0,yellow
2025-05-25 13:27:45.865000,lap,18,18,79.563,True,4.686000000000007,,,,,,,375,STR,Aston Martin,229971,,,,,,,70.863,13.937,22.7,44.9,49.0,1016.9,0,0.6,238,,HARD,1.0,yellow
2025-05-25 13:27:46.469000,pit_in,18,17,,,,,,,,,23.9,376,STR,Aston Martin,229971,,,,,,,70.863,13.937,22.7,44.9,49.0,1016.9,0,0.6,238,,HARD,1.0,yellow
2025-05-25 13:27:47.718000,lap,87,18,78.426,True,3.570999999999998,,,,,,,377,BEA,Haas F1 Team,9C9FA2,,,,,,,72.564,1.701,22.7,44.9,49.0,1016.9,0,0.6,238,,MEDIUM,0.0,yellow
2025-05-25 13:27:48.398000,pit_in,87,17,,,,,,,,,24.5,378,BEA,Haas F1 Team,9C9FA2,,,,,,,72.564,1.701,22.7,44.9,49.0,1016.9,0,0.6,238,,MEDIUM,0.0,yellow
2025-05-25 13:27:52.825000,lap,4,19,92.254,False,19.033,,,,,,,379,NOR,McLaren,F47600,,,,,,,0.0,0.0,22.8,44.5,49.0,1016.9,0,1.2,163,,HARD,0.0,yellow
2025-05-25 13:27:55.887000,lap,16,19,75.516,False,1.4609999999999985,,,,,,,380,LEC,Ferrari,ED1131,267.0,99.0,0.0,10739.0,7.0,0.0,3.07,3.07,22.8,44.5,49.0,1016.9,0,1.2,163,,MEDIUM,0.0,yellow
2025-05-25 13:27:59.168000,lap,81,19,75.049,False,1.304000000000002,,,,,,,381,PIA,McLaren,F47600,,,,,,,6.364,3.294,22.8,44.5,49.0,1016.9,0,1.2,163,,MEDIUM,0.0,yellow
2025-05-25 13:28:01.434000,lap,1,19,75.413,False,1.1829999999999927,,,,,,,382,VER,Red Bull Racing,4781D7,,,,,,,8.678,2.314,22.8,44.5,49.0,1016.9,0,1.2,163,,HARD,0.0,yellow
2025-05-25 13:28:10.369000,pit_out,18,17,,,,,,,,,23.9,383,STR,Aston Martin,229971,,,,,,,71.609,14.125,22.8,44.5,49.0,1016.9,0,1.2,163,,HARD,1.0,yellow
2025-05-25 13:28:12.898000,pit_out,87,17,,,,,,,,,24.5,384,BEA,Haas F1 Team,9C9FA2,,,,,,,73.139,1.199,22.8,44.5,49.0,1016.9,0,1.2,163,,MEDIUM,0.0,yellow
2025-05-25 13:28:24.622000,lap,44,19,78.042,True,3.951999999999998,,,,,,,385,HAM,Ferrari,ED1131,60.0,64.0,0.0,5209.0,2.0,0.0,33.896,25.133,22.8,44.5,49.0,1016.9,0,1.2,163,,HARD,1.0,yellow
2025-05-25 13:28:25.215000,pit_in,44,18,,,,,,,,,23.5,386,HAM,Ferrari,ED1131,67.0,64.0,0.0,7029.0,2.0,0.0,33.896,25.133,22.8,44.5,49.0,1016.9,0,1.2,163,,HARD,1.0,yellow
2025-05-25 13:28:28.528000,lap,6,19,93.324,False,17.343000000000004,,,,,,,387,HAD,Racing Bulls,6C98FF,,,,,,,35.77,3.927,22.8,44.5,49.0,1016.9,0,1.2,163,,HARD,1.0,yellow
2025-05-25 13:28:31.372000,lap,14,19,77.226,False,1.6329999999999956,,,,,,,388,ALO,Aston Martin,229971,,,,,,,38.598,,22.8,44.5,49.0,1016.9,0,1.2,163,,HARD,1.0,yellow
2025-05-25 13:28:33.965000,lap,31,19,76.74,False,1.5829999999999984,,,,,,,389,OCO,Haas F1 Team,9C9FA2,,,,,,,41.188,2.59,22.8,44.5,49.0,1016.9,0,1.2,163,,MEDIUM,4.0,yellow
2025-05-25 13:28:46.575000,lap,30,19,79.333,False,4.0120000000000005,,,,,,,390,LAW,Racing Bulls,6C98FF,,,,,,,53.854,12.666,22.8,44.5,49.0,1016.9,0,1.2,163,,MEDIUM,6.0,yellow
2025-05-25 13:28:47.106000,lap,23,19,79.279,False,4.682000000000002,,,,,,,391,ALB,Williams,1868DB,,,,,,,54.416,0.562,22.8,44.5,49.0,1016.9,0,1.2,163,,MEDIUM,4.0,yellow
2025-05-25 13:28:47.903000,lap,55,19,79.522,False,5.534000000000006,,,,,,,392,SAI,Williams,1868DB,,,,,,,55.084,0.668,22.8,44.5,49.0,1016.9,0,1.2,163,,HARD,0.0,yellow
2025-05-25 13:28:48.216000,lap,63,19,79.629,False,6.224000000000004,,,,,,,393,RUS,Mercedes,00D7B6,,,,,,,55.453,0.369,22.8,44.5,49.0,1016.9,0,1.2,163,,HARD,0.0,yellow
2025-05-25 13:28:48.715000,pit_out,44,18,,,,,,,,,23.5,394,HAM,Ferrari,ED1131,79.0,0.0,100.0,6745.0,2.0,0.0,34.472,25.679,22.8,44.5,49.0,1016.9,0,1.2,163,,HARD,1.0,yellow
2025-05-25 13:28:48.872000,lap,12,19,79.624,False,6.1059999999999945,,,,,,,395,ANT,Mercedes,00D7B6,,,,,,,56.064,0.611,22.8,44.5,49.0,1016.9,0,1.2,163,,HARD,0.0,yellow
2025-05-25 13:28:49.544000,lap,22,19,79.752,False,4.838999999999999,,,,,,,396,TSU,Red Bull Racing,4781D7,,,,,,,56.789,0.725,22.8,44.5,50.0,1016.9,0,1.6,177,,HARD,0.0,yellow
2025-05-25 13:28:50.091000,lap,5,19,79.729,False,4.844999999999999,,,,,,,397,BOR,Kick Sauber,01C00E,,,,,,,57.379,0.59,22.8,44.5,50.0,1016.9,0,1.6,177,,HARD,0.0,yellow
2025-05-25 13:28:51.669000,lap,27,19,79.058,False,3.835000000000008,,,,,,,398,HUL,Kick Sauber,01C00E,,,,,,,58.849,1.47,22.8,44.5,50.0,1016.9,0,1.6,177,,HARD,0.0,yellow
2025-05-25 13:28:52.622000,lap,43,19,78.851,False,3.5529999999999973,,,,,,,399,COL,Alpine,00A1E8,,,,,,,59.801,0.952,22.8,44.5,50.0,1016.9,0,1.6,177,,MEDIUM,7.0,yellow
2025-05-25 13:29:05.325000,lap,18,19,76.581,False,1.7040000000000077,,,,,,,400,STR,Aston Martin,229971,,,,,,,72.621,12.82,22.8,44.5,50.0,1016.9,0,1.6,177,,HARD,1.0,yellow
2025-05-25 13:29:06.122000,lap,87,19,76.285,False,1.4299999999999926,,,,,,,401,BEA,Haas F1 Team,9C9FA2,,,,,,,73.358,0.737,22.8,44.5,50.0,1016.9,0,1.6,177,,MEDIUM,0.0,yellow
2025-05-25 13:29:11.419000,lap,16,20,74.807,False,0.7519999999999953,,,,,,,402,LEC,Ferrari,ED1131,267.0,100.0,0.0,10805.0,7.0,0.0,0.0,0.0,22.8,44.5,50.0,1016.9,0,1.6,177,1.0,MEDIUM,0.0,yellow
2025-05-25 13:29:14.122000,lap,81,20,93.72,False,19.974999999999994,,,,,,,403,PIA,McLaren,F47600,,,,,,,2.827,2.827,22.8,44.5,50.0,1016.9,0,1.6,177,2.0,HARD,0.0,yellow
2025-05-25 13:29:16.778000,lap,1,20,75.233,False,1.0030000000000001,,,,,,,404,VER,Red Bull Racing,4781D7,,,,,,,5.505,2.678,22.8,44.5,50.0,1016.9,0,1.6,177,3.0,HARD,0.0,yellow
2025-05-25 13:29:25.138000,lap,4,20,78.033,True,4.811999999999998,,,,,,,405,NOR,McLaren,F47600,,,,,,,16.191,10.504,22.8,44.5,50.0,1016.9,0,1.6,177,,HARD,0.0,yellow
2025-05-25 13:29:25.700000,pit_in,4,19,,,,,,,,,24.5,406,NOR,McLaren,F47600,,,,,,,16.191,10.504,22.8,44.5,50.0,1016.9,0,1.6,177,,HARD,0.0,yellow
2025-05-25 13:29:42.606000,lap,44,20,75.065,False,0.9749999999999943,,,,,,,407,HAM,Ferrari,ED1131,263.0,100.0,0.0,10723.0,7.0,0.0,31.299,17.631,22.8,44.5,50.0,1016.9,0,1.6,177,,HARD,1.0,yellow
2025-05-25 13:29:48.591000,lap,14,20,77.267,False,1.6739999999999924,,,,,,,408,ALO,Aston Martin,229971,,,,,,,37.238,5.939,22.8,44.5,50.0,1016.9,0,1.6,177,6.0,HARD,1.0,yellow
2025-05-25 13:29:50.200000,pit_out,4,19,,,,,,,,,24.5,409,NOR,McLaren,F47600,,,,,,,17.058,11.121,22.6,44.0,51.0,1016.8,0,0.8,157,,HARD,0.0,yellow
2025-05-25 13:29:50.560000,lap,31,20,76.599,False,1.4420000000000073,,,,,,,410,OCO,Haas F1 Team,9C9FA2,,,,,,,39.342,2.104,22.6,44.0,51.0,1016.8,0,0.8,157,7.0,MEDIUM,4.0,yellow
2025-05-25 13:30:01.919000,lap,6,20,79.175,True,3.1940000000000026,,,,,,,411,HAD,Racing Bulls,6C98FF,,,,,,,53.099,13.556,22.6,44.0,51.0,1016.8,0,0.8,157,,HARD,1.0,yellow
2025-05-25 13:30:02.482000,pit_in,6,19,,,,,,,,,24.0,412,HAD,Racing Bulls,6C98FF,,,,,,,53.099,13.556,22.6,44.0,51.0,1016.8,0,0.8,157,,HARD,1.0,yellow
2025-05-25 13:30:05.935000,lap,30,20,77.398,False,2.076999999999998,,,,,,,413,LAW,Racing Bulls,6C98FF,,,,,,,54.601,4.093,22.6,44.0,51.0,1016.8,0,0.8,157,,MEDIUM,6.0,yellow
2025-05-25 13:30:06.482000,lap,23,20,77.928,False,3.331000000000003,,,,,,,414,ALB,Williams,1868DB,,,,,,,55.109,0.508,22.6,44.0,51.0,1016.8,0,0.8,157,,MEDIUM,4.0,yellow
2025-05-25 13:30:07.341000,lap,55,20,77.855,False,3.8670000000000044,,,,,,,415,SAI,Williams,1868DB,,,,,,,56.02,0.911,22.6,44.0,51.0,1016.8,0,0.8,157,,HARD,0.0,yellow
2025-05-25 13:30:07.903000,lap,63,20,78.513,False,5.108000000000004,,,,,,,416,RUS,Mercedes,00D7B6,,,,,,,56.496,0.476,22.6,44.0,51.0,1016.8,0,0.8,157,,HARD,0.0,yellow
2025-05-25 13:30:08.435000,lap,12,20,78.842,False,5.323999999999998,,,,,,,417,ANT,Mercedes,00D7B6,,,,,,,57.102,0.606,22.6,44.0,51.0,1016.8,0,0.8,157,,HARD,0.0,yellow
2025-05-25 13:30:09.325000,lap,22,20,78.896,False,3.983000000000004,,,,,,,418,TSU,Red Bull Racing,4781D7,,,,,,,57.955,0.853,22.6,44.0,51.0,1016.8,0,0.8,157,,HARD,0.0,yellow
2025-05-25 13:30:09.810000,lap,5,20,79.335,False,4.450999999999993,,,,,,,419,BOR,Kick Sauber,01C00E,,,,,,,58.522,0.567,22.6,44.0,51.0,1016.8,0,0.8,157,,HARD,0.0,yellow
2025-05-25 13:30:10.638000,lap,27,20,79.381,False,4.158000000000001,,,,,,,420,HUL,Kick Sauber,01C00E,,,,,,,59.321,0.799,22.6,44.0,51.0,1016.8,0,0.8,157,,HARD,0.0,yellow
2025-05-25 13:30:11.419000,lap,43,20,79.296,False,3.9980000000000047,,,,,,,421,COL,Alpine,00A1E8,,,,,,,60.066,0.745,22.6,44.0,51.0,1016.8,0,0.8,157,,MEDIUM,7.0,yellow
2025-05-25 13:30:22.059000,lap,18,20,76.433,False,1.5560000000000116,,,,,,,422,STR,Aston Martin,229971,,,,,,,70.616,10.55,22.6,44.0,51.0,1016.8,0,0.8,157,,HARD,1.0,yellow
2025-05-25 13:30:22.543000,lap,87,20,76.53,False,1.6749999999999972,,,,,,,423,BEA,Haas F1 Team,9C9FA2,,,,,,,71.057,0.441,22.6,44.0,51.0,1016.8,0,0.8,157,,MEDIUM,0.0,yellow
2025-05-25 13:30:26.246000,lap,16,21,75.782,False,1.7269999999999897,,,,,,,424,LEC,Ferrari,ED1131,268.0,100.0,0.0,10873.0,7.0,0.0,0.0,0.0,22.6,44.0,51.0,1016.8,0,0.8,157,,MEDIUM,0.0,yellow
2025-05-25 13:30:26.482000,pit_out,6,19,,,,,,,,,24.0,425,HAD,Racing Bulls,6C98FF,,,,,,,54.028,14.069,22.6,44.0,51.0,1016.8,0,0.8,157,,HARD,1.0,yellow
2025-05-25 13:30:32.387000,lap,1,21,75.248,False,1.0180000000000007,,,,,,,426,VER,Red Bull Racing,4781D7,,,,,,,5.931,5.931,22.6,44.0,51.0,1016.8,0,0.8,157,2.0,HARD,0.0,yellow
2025-05-25 13:30:43.043000,lap,4,21,75.259,False,2.0379999999999967,,,,,,,427,NOR,McLaren,F47600,,,,,,,16.894,10.963,22.6,44.0,51.0,1016.8,0,0.8,157,3.0,HARD,0.0,yellow
2025-05-25 13:30:47.903000,lap,81,21,78.014,True,4.268999999999991,,,,,,,428,PIA,McLaren,F47600,,,,,,,24.288,7.332,22.6,44.0,51.0,1016.8,0,0.8,157,,HARD,0.0,yellow
2025-05-25 13:30:48.575000,pit_in,81,20,,,,,,,,,25.7,429,PIA,McLaren,F47600,,,,,,,24.288,7.332,22.6,44.0,51.0,1016.8,0,0.8,157,,HARD,0.0,yellow
2025-05-25 13:30:57.682000,lap,44,21,75.75,False,1.6599999999999966,,,,,,,430,HAM,Ferrari,ED1131,262.0,100.0,0.0,10408.0,7.0,0.0,31.557,9.817,22.5,44.0,51.0,1016.8,0,0.8,349,,HARD,1.0,yellow
2025-05-25 13:31:05.807000,lap,14,21,77.921,False,2.328000000000003,,,,,,,431,ALO,Aston Martin,229971,,,,,,,39.698,8.141,22.5,44.0,51.0,1016.8,0,0.8,349,,HARD,1.0,yellow
2025-05-25 13:31:07.417000,lap,31,21,77.503,False,2.3460000000000036,,,,,,,432,OCO,Haas F1 Team,9C9FA2,,,,,,,41.134,1.436,22.5,44.0,51.0,1016.8,0,0.8,349,,MEDIUM,4.0,yellow
2025-05-25 13:31:14.275000,pit_out,81,20,,,,,,,,,25.7,433,PIA,McLaren,F47600,,,,,,,24.642,7.257,22.5,44.0,51.0,1016.8,0,0.8,349,,HARD,0.0,yellow
2025-05-25 13:31:21.104000,lap,6,21,76.136,False,0.15500000000000114,,,,,,,434,HAD,Racing Bulls,6C98FF,,,,,,,54.876,13.742,22.5,44.0,51.0,1016.8,0,0.8,349,,HARD,1.0,yellow
2025-05-25 13:31:23.276000,lap,30,21,77.057,False,1.7360000000000042,,,,,,,435,LAW,Racing Bulls,6C98FF,,,,,,,57.192,2.316,22.5,44.0,51.0,1016.8,0,0.8,349,,MEDIUM,6.0,yellow
2025-05-25 13:31:24.448000,lap,23,21,77.096,False,2.4990000000000094,,,,,,,436,ALB,Williams,1868DB,,,,,,,58.23,1.038,22.5,44.0,51.0,1016.8,0,0.8,349,,MEDIUM,4.0,yellow
2025-05-25 13:31:25.323000,lap,55,21,77.461,False,3.472999999999999,,,,,,,437,SAI,Williams,1868DB,,,,,,,59.068,0.838,22.5,44.0,51.0,1016.8,0,0.8,349,,HARD,0.0,yellow
2025-05-25 13:31:26.417000,lap,63,21,77.775,False,4.3700000000000045,,,,,,,438,RUS,Mercedes,00D7B6,,,,,,,60.202,1.134,22.5,44.0,51.0,1016.8,0,0.8,349,,HARD,0.0,yellow
2025-05-25 13:31:27.354000,lap,12,21,77.914,False,4.396000000000001,,,,,,,439,ANT,Mercedes,00D7B6,,,,,,,61.137,0.935,22.5,44.0,51.0,1016.8,0,0.8,349,,HARD,0.0,yellow
2025-05-25 13:31:28.245000,lap,22,21,77.885,False,2.9720000000000084,,,,,,,440,TSU,Red Bull Racing,4781D7,,,,,,,62.044,0.907,22.5,44.0,51.0,1016.8,0,0.8,349,,HARD,0.0,yellow
2025-05-25 13:31:29.214000,lap,5,21,77.718,False,2.834000000000003,,,,,,,441,BOR,Kick Sauber,01C00E,,,,,,,63.05,1.006,22.5,44.0,51.0,1016.8,0,0.8,349,,HARD,0.0,yellow
2025-05-25 13:31:30.058000,lap,27,21,78.15,False,2.9270000000000067,,,,,,,442,HUL,Kick Sauber,01C00E,,,,,,,63.895,0.845,22.5,44.0,51.0,1016.8,0,0.8,349,,HARD,0.0,yellow
2025-05-25 13:31:30.761000,lap,43,21,78.214,False,2.915999999999997,,,,,,,443,COL,Alpine,00A1E8,,,,,,,64.555,0.66,22.5,44.0,51.0,1016.8,0,0.8,349,,MEDIUM,7.0,yellow
2025-05-25 13:31:38.355000,lap,18,21,76.907,False,2.030000000000001,,,,,,,444,STR,Aston Martin,229971,,,,,,,,7.687,22.5,44.0,51.0,1016.8,0,0.8,349,,HARD,1.0,yellow
2025-05-25 13:31:38.964000,lap,87,21,77.189,False,2.333999999999989,,,,,,,445,BEA,Haas F1 Team,9C9FA2,,,,,,,72.78,0.538,22.5,44.0,51.0,1016.8,0,0.8,349,,MEDIUM,0.0,yellow
2025-05-25 13:31:42.042000,lap,16,22,92.412,False,18.357,,,,,,,446,LEC,Ferrari,ED1131,267.0,100.0,0.0,10754.0,7.0,0.0,0.0,0.0,22.5,44.0,51.0,1016.8,0,0.8,349,,HARD,0.0,yellow
2025-05-25 13:31:47.355000,lap,1,22,75.291,False,1.0609999999999928,,,,,,,447,VER,Red Bull Racing,4781D7,,,,,,,5.397,5.397,22.5,44.0,51.0,1016.8,0,0.8,349,,HARD,0.0,yellow
2025-05-25 13:31:58.433000,lap,4,22,74.846,False,1.625,,,,,,,448,NOR,McLaren,F47600,,,,,,,16.371,10.974,22.4,44.0,52.0,1016.9,0,0.5,259,,HARD,0.0,yellow
2025-05-25 13:32:05.917000,lap,81,22,73.818,False,0.07299999999999329,,,,,,,449,PIA,McLaren,F47600,,,,,,,23.972,7.601,22.4,44.0,52.0,1016.9,0,0.5,259,,HARD,0.0,yellow
2025-05-25 13:32:13.558000,lap,44,22,75.003,False,0.9129999999999967,,,,,,,450,HAM,Ferrari,ED1131,266.0,100.0,0.0,10705.0,7.0,0.0,31.525,7.553,22.4,44.0,52.0,1016.9,0,0.5,259,,HARD,1.0,yellow
2025-05-25 13:32:23.777000,lap,14,22,78.938,False,3.344999999999999,,,,,,,451,ALO,Aston Martin,229971,,,,,,,41.837,10.312,22.4,44.0,52.0,1016.9,0,0.5,259,,HARD,1.0,yellow
2025-05-25 13:32:24.761000,lap,31,22,78.5,False,3.3430000000000035,,,,,,,452,OCO,Haas F1 Team,9C9FA2,,,,,,,42.855,1.018,22.4,44.0,52.0,1016.9,0,0.5,259,,MEDIUM,4.0,yellow
2025-05-25 13:32:37.230000,lap,6,22,76.357,False,0.3760000000000048,,,,,,,453,HAD,Racing Bulls,6C98FF,,,,,,,55.23,12.375,22.4,44.0,52.0,1016.9,0,0.5,259,,HARD,1.0,yellow
2025-05-25 13:32:40.417000,lap,30,22,76.734,False,1.4129999999999967,,,,,,,454,LAW,Racing Bulls,6C98FF,,,,,,,58.467,3.237,22.4,44.0,52.0,1016.9,0,0.5,259,,MEDIUM,6.0,yellow
2025-05-25 13:32:41.464000,lap,23,22,77.001,False,2.4040000000000106,,,,,,,455,ALB,Williams,1868DB,,,,,,,59.544,1.077,22.4,44.0,52.0,1016.9,0,0.5,259,,MEDIUM,4.0,yellow
2025-05-25 13:32:42.714000,lap,55,22,77.064,False,3.0759999999999934,,,,,,,456,SAI,Williams,1868DB,,,,,,,60.747,,22.4,44.0,52.0,1016.9,0,0.5,259,,HARD,0.0,yellow
2025-05-25 13:32:44.121000,lap,63,22,77.301,False,3.896000000000001,,,,,,,457,RUS,Mercedes,00D7B6,,,,,,,62.195,1.448,22.4,44.0,52.0,1016.9,0,0.5,259,,HARD,0.0,yellow
2025-05-25 13:32:45.183000,lap,12,22,77.273,False,3.7549999999999955,,,,,,,458,ANT,Mercedes,00D7B6,,,,,,,63.269,1.074,22.4,44.0,52.0,1016.9,0,0.5,259,,HARD,0.0,yellow
2025-05-25 13:32:46.058000,lap,22,22,77.395,False,2.4819999999999993,,,,,,,459,TSU,Red Bull Racing,4781D7,,,,,,,64.147,0.878,22.4,44.0,52.0,1016.9,0,0.5,259,,HARD,0.0,yellow
2025-05-25 13:32:46.949000,lap,5,22,77.664,False,2.780000000000001,,,,,,,460,BOR,Kick Sauber,01C00E,,,,,,,64.986,0.839,22.4,44.0,52.0,1016.9,0,0.5,259,,HARD,0.0,yellow
2025-05-25 13:32:48.230000,lap,27,22,77.509,False,2.2860000000000014,,,,,,,461,HUL,Kick Sauber,01C00E,,,,,,,66.263,1.277,22.4,44.0,52.0,1016.9,0,0.5,259,,HARD,0.0,yellow
2025-05-25 13:32:48.917000,lap,43,22,77.808,False,2.510000000000005,,,,,,,462,COL,Alpine,00A1E8,,,,,,,66.987,0.724,22.4,44.0,52.0,1016.9,0,0.5,259,,MEDIUM,7.0,yellow
2025-05-25 13:32:55.292000,lap,18,22,76.673,False,1.7960000000000065,,,,,,,463,STR,Aston Martin,229971,,,,,,,73.367,6.38,22.4,43.8,51.0,1016.9,0,0.6,295,,HARD,1.0,yellow
2025-05-25 13:32:56.214000,lap,87,22,76.562,False,1.7069999999999936,,,,,,,464,BEA,Haas F1 Team,9C9FA2,,,,,,,74.187,0.82,22.4,43.8,51.0,1016.9,0,0.6,295,,MEDIUM,0.0,yellow
2025-05-25 13:33:02.574000,lap,1,23,75.254,False,1.024000000000001,,,,,,,465,VER,Red Bull Racing,4781D7,,,,,,,0.0,0.0,22.4,43.8,51.0,1016.9,0,0.6,295,1.0,HARD,0.0,yellow
2025-05-25 13:33:12.000000,race_control,nan,23,,,,CAR 16 (LEC) TIME 1:15.782 DELETED - TRACK LIMITS AT TURN 10 LAP 21 15:31:13,,Other,,,,466,,,,,,,,,,,,22.4,43.8,51.0,1016.9,0,0.6,295,,,,yellow
2025-05-25 13:33:13.168000,lap,4,23,75.315,False,2.093999999999994,,,,,,,467,NOR,McLaren,F47600,,,,,,,10.529,10.529,22.4,43.8,51.0,1016.9,0,0.6,295,2.0,HARD,0.0,yellow
2025-05-25 13:33:14.464000,lap,16,23,80.099,True,6.043999999999997,,,,,,,468,LEC,Ferrari,ED1131,60.0,48.0,0.0,6933.0,1.0,0.0,14.378,3.807,22.4,43.8,51.0,1016.9,0,0.6,295,3.0,HARD,0.0,yellow
2025-05-25 13:33:15.011000,pit_in,16,22,,,,,,,,,23.5,469,LEC,Ferrari,ED1131,68.0,47.0,0.0,8805.0,1.0,0.0,14.378,3.807,22.4,43.8,51.0,1016.9,0,0.6,295,3.0,HARD,0.0,yellow
2025-05-25 13:33:19.589000,lap,81,23,77.79,False,4.045000000000002,,,,,,,470,PIA,McLaren,F47600,,,,,,,17.102,5.378,22.4,43.8,51.0,1016.9,0,0.6,295,,HARD,0.0,yellow
2025-05-25 13:33:28.527000,lap,44,23,75.012,False,0.921999999999997,,,,,,,471,HAM,Ferrari,ED1131,264.0,100.0,0.0,10713.0,7.0,0.0,25.84,8.738,22.4,43.8,51.0,1016.9,0,0.6,295,,HARD,1.0,yellow
2025-05-25 13:33:38.511000,pit_out,16,22,,,,,,,,,23.5,472,LEC,Ferrari,ED1131,101.0,0.0,100.0,8630.0,2.0,0.0,15.18,4.327,22.4,43.8,51.0,1016.9,0,0.6,295,,HARD,0.0,yellow
2025-05-25 13:33:42.758000,lap,14,23,77.947,False,2.353999999999999,,,,,,,473,ALO,Aston Martin,229971,,,,,,,40.087,14.247,22.4,43.8,51.0,1016.9,0,0.6,295,,HARD,1.0,yellow
2025-05-25 13:33:43.289000,lap,31,23,78.075,False,2.9180000000000064,,,,,,,474,OCO,Haas F1 Team,9C9FA2,,,,,,,40.667,0.58,22.4,43.8,51.0,1016.9,0,0.6,295,,MEDIUM,4.0,yellow
2025-05-25 13:33:53.540000,lap,6,23,77.581,False,1.6000000000000085,,,,,,,475,HAD,Racing Bulls,6C98FF,,,,,,,50.899,10.232,22.5,43.1,52.0,1016.8,0,0.8,192,,HARD,1.0,yellow
2025-05-25 13:33:57.133000,lap,30,23,76.784,False,1.463000000000008,,,,,,,476,LAW,Racing Bulls,6C98FF,,,,,,,54.513,3.614,22.5,43.1,52.0,1016.8,0,0.8,192,,MEDIUM,6.0,yellow
2025-05-25 13:33:58.446000,lap,23,23,76.556,False,1.9590000000000032,,,,,,,477,ALB,Williams,1868DB,,,,,,,55.857,1.344,22.5,43.1,52.0,1016.8,0,0.8,192,,MEDIUM,4.0,yellow
2025-05-25 13:33:59.727000,lap,55,23,76.75,False,2.7620000000000005,,,,,,,478,SAI,Williams,1868DB,,,,,,,57.123,1.266,22.5,43.1,52.0,1016.8,0,0.8,192,,HARD,0.0,yellow
2025-05-25 13:34:01.477000,lap,63,23,76.9,False,3.4950000000000045,,,,,,,479,RUS,Mercedes,00D7B6,,,,,,,58.808,1.685,22.5,43.1,52.0,1016.8,0,0.8,192,,HARD,0.0,yellow
2025-05-25 13:34:02.493000,lap,12,23,76.973,False,3.4549999999999983,,,,,,,480,ANT,Mercedes,00D7B6,,,,,,,59.854,1.046,22.5,43.1,52.0,1016.8,0,0.8,192,,HARD,0.0,yellow
2025-05-25 13:34:03.430000,lap,22,23,76.933,False,2.0200000000000102,,,,,,,481,TSU,Red Bull Racing,4781D7,,,,,,,60.854,1.0,22.5,43.1,52.0,1016.8,0,0.8,192,,HARD,0.0,yellow
2025-05-25 13:34:04.571000,lap,5,23,77.216,False,2.3319999999999936,,,,,,,482,BOR,Kick Sauber,01C00E,,,,,,,61.962,1.108,22.5,43.1,52.0,1016.8,0,0.8,192,,HARD,0.0,yellow
2025-05-25 13:34:05.633000,lap,27,23,77.557,False,2.334000000000003,,,,,,,483,HUL,Kick Sauber,01C00E,,,,,,,63.084,1.122,22.5,43.1,52.0,1016.8,0,0.8,192,,HARD,0.0,yellow
2025-05-25 13:34:06.649000,lap,43,23,77.626,False,2.328000000000003,,,,,,,484,COL,Alpine,00A1E8,,,,,,,64.107,1.023,22.5,43.1,52.0,1016.8,0,0.8,192,,MEDIUM,7.0,yellow
2025-05-25 13:34:11.962000,lap,18,23,76.579,False,1.7019999999999982,,,,,,,485,STR,Aston Martin,229971,,,,,,,69.352,5.245,22.5,43.1,52.0,1016.8,0,0.8,192,,HARD,1.0,yellow
2025-05-25 13:34:12.727000,lap,87,23,76.542,False,1.6869999999999976,,,,,,,486,BEA,Haas F1 Team,9C9FA2,,,,,,,70.061,0.709,22.5,43.1,52.0,1016.8,0,0.8,192,,MEDIUM,0.0,yellow
2025-05-25 13:34:17.960000,lap,1,24,75.181,False,0.9509999999999934,,,,,,,487,VER,Red Bull Racing,4781D7,,,,,,,0.0,0.0,22.5,43.1,52.0,1016.8,0,0.8,192,,HARD,0.0,yellow
2025-05-25 13:34:28.526000,lap,4,24,75.22,False,1.9989999999999952,,,,,,,488,NOR,McLaren,F47600,,,,,,,10.59,10.59,22.5,43.1,52.0,1016.8,0,0.8,192,,HARD,0.0,yellow
2025-05-25 13:34:34.460000,lap,16,24,76.02,False,1.9649999999999892,,,,,,,489,LEC,Ferrari,ED1131,263.0,100.0,0.0,10548.0,7.0,0.0,16.569,5.979,22.5,43.1,52.0,1016.8,0,0.8,192,,HARD,0.0,yellow
2025-05-25 13:34:37.597000,lap,81,24,75.487,False,1.7419999999999902,,,,,,,490,PIA,McLaren,F47600,,,,,,,19.638,3.069,22.5,43.1,52.0,1016.8,0,0.8,192,,HARD,0.0,yellow
2025-05-25 13:34:43.533000,lap,44,24,75.212,False,1.1219999999999999,,,,,,,491,HAM,Ferrari,ED1131,265.0,100.0,0.0,10737.0,7.0,0.0,25.598,5.96,22.5,43.1,52.0,1016.8,0,0.8,192,,HARD,1.0,yellow
2025-05-25 13:35:00.939000,lap,14,24,77.748,False,2.155000000000001,,,,,,,492,ALO,Aston Martin,229971,,,,,,,42.78,17.182,22.3,43.2,53.0,1016.9,0,0.6,193,,HARD,1.0,yellow
2025-05-25 13:35:01.346000,lap,31,24,77.911,False,2.754000000000005,,,,,,,493,OCO,Haas F1 Team,9C9FA2,,,,,,,43.488,0.708,22.3,43.2,53.0,1016.9,0,0.6,193,,MEDIUM,4.0,yellow
2025-05-25 13:35:11.096000,lap,6,24,77.79,False,1.8090000000000117,,,,,,,494,HAD,Racing Bulls,6C98FF,,,,,,,53.226,9.738,22.3,43.2,53.0,1016.9,0,0.6,193,,HARD,1.0,yellow
2025-05-25 13:35:13.924000,lap,30,24,76.712,False,1.3910000000000053,,,,,,,495,LAW,Racing Bulls,6C98FF,,,,,,,56.043,2.817,22.3,43.2,53.0,1016.9,0,0.6,193,,MEDIUM,6.0,yellow
2025-05-25 13:35:15.002000,lap,23,24,76.954,False,2.3569999999999993,,,,,,,496,ALB,Williams,1868DB,,,,,,,57.159,1.116,22.3,43.2,53.0,1016.9,0,0.6,193,,MEDIUM,4.0,yellow
2025-05-25 13:35:16.486000,lap,55,24,77.018,False,3.030000000000001,,,,,,,497,SAI,Williams,1868DB,,,,,,,58.619,1.46,22.3,43.2,53.0,1016.9,0,0.6,193,,HARD,0.0,yellow
2025-05-25 13:35:18.424000,lap,63,24,76.935,False,3.530000000000001,,,,,,,498,RUS,Mercedes,00D7B6,,,,,,,60.454,1.835,22.3,43.2,53.0,1016.9,0,0.6,193,,HARD,0.0,yellow
2025-05-25 13:35:19.408000,lap,12,24,76.939,False,3.4209999999999923,,,,,,,499,ANT,Mercedes,00D7B6,,,,,,,,1.119,22.3,43.2,53.0,1016.9,0,0.6,193,,HARD,0.0,yellow
2025-05-25 13:35:20.440000,lap,22,24,77.026,False,2.1129999999999995,,,,,,,500,TSU,Red Bull Racing,4781D7,,,,,,,62.533,0.96,22.3,43.2,53.0,1016.9,0,0.6,193,,HARD,0.0,yellow
2025-05-25 13:35:21.705000,lap,5,24,77.286,False,2.402000000000001,,,,,,,501,BOR,Kick Sauber,01C00E,,,,,,,63.924,1.391,22.3,43.2,53.0,1016.9,0,0.6,193,,HARD,0.0,yellow
2025-05-25 13:35:23.268000,lap,27,24,77.055,False,1.8320000000000078,,,,,,,502,HUL,Kick Sauber,01C00E,,,,,,,65.387,1.463,22.3,43.2,53.0,1016.9,0,0.6,193,,HARD,0.0,yellow
2025-05-25 13:35:24.286000,lap,43,24,77.233,False,1.9350000000000023,,,,,,,503,COL,Alpine,00A1E8,,,,,,,66.479,1.092,22.3,43.2,53.0,1016.9,0,0.6,193,,MEDIUM,7.0,yellow
2025-05-25 13:35:28.533000,lap,18,24,77.042,False,2.1650000000000063,,,,,,,504,STR,Aston Martin,229971,,,,,,,70.67699999999999,4.198,22.3,43.2,53.0,1016.9,0,0.6,193,,HARD,1.0,yellow
2025-05-25 13:35:29.205000,lap,87,24,77.056,False,2.2009999999999934,,,,,,,505,BEA,Haas F1 Team,9C9FA2,,,,,,,71.349,0.672,22.3,43.2,53.0,1016.9,0,0.6,193,,MEDIUM,0.0,yellow
2025-05-25 13:35:33.065000,lap,1,25,75.175,False,0.9449999999999932,,,,,,,506,VER,Red Bull Racing,4781D7,,,,,,,0.0,0.0,22.3,43.2,53.0,1016.9,0,0.6,193,,HARD,0.0,yellow
2025-05-25 13:35:43.643000,lap,4,25,74.4,False,1.179000000000002,,,,,,,507,NOR,McLaren,F47600,,,,,,,10.629,10.629,22.3,43.2,53.0,1016.9,0,0.6,193,,HARD,0.0,yellow
2025-05-25 13:35:50.440000,lap,16,25,74.618,False,0.5629999999999882,,,,,,,508,LEC,Ferrari,ED1131,266.0,100.0,0.0,10613.0,7.0,0.0,17.408,6.779,22.4,43.8,53.0,1016.9,0,1.4,86,,HARD,0.0,yellow
2025-05-25 13:35:52.944000,lap,81,25,74.94,False,1.1949999999999932,,,,,,,509,PIA,McLaren,F47600,,,,,,,19.944,,22.4,43.8,53.0,1016.9,0,1.4,86,,HARD,0.0,yellow
2025-05-25 13:35:58.685000,lap,44,25,74.698,False,0.6079999999999899,,,,,,,510,HAM,Ferrari,ED1131,265.0,100.0,0.0,10714.0,7.0,0.0,25.629,5.685,22.4,43.8,53.0,1016.9,0,1.4,86,,HARD,1.0,yellow
2025-05-25 13:36:18.424000,lap,14,25,77.685,False,2.0919999999999987,,,,,,,511,ALO,Aston Martin,229971,,,,,,,45.347,19.718,22.4,43.8,53.0,1016.9,0,1.4,86,,HARD,1.0,yellow
2025-05-25 13:36:19.299000,lap,31,25,77.72,False,2.5630000000000024,,,,,,,512,OCO,Haas F1 Team,9C9FA2,,,,,,,46.218,0.871,22.4,43.8,53.0,1016.9,0,1.4,86,,MEDIUM,4.0,yellow
2025-05-25 13:36:28.925000,lap,6,25,77.832,False,1.850999999999999,,,,,,,513,HAD,Racing Bulls,6C98FF,,,,,,,55.835,9.617,22.4,43.8,53.0,1016.9,0,1.4,86,,HARD,1.0,yellow
2025-05-25 13:36:30.581000,lap,30,25,77.59,False,2.2690000000000055,,,,,,,514,LAW,Racing Bulls,6C98FF,,,,,,,57.574,1.739,22.4,43.8,53.0,1016.9,0,1.4,86,,MEDIUM,6.0,yellow
2025-05-25 13:36:32.050000,lap,23,25,77.653,False,3.0560000000000116,,,,,,,515,ALB,Williams,1868DB,,,,,,,58.932,1.358,22.4,43.8,53.0,1016.9,0,1.4,86,,MEDIUM,4.0,yellow
2025-05-25 13:36:33.487000,lap,55,25,80.726,False,6.7379999999999995,,,,,,,516,SAI,Williams,1868DB,,,,,,,60.456,1.524,22.4,43.8,53.0,1016.9,0,1.4,86,,HARD,0.0,yellow
2025-05-25 13:36:35.346000,lap,63,25,79.216,False,5.810999999999993,,,,,,,517,RUS,Mercedes,00D7B6,,,,,,,62.208,1.752,22.4,43.8,53.0,1016.9,0,1.4,86,,HARD,0.0,yellow
2025-05-25 13:36:36.393000,lap,12,25,78.777,False,5.259,,,,,,,518,ANT,Mercedes,00D7B6,,,,,,,63.331,1.123,22.4,43.8,53.0,1016.9,0,1.4,86,,HARD,0.0,yellow
2025-05-25 13:36:37.456000,lap,22,25,78.413,False,3.5,,,,,,,519,TSU,Red Bull Racing,4781D7,,,,,,,64.378,1.047,22.4,43.8,53.0,1016.9,0,1.4,86,,HARD,0.0,yellow
2025-05-25 13:36:39.065000,lap,5,25,77.965,False,3.081000000000003,,,,,,,520,BOR,Kick Sauber,01C00E,,,,,,,66.029,1.651,22.4,43.8,53.0,1016.9,0,1.4,86,,HARD,0.0,yellow
2025-05-25 13:36:40.346000,lap,27,25,77.538,False,2.3149999999999977,,,,,,,521,HUL,Kick Sauber,01C00E,,,,,,,67.261,1.232,22.4,43.8,53.0,1016.9,0,1.4,86,,HARD,0.0,yellow
2025-05-25 13:36:41.612000,lap,43,25,77.209,False,1.9110000000000014,,,,,,,522,COL,Alpine,00A1E8,,,,,,,68.531,1.27,22.4,43.8,53.0,1016.9,0,1.4,86,,MEDIUM,7.0,yellow
2025-05-25 13:36:45.628000,lap,18,25,77.241,False,2.3640000000000043,,,,,,,523,STR,Aston Martin,229971,,,,,,,72.538,4.007,22.4,43.8,53.0,1016.9,0,1.4,86,,HARD,1.0,yellow
2025-05-25 13:36:46.300000,lap,87,25,78.369,False,3.513999999999996,,,,,,,524,BEA,Haas F1 Team,9C9FA2,,,,,,,73.224,0.686,22.4,43.8,53.0,1016.9,0,1.4,86,,MEDIUM,0.0,yellow
2025-05-25 13:36:48.222000,lap,1,26,76.288,False,2.0579999999999927,,,,,,,525,VER,Red Bull Racing,4781D7,,,,,,,0.0,0.0,22.4,43.8,53.0,1016.9,0,1.4,86,,HARD,0.0,yellow
2025-05-25 13:36:58.159000,lap,4,26,74.727,False,1.5060000000000002,,,,,,,526,NOR,McLaren,F47600,,,,,,,9.854,9.854,22.4,43.8,54.0,1016.8,0,0.7,169,,HARD,0.0,yellow
2025-05-25 13:37:05.044000,lap,16,26,74.714,False,0.6589999999999918,,,,,,,527,LEC,Ferrari,ED1131,264.0,100.0,0.0,10593.0,7.0,0.0,16.851,6.997,22.4,43.8,54.0,1016.8,0,0.7,169,,HARD,0.0,yellow
2025-05-25 13:37:07.993000,lap,81,26,74.96,False,1.2149999999999892,,,,,,,528,PIA,McLaren,F47600,,,,,,,19.709,2.858,22.4,43.8,54.0,1016.8,0,0.7,169,,HARD,0.0,yellow
2025-05-25 13:37:13.414000,lap,44,26,74.804,False,0.7139999999999986,,,,,,,529,HAM,Ferrari,ED1131,266.0,100.0,0.0,10640.0,7.0,0.0,25.152,5.443,22.4,43.8,54.0,1016.8,0,0.7,169,,HARD,1.0,yellow
2025-05-25 13:37:36.151000,lap,14,26,76.293,False,0.7000000000000028,,,,,,,530,ALO,Aston Martin,229971,,,,,,,47.857,22.705,22.4,43.8,54.0,1016.8,0,0.7,169,,HARD,1.0,yellow
2025-05-25 13:37:36.994000,lap,31,26,76.527,False,1.3700000000000045,,,,,,,531,OCO,Haas F1 Team,9C9FA2,,,,,,,48.763,0.906,22.4,43.8,54.0,1016.8,0,0.7,169,,MEDIUM,4.0,yellow
2025-05-25 13:37:46.744000,lap,6,26,77.625,False,1.6440000000000055,,,,,,,532,HAD,Racing Bulls,6C98FF,,,,,,,58.492,9.729,22.4,43.8,54.0,1016.8,0,0.7,169,,HARD,1.0,yellow
2025-05-25 13:37:48.198000,lap,30,26,77.456,False,2.135000000000005,,,,,,,533,LAW,Racing Bulls,6C98FF,,,,,,,59.989,1.497,22.4,43.8,54.0,1016.8,0,0.7,169,,MEDIUM,6.0,yellow
2025-05-25 13:37:49.619000,lap,23,26,77.264,False,2.6670000000000016,,,,,,,534,ALB,Williams,1868DB,,,,,,,61.41,1.421,22.3,43.6,53.0,1016.8,0,0.6,0,,MEDIUM,4.0,yellow
2025-05-25 13:37:54.291000,lap,55,26,79.31,False,5.322000000000003,,,,,,,535,SAI,Williams,1868DB,,,,,,,66.007,,22.3,43.6,53.0,1016.8,0,0.6,0,,HARD,0.0,yellow
2025-05-25 13:37:54.448000,lap,63,26,79.491,False,6.0859999999999985,,,,,,,536,RUS,Mercedes,00D7B6,,,,,,,66.249,0.242,22.3,43.6,53.0,1016.8,0,0.6,0,,HARD,0.0,yellow
2025-05-25 13:37:55.213000,lap,12,26,79.479,False,5.9609999999999985,,,,,,,537,ANT,Mercedes,00D7B6,,,,,,,66.93299999999999,0.684,22.3,43.6,53.0,1016.8,0,0.6,0,,HARD,0.0,yellow
2025-05-25 13:37:55.885000,lap,22,26,79.53,False,4.617000000000004,,,,,,,538,TSU,Red Bull Racing,4781D7,,,,,,,67.616,0.683,22.3,43.6,53.0,1016.8,0,0.6,0,,HARD,0.0,yellow
2025-05-25 13:37:56.000000,race_control,87.0,26,,,,WAVED BLUE FLAG FOR CAR 87 (BEA) TIMED AT 15:37:55,BLUE,Flag,Driver,,,539,,,,,,,,,,,,22.3,43.6,53.0,1016.8,0,0.6,0,,,,yellow
2025-05-25 13:37:57.026000,lap,5,26,96.175,False,21.290999999999997,,,,,,,540,BOR,Kick Sauber,01C00E,,,,,,,68.819,1.203,22.3,43.6,53.0,1016.8,0,0.6,0,,SOFT,0.0,yellow
2025-05-25 13:37:57.760000,lap,27,26,78.724,False,3.5010000000000048,,,,,,,541,HUL,Kick Sauber,01C00E,,,,,,,69.624,0.805,22.3,43.6,53.0,1016.8,0,0.6,0,,HARD,0.0,yellow
2025-05-25 13:37:58.713000,lap,43,26,95.572,False,20.274,,,,,,,542,COL,Alpine,00A1E8,,,,,,,70.565,0.941,22.3,43.6,53.0,1016.8,0,0.6,0,,MEDIUM,0.0,yellow
2025-05-25 13:38:02.776000,lap,18,26,78.901,False,4.024000000000001,,,,,,,543,STR,Aston Martin,229971,,,,,,,74.604,4.039,22.3,43.6,53.0,1016.8,0,0.6,0,,HARD,1.0,yellow
2025-05-25 13:38:04.573000,lap,1,27,76.323,False,2.0929999999999893,,,,,,,544,VER,Red Bull Racing,4781D7,,,,,,,0.0,0.0,22.3,43.6,53.0,1016.8,0,0.6,0,,HARD,0.0,yellow
2025-05-25 13:38:04.713000,lap,87,26,78.034,False,3.179000000000002,,,,,,,545,BEA,Haas F1 Team,9C9FA2,,,,,,,+1 LAP,1.814,22.3,43.6,53.0,1016.8,0,0.6,0,,MEDIUM,0.0,yellow
2025-05-25 13:38:12.901000,lap,4,27,74.622,False,1.4009999999999962,,,,,,,546,NOR,McLaren,F47600,,,,,,,8.293,8.293,22.3,43.6,53.0,1016.8,0,0.6,0,,HARD,0.0,yellow
2025-05-25 13:38:19.745000,lap,16,27,74.819,False,0.7639999999999958,,,,,,,547,LEC,Ferrari,ED1131,266.0,100.0,0.0,10720.0,7.0,0.0,15.277,6.984,22.3,43.6,53.0,1016.8,0,0.6,0,,HARD,0.0,yellow
2025-05-25 13:38:22.901000,lap,81,27,74.772,False,1.027000000000001,,,,,,,548,PIA,McLaren,F47600,,,,,,,18.381,3.104,22.3,43.6,53.0,1016.8,0,0.6,0,,HARD,0.0,yellow
2025-05-25 13:38:28.245000,lap,44,27,74.533,False,0.44299999999999784,,,,,,,549,HAM,Ferrari,ED1131,266.0,100.0,0.0,10649.0,7.0,0.0,,5.287,22.3,43.6,53.0,1016.8,0,0.6,0,,HARD,1.0,yellow
2025-05-25 13:38:51.000000,race_control,18.0,27,,,,WAVED BLUE FLAG FOR CAR 18 (STR) TIMED AT 15:38:50,BLUE,Flag,Driver,,,550,,,,,,,,,,,,22.4,43.6,52.0,1016.8,0,0.9,165,,,,yellow
2025-05-25 13:38:52.525000,lap,14,27,76.744,False,1.1509999999999962,,,,,,,551,ALO,Aston Martin,229971,,,,,,,47.862,24.194,22.4,43.6,52.0,1016.8,0,0.9,165,,HARD,1.0,yellow
2025-05-25 13:38:53.545000,lap,31,27,76.705,False,1.5480000000000018,,,,,,,552,OCO,Haas F1 Team,9C9FA2,,,,,,,49.002,1.14,22.4,43.6,52.0,1016.8,0,0.9,165,,MEDIUM,4.0,yellow
2025-05-25 13:39:04.369000,lap,6,27,76.482,False,0.5010000000000048,,,,,,,553,HAD,Racing Bulls,6C98FF,,,,,,,59.829,10.827,22.4,43.6,52.0,1016.8,0,0.9,165,,HARD,1.0,yellow
2025-05-25 13:39:05.673000,lap,30,27,77.04,False,1.7190000000000083,,,,,,,554,LAW,Racing Bulls,6C98FF,,,,,,,61.157,1.328,22.4,43.6,52.0,1016.8,0,0.9,165,,MEDIUM,6.0,yellow
2025-05-25 13:39:06.938000,lap,23,27,77.185,False,2.588000000000008,,,,,,,555,ALB,Williams,1868DB,,,,,,,62.386,1.229,22.4,43.6,52.0,1016.8,0,0.9,165,,MEDIUM,4.0,yellow
2025-05-25 13:39:13.637000,lap,55,27,79.588,False,5.599999999999994,,,,,,,556,SAI,Williams,1868DB,,,,,,,69.029,6.643,22.4,43.6,52.0,1016.8,0,0.9,165,,HARD,0.0,yellow
2025-05-25 13:39:14.137000,lap,63,27,79.453,False,6.048000000000002,,,,,,,557,RUS,Mercedes,00D7B6,,,,,,,69.452,0.423,22.4,43.6,52.0,1016.8,0,0.9,165,,HARD,0.0,yellow
2025-05-25 13:39:14.762000,lap,12,27,79.446,False,5.927999999999997,,,,,,,558,ANT,Mercedes,00D7B6,,,,,,,70.124,0.672,22.4,43.6,52.0,1016.8,0,0.9,165,,HARD,0.0,yellow
2025-05-25 13:39:15.387000,lap,22,27,79.565,False,4.652000000000001,,,,,,,559,TSU,Red Bull Racing,4781D7,,,,,,,70.858,0.734,22.4,43.6,52.0,1016.8,0,0.9,165,,HARD,0.0,yellow
2025-05-25 13:39:16.668000,lap,27,27,79.472,False,4.248999999999995,,,,,,,560,HUL,Kick Sauber,01C00E,,,,,,,72.06,1.202,22.4,43.6,52.0,1016.8,0,0.9,165,15.0,HARD,0.0,yellow
2025-05-25 13:39:20.793000,lap,1,28,92.651,False,18.420999999999992,,,,,,,561,VER,Red Bull Racing,4781D7,,,,,,,0.0,0.0,22.4,43.6,52.0,1016.8,0,0.9,165,,MEDIUM,0.0,yellow
2025-05-25 13:39:22.199000,lap,18,27,77.027,False,2.1500000000000057,,,,,,,562,STR,Aston Martin,229971,,,,,,,,5.157,22.4,43.6,52.0,1016.8,0,0.9,165,16.0,HARD,1.0,yellow
2025-05-25 13:39:22.637000,lap,87,27,77.0,False,2.144999999999996,,,,,,,563,BEA,Haas F1 Team,9C9FA2,,,,,,,,0.947,22.4,43.6,52.0,1016.8,0,0.9,165,17.0,MEDIUM,0.0,yellow
2025-05-25 13:39:27.449000,lap,4,28,74.618,False,1.3969999999999914,,,,,,,564,NOR,McLaren,F47600,,,,,,,6.592,6.592,22.4,43.6,52.0,1016.8,0,0.9,165,,HARD,0.0,yellow
2025-05-25 13:39:33.278000,lap,5,27,80.209,True,5.325000000000003,,,,,,,565,BOR,Kick Sauber,01C00E,,,,,,,+1 LAP,12.873,22.4,43.6,52.0,1016.8,0,0.9,165,,SOFT,0.0,yellow
2025-05-25 13:39:33.903000,pit_in,5,26,,,,,,,,,24.4,566,BOR,Kick Sauber,01C00E,,,,,,,+1 LAP,12.873,22.4,43.6,52.0,1016.8,0,0.9,165,,SOFT,0.0,yellow
2025-05-25 13:39:34.434000,lap,43,27,80.237,True,4.938999999999993,,,,,,,567,COL,Alpine,00A1E8,,,,,,,+1 LAP,1.438,22.4,43.6,52.0,1016.8,0,0.9,165,,MEDIUM,0.0,yellow
2025-05-25 13:39:34.543000,lap,16,28,74.849,False,0.7939999999999969,,,,,,,568,LEC,Ferrari,ED1131,265.0,100.0,0.0,10601.0,7.0,0.0,13.773,7.181,22.4,43.6,52.0,1016.8,0,0.9,165,,HARD,0.0,yellow
2025-05-25 13:39:35.090000,pit_in,43,26,,,,,,,,,24.4,569,COL,Alpine,00A1E8,,,,,,,+1 LAP,1.438,22.4,43.6,52.0,1016.8,0,0.9,165,,MEDIUM,0.0,yellow
2025-05-25 13:39:37.637000,lap,81,28,75.556,False,1.8109999999999928,,,,,,,570,PIA,McLaren,F47600,,,,,,,16.83,3.057,22.4,43.6,52.0,1016.8,0,0.9,165,,HARD,0.0,yellow
2025-05-25 13:39:42.809000,lap,44,28,75.42,False,1.3299999999999983,,,,,,,571,HAM,Ferrari,ED1131,267.0,100.0,0.0,10743.0,7.0,0.0,21.878,5.048,22.4,43.6,52.0,1016.8,0,0.9,165,,HARD,1.0,yellow
2025-05-25 13:39:43.000000,race_control,43.0,28,,,,WAVED BLUE FLAG FOR CAR 43 (COL) TIMED AT 15:39:42,BLUE,Flag,Driver,,,572,,,,,,,,,,,,22.4,43.6,52.0,1016.8,0,0.9,165,,,,yellow
2025-05-25 13:39:58.303000,pit_out,5,26,,,,,,,,,24.4,573,BOR,Kick Sauber,01C00E,,,,,,,,13.101,22.4,43.7,52.0,1016.8,0,1.0,335,,SOFT,0.0,yellow
2025-05-25 13:39:59.490000,pit_out,43,26,,,,,,,,,24.4,574,COL,Alpine,00A1E8,,,,,,,,2.308,22.4,43.7,52.0,1016.8,0,1.0,335,,MEDIUM,0.0,yellow
2025-05-25 13:40:09.043000,lap,14,28,76.414,False,0.820999999999998,,,,,,,575,ALO,Aston Martin,229971,,,,,,,48.283,26.405,22.4,43.7,52.0,1016.8,0,1.0,335,,HARD,1.0,yellow
2025-05-25 13:40:10.168000,lap,31,28,94.005,False,18.848,,,,,,,576,OCO,Haas F1 Team,9C9FA2,,,,,,,49.384,1.101,22.4,43.7,52.0,1016.8,0,1.0,335,,HARD,0.0,yellow
2025-05-25 13:40:20.778000,lap,6,28,76.441,False,0.46000000000000796,,,,,,,577,HAD,Racing Bulls,6C98FF,,,,,,,59.988,10.604,22.4,43.7,52.0,1016.8,0,1.0,335,,HARD,1.0,yellow
2025-05-25 13:40:22.762000,lap,30,28,76.902,False,1.581000000000003,,,,,,,578,LAW,Racing Bulls,6C98FF,,,,,,,61.874,1.886,22.4,43.7,52.0,1016.8,0,1.0,335,,MEDIUM,6.0,yellow
2025-05-25 13:40:23.000000,race_control,27.0,28,,,,WAVED BLUE FLAG FOR CAR 27 (HUL) TIMED AT 15:40:23,BLUE,Flag,Driver,,,579,,,,,,,,,,,,22.4,43.7,52.0,1016.8,0,1.0,335,,,,yellow
2025-05-25 13:40:24.059000,lap,23,28,76.701,False,2.103999999999999,,,,,,,580,ALB,Williams,1868DB,,,,,,,63.248,1.374,22.4,43.7,52.0,1016.8,0,1.0,335,,MEDIUM,4.0,yellow
2025-05-25 13:40:33.106000,lap,55,28,79.617,False,5.629000000000005,,,,,,,581,SAI,Williams,1868DB,,,,,,,72.294,9.046,22.4,43.7,52.0,1016.8,0,1.0,335,,HARD,0.0,yellow
2025-05-25 13:40:33.497000,lap,63,28,79.673,False,6.268000000000001,,,,,,,582,RUS,Mercedes,00D7B6,,,,,,,72.582,0.288,22.4,43.7,52.0,1016.8,0,1.0,335,,HARD,0.0,yellow
2025-05-25 13:40:34.028000,lap,12,28,79.91,False,6.391999999999996,,,,,,,583,ANT,Mercedes,00D7B6,,,,,,,73.247,0.665,22.4,43.7,52.0,1016.8,0,1.0,335,,HARD,0.0,yellow
2025-05-25 13:40:34.919000,lap,22,28,79.786,False,4.873000000000005,,,,,,,584,TSU,Red Bull Racing,4781D7,,,,,,,74.1,0.853,22.4,43.7,52.0,1016.8,0,1.0,335,,HARD,0.0,yellow
2025-05-25 13:40:36.044000,lap,27,28,79.264,False,4.040999999999997,,,,,,,585,HUL,Kick Sauber,01C00E,,,,,,,75.209,1.109,22.4,43.7,52.0,1016.8,0,1.0,335,,HARD,0.0,yellow
2025-05-25 13:40:38.731000,lap,18,28,77.272,False,2.3950000000000102,,,,,,,586,STR,Aston Martin,229971,,,,,,,77.92099999999999,2.712,22.4,43.7,52.0,1016.8,0,1.0,335,,HARD,1.0,yellow
2025-05-25 13:40:39.653000,lap,87,28,77.126,False,2.271000000000001,,,,,,,587,BEA,Haas F1 Team,9C9FA2,,,,,,,78.84100000000001,0.92,22.4,43.7,52.0,1016.8,0,1.0,335,,MEDIUM,0.0,yellow
2025-05-25 13:40:40.000000,race_control,5.0,28,,,,WAVED BLUE FLAG FOR CAR 5 (BOR) TIMED AT 15:40:39,BLUE,Flag,Driver,,,588,,,,,,,,,,,,22.4,43.7,52.0,1016.8,0,1.0,335,,,,yellow
2025-05-25 13:40:42.106000,lap,4,29,75.777,False,2.5559999999999974,,,,,,,589,NOR,McLaren,F47600,,,,,,,0.0,0.0,22.4,43.7,52.0,1016.8,0,1.0,335,1.0,HARD,0.0,yellow
2025-05-25 13:40:49.434000,lap,16,29,74.205,False,0.14999999999999147,,,,,,,590,LEC,Ferrari,ED1131,265.0,100.0,0.0,10711.0,7.0,0.0,7.412,7.412,22.4,43.6,53.0,1016.9,0,1.3,196,2.0,HARD,0.0,yellow
2025-05-25 13:40:50.000000,race_control,5.0,29,,,,WAVED BLUE FLAG FOR CAR 5 (BOR) TIMED AT 15:40:49,BLUE,Flag,Driver,,,591,,,,,,,,,,,,22.4,43.6,53.0,1016.9,0,1.3,196,,,,yellow
2025-05-25 13:40:53.200000,lap,81,29,74.736,False,0.9909999999999997,,,,,,,592,PIA,McLaren,F47600,,,,,,,11.176,3.764,22.4,43.6,53.0,1016.9,0,1.3,196,3.0,HARD,0.0,yellow
2025-05-25 13:40:53.434000,lap,5,28,76.02,False,1.1359999999999957,,,,,,,593,BOR,Kick Sauber,01C00E,,,,,,,,13.751,22.4,43.6,53.0,1016.9,0,1.3,196,,SOFT,0.0,yellow
2025-05-25 13:40:53.700000,lap,1,29,78.571,True,4.340999999999994,,,,,,,594,VER,Red Bull Racing,4781D7,,,,,,,13.683,2.518,22.4,43.6,53.0,1016.9,0,1.3,196,4.0,MEDIUM,0.0,yellow
2025-05-25 13:40:54.106000,pit_in,1,28,,,,,,,,,24.1,595,VER,Red Bull Racing,4781D7,,,,,,,13.683,2.518,22.4,43.6,53.0,1016.9,0,1.3,196,4.0,MEDIUM,0.0,yellow
2025-05-25 13:40:54.653000,lap,43,28,78.135,False,2.8370000000000033,,,,,,,596,COL,Alpine,00A1E8,,,,,,,,1.171,22.4,43.6,53.0,1016.9,0,1.3,196,,MEDIUM,0.0,yellow
2025-05-25 13:40:58.122000,lap,44,29,76.81,False,2.719999999999999,,,,,,,597,HAM,Ferrari,ED1131,270.0,100.0,0.0,10903.0,7.0,0.0,16.088,4.647,22.4,43.6,53.0,1016.9,0,1.3,196,,HARD,1.0,yellow
2025-05-25 13:41:00.000000,race_control,43.0,29,,,,WAVED BLUE FLAG FOR CAR 43 (COL) TIMED AT 15:41:00,BLUE,Flag,Driver,,,598,,,,,,,,,,,,22.4,43.6,53.0,1016.9,0,1.3,196,,,,yellow
2025-05-25 13:41:09.000000,race_control,43.0,29,,,,WAVED BLUE FLAG FOR CAR 43 (COL) TIMED AT 15:41:09,BLUE,Flag,Driver,,,599,,,,,,,,,,,,22.4,43.6,53.0,1016.9,0,1.3,196,,,,yellow
2025-05-25 13:41:18.206000,pit_out,1,28,,,,,,,,,24.1,600,VER,Red Bull Racing,4781D7,,,,,,,14.106,2.985,22.4,43.6,53.0,1016.9,0,1.3,196,,MEDIUM,0.0,yellow
2025-05-25 13:41:25.580000,lap,14,29,76.279,False,0.6859999999999928,,,,,,,601,ALO,Aston Martin,229971,,,,,,,43.487,27.399,22.4,43.6,53.0,1016.9,0,1.3,196,,HARD,1.0,yellow
2025-05-25 13:41:37.181000,lap,6,29,76.497,False,0.5160000000000053,,,,,,,602,HAD,Racing Bulls,6C98FF,,,,,,,55.219,11.732,22.4,43.6,53.0,1016.9,0,1.3,196,7.0,HARD,1.0,yellow
2025-05-25 13:41:39.603000,lap,30,29,76.74,False,1.418999999999997,,,,,,,603,LAW,Racing Bulls,6C98FF,,,,,,,57.566,2.347,22.4,43.6,53.0,1016.9,0,1.3,196,8.0,MEDIUM,6.0,yellow
2025-05-25 13:41:40.775000,lap,23,29,76.969,False,2.372,,,,,,,604,ALB,Williams,1868DB,,,,,,,58.739,1.173,22.4,43.6,53.0,1016.9,0,1.3,196,9.0,MEDIUM,4.0,yellow
2025-05-25 13:41:44.338000,lap,31,29,79.488,True,4.331000000000003,,,,,,,605,OCO,Haas F1 Team,9C9FA2,,,,,,,64.806,5.91,22.4,43.6,53.0,1016.9,0,1.3,196,10.0,HARD,0.0,yellow
2025-05-25 13:41:44.900000,pit_in,31,28,,,,,,,,,24.7,606,OCO,Haas F1 Team,9C9FA2,,,,,,,64.806,5.91,22.4,43.6,53.0,1016.9,0,1.3,196,10.0,HARD,0.0,yellow
2025-05-25 13:41:52.723000,lap,55,29,79.113,False,5.125,,,,,,,607,SAI,Williams,1868DB,,,,,,,70.701,8.522,22.5,43.3,54.0,1016.8,0,1.1,51,,HARD,0.0,yellow
2025-05-25 13:41:53.093000,lap,63,29,79.247,False,5.841999999999999,,,,,,,608,RUS,Mercedes,00D7B6,,,,,,,71.045,0.344,22.5,43.3,54.0,1016.8,0,1.1,51,,HARD,0.0,yellow
2025-05-25 13:41:54.000000,race_control,87.0,29,,,,WAVED BLUE FLAG FOR CAR 87 (BEA) TIMED AT 15:41:54,BLUE,Flag,Driver,,,609,,,,,,,,,,,,22.5,43.3,54.0,1016.8,0,1.1,51,,,,yellow
2025-05-25 13:41:54.049000,lap,12,29,79.074,False,5.555999999999997,,,,,,,610,ANT,Mercedes,00D7B6,,,,,,,71.947,0.902,22.5,43.3,54.0,1016.8,0,1.1,51,,HARD,0.0,yellow
2025-05-25 13:41:54.674000,lap,22,29,79.313,False,4.400000000000006,,,,,,,611,TSU,Red Bull Racing,4781D7,,,,,,,72.676,0.729,22.5,43.3,54.0,1016.8,0,1.1,51,,HARD,0.0,yellow
2025-05-25 13:41:55.348000,lap,27,29,79.749,False,4.525999999999996,,,,,,,612,HUL,Kick Sauber,01C00E,,,,,,,73.263,0.587,22.5,43.3,54.0,1016.8,0,1.1,51,,HARD,0.0,yellow
2025-05-25 13:41:55.993000,lap,18,29,80.119,False,5.242000000000004,,,,,,,613,STR,Aston Martin,229971,,,,,,,73.983,0.72,22.5,43.3,54.0,1016.8,0,1.1,51,,HARD,1.0,yellow
2025-05-25 13:41:56.726000,lap,87,29,81.565,False,6.709999999999994,,,,,,,614,BEA,Haas F1 Team,9C9FA2,,,,,,,74.757,0.774,22.5,43.3,54.0,1016.8,0,1.1,51,,MEDIUM,0.0,yellow
2025-05-25 13:41:57.808000,lap,4,30,77.259,False,4.037999999999997,,,,,,,615,NOR,McLaren,F47600,,,,,,,0.0,0.0,22.5,43.3,54.0,1016.8,0,1.1,51,,HARD,0.0,yellow
2025-05-25 13:42:03.682000,lap,16,30,75.131,False,1.0759999999999934,,,,,,,616,LEC,Ferrari,ED1131,271.0,100.0,0.0,10934.0,7.0,0.0,5.84,5.84,22.5,43.3,54.0,1016.8,0,1.1,51,,HARD,0.0,yellow
2025-05-25 13:42:08.042000,lap,81,30,74.868,False,1.1229999999999905,,,,,,,617,PIA,McLaren,F47600,,,,,,,10.135,4.295,22.5,43.3,54.0,1016.8,0,1.1,51,,HARD,0.0,yellow
2025-05-25 13:42:09.495000,lap,5,29,75.193,False,0.3089999999999975,,,,,,,618,BOR,Kick Sauber,01C00E,,,,,,,,12.645,22.5,43.3,54.0,1016.8,0,1.1,51,,SOFT,0.0,yellow
2025-05-25 13:42:09.600000,pit_out,31,28,,,,,,,,,24.7,619,OCO,Haas F1 Team,9C9FA2,,,,,,,65.536,6.255,22.5,43.3,54.0,1016.8,0,1.1,51,,HARD,0.0,yellow
2025-05-25 13:42:12.182000,lap,1,30,75.074,False,0.8439999999999941,,,,,,,620,VER,Red Bull Racing,4781D7,,,,,,,14.235,4.1,22.5,43.3,54.0,1016.8,0,1.1,51,,MEDIUM,0.0,yellow
2025-05-25 13:42:12.729000,lap,43,29,75.914,False,0.6159999999999997,,,,,,,621,COL,Alpine,00A1E8,,,,,,,,3.286,22.5,43.3,54.0,1016.8,0,1.1,51,,MEDIUM,0.0,yellow
2025-05-25 13:42:14.965000,lap,44,30,75.884,False,1.793999999999997,,,,,,,622,HAM,Ferrari,ED1131,268.0,100.0,0.0,10798.0,7.0,0.0,17.121,2.886,22.5,43.3,54.0,1016.8,0,1.1,51,,HARD,1.0,yellow
2025-05-25 13:42:15.000000,race_control,18.0,30,,,,WAVED BLUE FLAG FOR CAR 18 (STR) TIMED AT 15:42:15,BLUE,Flag,Driver,,,623,,,,,,,,,,,,22.5,43.3,54.0,1016.8,0,1.1,51,,,,yellow
2025-05-25 13:42:41.813000,lap,14,30,77.307,False,1.7139999999999986,,,,,,,624,ALO,Aston Martin,229971,,,,,,,43.989,26.868,22.5,43.3,54.0,1016.8,0,1.1,51,,HARD,1.0,yellow
2025-05-25 13:42:45.000000,race_control,27.0,30,,,,WAVED BLUE FLAG FOR CAR 27 (HUL) TIMED AT 15:42:44,BLUE,Flag,Driver,,,625,,,,,,,,,,,,22.5,43.3,54.0,1016.8,0,1.1,51,,,,yellow
2025-05-25 13:42:53.735000,lap,6,30,76.432,False,0.4510000000000076,,,,,,,626,HAD,Racing Bulls,6C98FF,,,,,,,55.939,11.95,22.5,43.7,55.0,1016.8,0,0.8,117,,HARD,1.0,yellow
2025-05-25 13:42:56.344000,lap,30,30,76.607,False,1.2860000000000014,,,,,,,627,LAW,Racing Bulls,6C98FF,,,,,,,58.529,2.59,22.5,43.7,55.0,1016.8,0,0.8,117,,MEDIUM,6.0,yellow
2025-05-25 13:42:57.688000,lap,23,30,76.888,False,2.291000000000011,,,,,,,628,ALB,Williams,1868DB,,,,,,,59.931,1.402,22.5,43.7,55.0,1016.8,0,0.8,117,,MEDIUM,4.0,yellow
2025-05-25 13:43:03.735000,lap,31,30,75.796,False,0.63900000000001,,,,,,,629,OCO,Haas F1 Team,9C9FA2,,,,,,,65.89,5.959,22.5,43.7,55.0,1016.8,0,0.8,117,,HARD,0.0,yellow
2025-05-25 13:43:10.000000,race_control,87.0,30,,,,WAVED BLUE FLAG FOR CAR 87 (BEA) TIMED AT 15:43:10,BLUE,Flag,Driver,,,630,,,,,,,,,,,,22.5,43.7,55.0,1016.8,0,0.8,117,,,,yellow
2025-05-25 13:43:11.904000,lap,55,30,80.644,False,6.656000000000006,,,,,,,631,SAI,Williams,1868DB,,,,,,,74.037,8.147,22.5,43.7,55.0,1016.8,0,0.8,117,,HARD,0.0,yellow
2025-05-25 13:43:12.374000,lap,63,30,80.514,False,7.108999999999995,,,,,,,632,RUS,Mercedes,00D7B6,,,,,,,74.515,0.478,22.5,43.7,55.0,1016.8,0,0.8,117,,HARD,0.0,yellow
2025-05-25 13:43:13.089000,lap,12,30,80.406,False,6.888000000000005,,,,,,,633,ANT,Mercedes,00D7B6,,,,,,,75.244,0.729,22.5,43.7,55.0,1016.8,0,0.8,117,,HARD,0.0,yellow
2025-05-25 13:43:13.980000,lap,22,30,80.165,False,5.2520000000000095,,,,,,,634,TSU,Red Bull Racing,4781D7,,,,,,,76.212,0.968,22.5,43.7,55.0,1016.8,0,0.8,117,,HARD,0.0,yellow
2025-05-25 13:43:15.089000,lap,27,30,80.392,False,5.168999999999997,,,,,,,635,HUL,Kick Sauber,01C00E,,,,,,,77.235,1.023,22.5,43.7,55.0,1016.8,0,0.8,117,,HARD,0.0,yellow
2025-05-25 13:43:15.120000,lap,4,31,76.797,False,3.5759999999999934,,,,,,,636,NOR,McLaren,F47600,,,,,,,0.0,0.0,22.5,43.7,55.0,1016.8,0,0.8,117,,HARD,0.0,yellow
2025-05-25 13:43:16.199000,lap,18,30,80.246,False,5.369,,,,,,,637,STR,Aston Martin,229971,,,,,,,,1.09,22.5,43.7,55.0,1016.8,0,0.8,117,,HARD,1.0,yellow
2025-05-25 13:43:18.433000,lap,87,30,78.778,False,3.923000000000002,,,,,,,638,BEA,Haas F1 Team,9C9FA2,,,,,,,,2.22,22.5,43.7,55.0,1016.8,0,0.8,117,,MEDIUM,0.0,yellow
2025-05-25 13:43:18.824000,lap,16,31,76.773,False,2.7179999999999893,,,,,,,639,LEC,Ferrari,ED1131,268.0,100.0,0.0,10853.0,7.0,0.0,3.712,3.712,22.5,43.7,55.0,1016.8,0,0.8,117,,HARD,0.0,yellow
2025-05-25 13:43:20.000000,race_control,22.0,31,,,,WAVED BLUE FLAG FOR CAR 22 (TSU) TIMED AT 15:43:19,BLUE,Flag,Driver,,,640,,,,,,,,,,,,22.5,43.7,55.0,1016.8,0,0.8,117,,,,yellow
2025-05-25 13:43:22.855000,lap,81,31,75.735,False,1.9899999999999949,,,,,,,641,PIA,McLaren,F47600,,,,,,,7.744,4.032,22.5,43.7,55.0,1016.8,0,0.8,117,,HARD,0.0,yellow
2025-05-25 13:43:24.714000,lap,5,30,75.543,False,0.659000000000006,,,,,,,642,BOR,Kick Sauber,01C00E,,,,,,,,6.273,22.5,43.7,55.0,1016.8,0,0.8,117,,SOFT,0.0,yellow
2025-05-25 13:43:27.199000,lap,1,31,75.133,False,0.9029999999999916,,,,,,,643,VER,Red Bull Racing,4781D7,,,,,,,12.05,4.306,22.5,43.7,55.0,1016.8,0,0.8,117,,MEDIUM,0.0,yellow
2025-05-25 13:43:28.620000,lap,43,30,75.298,False,0.0,,,,,,,644,COL,Alpine,00A1E8,,,,,,,,4.007,22.5,43.7,55.0,1016.8,0,0.8,117,,MEDIUM,0.0,yellow
2025-05-25 13:43:30.824000,lap,44,31,75.648,False,1.5579999999999927,,,,,,,645,HAM,Ferrari,ED1131,269.0,100.0,0.0,10819.0,7.0,0.0,15.746,,22.5,43.7,55.0,1016.8,0,0.8,117,,HARD,1.0,yellow
2025-05-25 13:43:40.000000,race_control,12.0,31,,,,WAVED BLUE FLAG FOR CAR 12 (ANT) TIMED AT 15:43:40,BLUE,Flag,Driver,,,646,,,,,,,,,,,,22.5,43.7,55.0,1016.8,0,0.8,117,,,,yellow
2025-05-25 13:43:54.000000,race_control,18.0,31,,,,WAVED BLUE FLAG FOR CAR 18 (STR) TIMED AT 15:43:54,BLUE,Flag,Driver,,,647,,,,,,,,,,,,22.4,43.7,54.0,1016.8,0,1.0,181,,,,yellow
2025-05-25 13:43:59.027000,lap,14,31,76.142,False,0.5489999999999924,,,,,,,648,ALO,Aston Martin,229971,,,,,,,44.037,28.291,22.4,43.7,54.0,1016.8,0,1.0,181,,HARD,1.0,yellow
2025-05-25 13:44:06.000000,race_control,63.0,31,,,,WAVED BLUE FLAG FOR CAR 63 (RUS) TIMED AT 15:44:05,BLUE,Flag,Driver,,,649,,,,,,,,,,,,22.4,43.7,54.0,1016.8,0,1.0,181,,,,yellow
2025-05-25 13:44:10.199000,lap,6,31,76.289,False,0.30800000000000693,,,,,,,650,HAD,Racing Bulls,6C98FF,,,,,,,55.112,11.075,22.4,43.7,54.0,1016.8,0,1.0,181,,HARD,1.0,yellow
2025-05-25 13:44:12.933000,lap,30,31,93.531,False,18.210000000000008,,,,,,,651,LAW,Racing Bulls,6C98FF,,,,,,,57.877,2.765,22.4,43.7,54.0,1016.8,0,1.0,181,,SOFT,3.0,yellow
2025-05-25 13:44:14.621000,lap,23,31,76.87,False,2.2730000000000103,,,,,,,652,ALB,Williams,1868DB,,,,,,,59.56,1.683,22.4,43.7,54.0,1016.8,0,1.0,181,,MEDIUM,4.0,yellow
2025-05-25 13:44:19.464000,lap,31,31,75.43,False,0.27300000000001035,,,,,,,653,OCO,Haas F1 Team,9C9FA2,,,,,,,64.42699999999999,4.867,22.4,43.7,54.0,1016.8,0,1.0,181,,HARD,0.0,yellow
2025-05-25 13:44:27.000000,race_control,27.0,31,,,,WAVED BLUE FLAG FOR CAR 27 (HUL) TIMED AT 15:44:26,BLUE,Flag,Driver,,,654,,,,,,,,,,,,22.4,43.7,54.0,1016.8,0,1.0,181,,,,yellow
2025-05-25 13:44:32.090000,lap,4,32,74.711,False,1.4899999999999949,,,,,,,655,NOR,McLaren,F47600,,,,,,,0.0,0.0,22.4,43.7,54.0,1016.8,0,1.0,181,,HARD,0.0,yellow
2025-05-25 13:44:32.511000,lap,55,31,77.277,False,3.2890000000000015,,,,,,,656,SAI,Williams,1868DB,,,,,,,,12.995,22.4,43.7,54.0,1016.8,0,1.0,181,,HARD,0.0,yellow
2025-05-25 13:44:32.965000,lap,63,31,78.068,False,4.662999999999997,,,,,,,657,RUS,Mercedes,00D7B6,,,,,,,,0.348,22.4,43.7,54.0,1016.8,0,1.0,181,,HARD,0.0,yellow
2025-05-25 13:44:33.402000,lap,12,31,79.809,False,6.290999999999997,,,,,,,658,ANT,Mercedes,00D7B6,,,,,,,,0.621,22.4,43.7,54.0,1016.8,0,1.0,181,,HARD,0.0,yellow
2025-05-25 13:44:34.152000,lap,22,31,80.088,False,5.174999999999997,,,,,,,659,TSU,Red Bull Racing,4781D7,,,,,,,,0.727,22.4,43.7,54.0,1016.8,0,1.0,181,,HARD,0.0,yellow
2025-05-25 13:44:35.402000,lap,27,31,79.889,False,4.665999999999997,,,,,,,660,HUL,Kick Sauber,01C00E,,,,,,,,1.25,22.4,43.7,54.0,1016.8,0,1.0,181,,HARD,0.0,yellow
2025-05-25 13:44:35.590000,lap,16,32,76.418,False,2.3629999999999995,,,,,,,661,LEC,Ferrari,ED1131,270.0,100.0,0.0,10860.0,7.0,0.0,3.688,3.688,22.4,43.7,54.0,1016.8,0,1.0,181,,HARD,0.0,yellow
2025-05-25 13:44:36.433000,lap,18,31,79.721,False,4.844000000000008,,,,,,,662,STR,Aston Martin,229971,,,,,,,,0.944,22.4,43.7,54.0,1016.8,0,1.0,181,,HARD,1.0,yellow
2025-05-25 13:44:37.121000,lap,87,31,79.927,False,5.072000000000003,,,,,,,663,BEA,Haas F1 Team,9C9FA2,,,,,,,,0.752,22.4,43.7,54.0,1016.8,0,1.0,181,,MEDIUM,0.0,yellow
2025-05-25 13:44:38.574000,lap,81,32,76.822,False,3.076999999999998,,,,,,,664,PIA,McLaren,F47600,,,,,,,6.682,2.994,22.4,43.7,54.0,1016.8,0,1.0,181,,HARD,0.0,yellow
2025-05-25 13:44:40.183000,lap,5,31,78.214,False,3.3299999999999983,,,,,,,665,BOR,Kick Sauber,01C00E,,,,,,,,3.038,22.4,43.7,54.0,1016.8,0,1.0,181,,SOFT,0.0,yellow
2025-05-25 13:44:42.386000,lap,1,32,75.424,False,1.1940000000000026,,,,,,,666,VER,Red Bull Racing,4781D7,,,,,,,10.386,3.704,22.4,43.7,54.0,1016.8,0,1.0,181,,MEDIUM,0.0,yellow
2025-05-25 13:44:43.000000,race_control,22.0,32,,,,WAVED BLUE FLAG FOR CAR 22 (TSU) TIMED AT 15:44:43,BLUE,Flag,Driver,,,667,,,,,,,,,,,,22.4,43.7,54.0,1016.8,0,1.0,181,,,,yellow
2025-05-25 13:44:43.902000,lap,43,31,76.007,False,0.7090000000000032,,,,,,,668,COL,Alpine,00A1E8,,,,,,,,3.762,22.4,43.7,54.0,1016.8,0,1.0,181,,MEDIUM,0.0,yellow
2025-05-25 13:44:46.000000,race_control,87.0,32,,,,WAVED BLUE FLAG FOR CAR 87 (BEA) TIMED AT 15:44:46,BLUE,Flag,Driver,,,669,,,,,,,,,,,,22.4,43.7,54.0,1016.8,0,1.0,181,,,,yellow
2025-05-25 13:44:46.558000,lap,44,32,75.676,False,1.5859999999999985,,,,,,,670,HAM,Ferrari,ED1131,270.0,100.0,0.0,10834.0,7.0,0.0,14.597,4.211,22.4,43.7,54.0,1016.8,0,1.0,181,,HARD,1.0,yellow
2025-05-25 13:44:52.000000,race_control,87.0,32,,,,WAVED BLUE FLAG FOR CAR 87 (BEA) TIMED AT 15:44:51,BLUE,Flag,Driver,,,671,,,,,,,,,,,,22.5,43.7,54.0,1016.8,0,0.8,353,,,,yellow
2025-05-25 13:45:01.000000,race_control,12.0,32,,,,WAVED BLUE FLAG FOR CAR 12 (ANT) TIMED AT 15:45:00,BLUE,Flag,Driver,,,672,,,,,,,,,,,,22.5,43.7,54.0,1016.8,0,0.8,353,,,,yellow
2025-05-25 13:45:04.000000,race_control,18.0,32,,,,WAVED BLUE FLAG FOR CAR 18 (STR) TIMED AT 15:45:03,BLUE,Flag,Driver,,,673,,,,,,,,,,,,22.5,43.7,54.0,1016.8,0,0.8,353,,,,yellow
2025-05-25 13:45:15.340000,lap,14,32,76.088,False,0.49499999999999034,,,,,,,674,ALO,Aston Martin,229971,,,,,,,43.382,28.785,22.5,43.7,54.0,1016.8,0,0.8,353,,HARD,1.0,yellow
2025-05-25 13:45:25.000000,race_control,27.0,32,,,,WAVED BLUE FLAG FOR CAR 27 (HUL) TIMED AT 15:45:25,BLUE,Flag,Driver,,,675,,,,,,,,,,,,22.5,43.7,54.0,1016.8,0,0.8,353,,,,yellow
2025-05-25 13:45:26.449000,lap,6,32,76.307,False,0.3260000000000076,,,,,,,676,HAD,Racing Bulls,6C98FF,,,,,,,54.604,11.222,22.5,43.7,54.0,1016.8,0,0.8,353,,HARD,1.0,yellow
2025-05-25 13:45:31.371000,lap,23,32,92.994,False,18.397000000000006,,,,,,,677,ALB,Williams,1868DB,,,,,,,59.633,5.029,22.5,43.7,54.0,1016.8,0,0.8,353,8.0,MEDIUM,8.0,yellow
2025-05-25 13:45:34.981000,lap,31,32,75.503,False,0.34600000000000364,,,,,,,678,OCO,Haas F1 Team,9C9FA2,,,,,,,63.06,3.427,22.5,43.7,54.0,1016.8,0,0.8,353,9.0,HARD,0.0,yellow
2025-05-25 13:45:37.000000,race_control,5.0,32,,,,WAVED BLUE FLAG FOR CAR 5 (BOR) TIMED AT 15:45:36,BLUE,Flag,Driver,,,679,,,,,,,,,,,,22.5,43.7,54.0,1016.8,0,0.8,353,,,,yellow
2025-05-25 13:45:37.000000,race_control,27.0,32,,,,WAVED BLUE FLAG FOR CAR 27 (HUL) TIMED AT 15:45:37,BLUE,Flag,Driver,,,680,,,,,,,,,,,,22.5,43.7,54.0,1016.8,0,0.8,353,,,,yellow
2025-05-25 13:45:39.000000,race_control,63.0,32,,,,WAVED BLUE FLAG FOR CAR 63 (RUS) TIMED AT 15:45:38,BLUE,Flag,Driver,,,681,,,,,,,,,,,,22.5,43.7,54.0,1016.8,0,0.8,353,,,,yellow
2025-05-25 13:45:46.606000,lap,30,32,79.201,True,3.8799999999999955,,,,,,,682,LAW,Racing Bulls,6C98FF,,,,,,,+1 LAP,13.605,22.5,43.7,54.0,1016.8,0,0.8,353,,SOFT,3.0,yellow
2025-05-25 13:45:46.700000,lap,4,33,74.642,False,1.4209999999999923,,,,,,,683,NOR,McLaren,F47600,,,,,,,0.0,0.0,22.5,43.7,54.0,1016.8,0,0.8,353,,HARD,0.0,yellow
2025-05-25 13:45:47.184000,pit_in,30,31,,,,,,,,,24.2,684,LAW,Racing Bulls,6C98FF,,,,,,,+1 LAP,13.605,22.5,43.7,54.0,1016.8,0,0.8,353,,SOFT,3.0,yellow
2025-05-25 13:45:49.000000,race_control,87.0,33,,,,WAVED BLUE FLAG FOR CAR 87 (BEA) TIMED AT 15:45:49,BLUE,Flag,Driver,,,685,,,,,,,,,,,,22.5,43.7,54.0,1016.8,0,0.8,353,,,,yellow
2025-05-25 13:45:49.793000,lap,55,32,80.054,False,6.0660000000000025,,,,,,,686,SAI,Williams,1868DB,,,,,,,,3.291,22.7,43.6,53.0,1016.9,0,1.1,185,,HARD,0.0,yellow
2025-05-25 13:45:51.012000,lap,63,32,79.384,False,5.978999999999999,,,,,,,687,RUS,Mercedes,00D7B6,,,,,,,,1.139,22.7,43.6,53.0,1016.9,0,1.1,185,,HARD,0.0,yellow
2025-05-25 13:45:52.043000,lap,16,33,75.515,False,1.4599999999999937,,,,,,,688,LEC,Ferrari,ED1131,269.0,100.0,0.0,10821.0,7.0,0.0,5.395,5.395,22.7,43.6,53.0,1016.9,0,1.1,185,,HARD,0.0,yellow
2025-05-25 13:45:53.309000,lap,12,32,79.689,False,6.170999999999992,,,,,,,689,ANT,Mercedes,00D7B6,,,,,,,,2.362,22.7,43.6,53.0,1016.9,0,1.1,185,,HARD,0.0,yellow
2025-05-25 13:45:54.309000,lap,22,32,80.951,False,6.037999999999997,,,,,,,690,TSU,Red Bull Racing,4781D7,,,,,,,,1.006,22.7,43.6,53.0,1016.9,0,1.1,185,,HARD,0.0,yellow
2025-05-25 13:45:55.340000,lap,27,32,80.602,False,5.379000000000005,,,,,,,691,HUL,Kick Sauber,01C00E,,,,,,,,1.051,22.7,43.6,53.0,1016.9,0,1.1,185,,HARD,0.0,yellow
2025-05-25 13:45:55.450000,lap,81,33,76.325,False,2.5799999999999983,,,,,,,692,PIA,McLaren,F47600,,,,,,,8.793,3.398,22.7,43.6,53.0,1016.9,0,1.1,185,,HARD,0.0,yellow
2025-05-25 13:45:56.168000,lap,18,32,80.498,False,5.621000000000009,,,,,,,693,STR,Aston Martin,229971,,,,,,,,0.776,22.7,43.6,53.0,1016.9,0,1.1,185,,HARD,1.0,yellow
2025-05-25 13:45:57.059000,lap,87,32,80.227,False,5.372,,,,,,,694,BEA,Haas F1 Team,9C9FA2,,,,,,,,0.958,22.7,43.6,53.0,1016.9,0,1.1,185,,MEDIUM,0.0,yellow
2025-05-25 13:45:57.668000,lap,1,33,76.213,False,1.9829999999999899,,,,,,,695,VER,Red Bull Racing,4781D7,,,,,,,11.099,2.306,22.7,43.6,53.0,1016.9,0,1.1,185,,MEDIUM,0.0,yellow
2025-05-25 13:45:58.387000,lap,5,32,79.347,False,4.462999999999994,,,,,,,696,BOR,Kick Sauber,01C00E,,,,,,,,1.325,22.7,43.6,53.0,1016.9,0,1.1,185,,SOFT,0.0,yellow
2025-05-25 13:45:59.965000,lap,43,32,79.845,False,4.546999999999997,,,,,,,697,COL,Alpine,00A1E8,,,,,,,,1.555,22.7,43.6,53.0,1016.9,0,1.1,185,,MEDIUM,0.0,yellow
2025-05-25 13:46:02.215000,lap,44,33,76.536,False,2.445999999999998,,,,,,,698,HAM,Ferrari,ED1131,269.0,100.0,0.0,10877.0,7.0,0.0,15.562,4.463,22.7,43.6,53.0,1016.9,0,1.1,185,,HARD,1.0,yellow
2025-05-25 13:46:03.000000,race_control,22.0,33,,,,WAVED BLUE FLAG FOR CAR 22 (TSU) TIMED AT 15:46:03,BLUE,Flag,Driver,,,699,,,,,,,,,,,,22.7,43.6,53.0,1016.9,0,1.1,185,,,,yellow
2025-05-25 13:46:06.000000,race_control,18.0,33,,,,WAVED BLUE FLAG FOR CAR 18 (STR) TIMED AT 15:46:05,BLUE,Flag,Driver,,,700,,,,,,,,,,,,22.7,43.6,53.0,1016.9,0,1.1,185,,,,yellow
2025-05-25 13:46:11.384000,pit_out,30,31,,,,,,,,,24.2,701,LAW,Racing Bulls,6C98FF,,,,,,,,14.578,22.7,43.6,53.0,1016.9,0,1.1,185,,SOFT,3.0,yellow
2025-05-25 13:46:17.000000,race_control,55.0,33,,,,WAVED BLUE FLAG FOR CAR 55 (SAI) TIMED AT 15:46:16,BLUE,Flag,Driver,,,702,,,,,,,,,,,,22.7,43.6,53.0,1016.9,0,1.1,185,,,,yellow
2025-05-25 13:46:23.000000,race_control,27.0,33,,,,WAVED BLUE FLAG FOR CAR 27 (HUL) TIMED AT 15:46:22,BLUE,Flag,Driver,,,703,,,,,,,,,,,,22.7,43.6,53.0,1016.9,0,1.1,185,,,,yellow
2025-05-25 13:46:31.364000,lap,14,33,75.823,False,0.22999999999998977,,,,,,,704,ALO,Aston Martin,229971,,,,,,,44.759,29.197,22.7,43.6,53.0,1016.9,0,1.1,185,,HARD,1.0,yellow
2025-05-25 13:46:36.000000,race_control,12.0,33,,,,WAVED BLUE FLAG FOR CAR 12 (ANT) TIMED AT 15:46:36,BLUE,Flag,Driver,,,705,,,,,,,,,,,,22.7,43.6,53.0,1016.9,0,1.1,185,,,,yellow
2025-05-25 13:46:42.732000,lap,6,33,76.044,False,0.06300000000000239,,,,,,,706,HAD,Racing Bulls,6C98FF,,,,,,,56.2,11.441,22.7,43.6,53.0,1016.9,0,1.1,185,,HARD,1.0,yellow
2025-05-25 13:46:44.000000,race_control,22.0,33,,,,WAVED BLUE FLAG FOR CAR 22 (TSU) TIMED AT 15:46:44,BLUE,Flag,Driver,,,707,,,,,,,,,,,,22.7,43.6,53.0,1016.9,0,1.1,185,,,,yellow
2025-05-25 13:46:45.000000,race_control,43.0,33,,,,WAVED BLUE FLAG FOR CAR 43 (COL) TIMED AT 15:46:44,BLUE,Flag,Driver,,,708,,,,,,,,,,,,22.7,43.6,53.0,1016.9,0,1.1,185,,,,yellow
2025-05-25 13:46:50.364000,lap,31,33,75.22,False,0.06300000000000239,,,,,,,709,OCO,Haas F1 Team,9C9FA2,,,,,,,63.852,7.652,22.6,43.2,54.0,1016.8,0,1.5,169,8.0,HARD,0.0,yellow
2025-05-25 13:47:01.000000,race_control,12.0,33,,,,WAVED BLUE FLAG FOR CAR 12 (ANT) TIMED AT 15:47:00,BLUE,Flag,Driver,,,710,,,,,,,,,,,,22.6,43.2,54.0,1016.8,0,1.5,169,,,,yellow
2025-05-25 13:47:01.212000,lap,4,34,74.689,False,1.4679999999999893,,,,,,,711,NOR,McLaren,F47600,,,,,,,0.0,0.0,22.6,43.2,54.0,1016.8,0,1.5,169,,HARD,0.0,yellow
2025-05-25 13:47:04.509000,lap,23,33,82.236,True,7.63900000000001,,,,,,,712,ALB,Williams,1868DB,,,,,,,+1 LAP,1.079,22.6,43.2,54.0,1016.8,0,1.5,169,,MEDIUM,8.0,yellow
2025-05-25 13:47:05.165000,pit_in,23,32,,,,,,,,,23.9,713,ALB,Williams,1868DB,,,,,,,+1 LAP,1.079,22.6,43.2,54.0,1016.8,0,1.5,169,,MEDIUM,8.0,yellow
2025-05-25 13:47:05.618000,lap,30,33,78.285,False,2.9639999999999986,,,,,,,714,LAW,Racing Bulls,6C98FF,,,,,,,,1.185,22.6,43.2,54.0,1016.8,0,1.5,169,9.0,SOFT,3.0,yellow
2025-05-25 13:47:07.509000,lap,16,34,74.98,False,0.9249999999999972,,,,,,,715,LEC,Ferrari,ED1131,268.0,100.0,0.0,10784.0,7.0,0.0,6.268,6.268,22.6,43.2,54.0,1016.8,0,1.5,169,,HARD,0.0,yellow
2025-05-25 13:47:09.865000,lap,55,33,80.878,False,6.890000000000001,,,,,,,716,SAI,Williams,1868DB,,,,,,,,4.144,22.6,43.2,54.0,1016.8,0,1.5,169,,HARD,0.0,yellow
2025-05-25 13:47:10.390000,lap,63,33,81.135,False,7.730000000000004,,,,,,,717,RUS,Mercedes,00D7B6,,,,,,,,0.469,22.6,43.2,54.0,1016.8,0,1.5,169,,HARD,0.0,yellow
2025-05-25 13:47:11.707000,lap,81,34,75.947,False,2.201999999999998,,,,,,,718,PIA,McLaren,F47600,,,,,,,10.476,4.208,22.6,43.2,54.0,1016.8,0,1.5,169,,HARD,0.0,yellow
2025-05-25 13:47:12.000000,race_control,23.0,34,,,,WAVED BLUE FLAG FOR CAR 23 (ALB) TIMED AT 15:47:12,BLUE,Flag,Driver,,,719,,,,,,,,,,,,22.6,43.2,54.0,1016.8,0,1.5,169,,,,yellow
2025-05-25 13:47:13.042000,lap,12,33,79.344,False,5.825999999999993,,,,,,,720,ANT,Mercedes,00D7B6,,,,,,,,2.667,22.6,43.2,54.0,1016.8,0,1.5,169,,HARD,0.0,yellow
2025-05-25 13:47:13.903000,lap,1,34,75.8,False,1.5699999999999932,,,,,,,721,VER,Red Bull Racing,4781D7,,,,,,,12.67,2.194,22.6,43.2,54.0,1016.8,0,1.5,169,,MEDIUM,0.0,yellow
2025-05-25 13:47:15.000000,race_control,5.0,34,,,,WAVED BLUE FLAG FOR CAR 5 (BOR) TIMED AT 15:47:14,BLUE,Flag,Driver,,,722,,,,,,,,,,,,22.6,43.2,54.0,1016.8,0,1.5,169,,,,yellow
2025-05-25 13:47:15.373000,lap,22,33,78.035,False,3.122,,,,,,,723,TSU,Red Bull Racing,4781D7,,,,,,,,2.268,22.6,43.2,54.0,1016.8,0,1.5,169,,HARD,0.0,yellow
2025-05-25 13:47:15.930000,lap,27,33,77.84,False,2.6170000000000044,,,,,,,724,HUL,Kick Sauber,01C00E,,,,,,,,0.702,22.6,43.2,54.0,1016.8,0,1.5,169,,HARD,0.0,yellow
2025-05-25 13:47:16.589000,lap,18,33,78.23,False,3.3530000000000086,,,,,,,725,STR,Aston Martin,229971,,,,,,,,0.672,22.6,43.2,54.0,1016.8,0,1.5,169,,HARD,1.0,yellow
2025-05-25 13:47:17.309000,lap,87,33,78.784,False,3.929000000000002,,,,,,,726,BEA,Haas F1 Team,9C9FA2,,,,,,,,0.687,22.6,43.2,54.0,1016.8,0,1.5,169,,MEDIUM,0.0,yellow
2025-05-25 13:47:17.739000,lap,5,33,79.276,False,4.391999999999996,,,,,,,727,BOR,Kick Sauber,01C00E,,,,,,,,0.445,22.6,43.2,54.0,1016.8,0,1.5,169,,SOFT,0.0,yellow
2025-05-25 13:47:18.660000,lap,44,34,77.566,False,3.475999999999999,,,,,,,728,HAM,Ferrari,ED1131,269.0,100.0,0.0,10871.0,7.0,0.0,17.456,4.786,22.6,43.2,54.0,1016.8,0,1.5,169,,HARD,1.0,yellow
2025-05-25 13:47:19.000000,race_control,63.0,34,,,,WAVED BLUE FLAG FOR CAR 63 (RUS) TIMED AT 15:47:19,BLUE,Flag,Driver,,,729,,,,,,,,,,,,22.6,43.2,54.0,1016.8,0,1.5,169,,,,yellow
2025-05-25 13:47:19.856000,lap,43,33,78.528,False,3.230000000000004,,,,,,,730,COL,Alpine,00A1E8,,,,,,,,2.053,22.6,43.2,54.0,1016.8,0,1.5,169,,MEDIUM,0.0,yellow
2025-05-25 13:47:29.065000,pit_out,23,32,,,,,,,,,23.9,731,ALB,Williams,1868DB,,,,,,,,3.195,22.6,43.2,54.0,1016.8,0,1.5,169,,MEDIUM,8.0,yellow
2025-05-25 13:47:41.000000,race_control,55.0,34,,,,WAVED BLUE FLAG FOR CAR 55 (SAI) TIMED AT 15:47:41,BLUE,Flag,Driver,,,732,,,,,,,,,,,,22.6,43.2,54.0,1016.8,0,1.5,169,,,,yellow
2025-05-25 13:47:42.000000,race_control,30.0,34,,,,WAVED BLUE FLAG FOR CAR 30 (LAW) TIMED AT 15:47:42,BLUE,Flag,Driver,,,733,,,,,,,,,,,,22.6,43.2,54.0,1016.8,0,1.5,169,,,,yellow
2025-05-25 13:47:47.112000,lap,14,34,77.347,False,1.7539999999999907,,,,,,,734,ALO,Aston Martin,229971,,,,,,,45.94,28.484,22.6,43.2,54.0,1016.8,0,1.5,169,,HARD,1.0,yellow
2025-05-25 13:47:49.000000,race_control,63.0,34,,,,WAVED BLUE FLAG FOR CAR 63 (RUS) TIMED AT 15:47:49,BLUE,Flag,Driver,,,735,,,,,,,,,,,,22.6,43.2,54.0,1016.8,0,1.5,169,,,,yellow
2025-05-25 13:47:50.000000,race_control,30.0,34,,,,WAVED BLUE FLAG FOR CAR 30 (LAW) TIMED AT 15:47:49,BLUE,Flag,Driver,,,736,,,,,,,,,,,,22.5,43.1,53.0,1016.7,0,0.8,0,,,,yellow
2025-05-25 13:47:52.000000,race_control,55.0,34,,,,WAVED BLUE FLAG FOR CAR 55 (SAI) TIMED AT 15:47:52,BLUE,Flag,Driver,,,737,,,,,,,,,,,,22.5,43.1,53.0,1016.7,0,0.8,0,,,,yellow
2025-05-25 13:47:58.799000,lap,6,34,76.07,False,0.08899999999999864,,,,,,,738,HAD,Racing Bulls,6C98FF,,,,,,,57.602,11.662,22.5,43.1,53.0,1016.7,0,0.8,0,,HARD,1.0,yellow
2025-05-25 13:48:05.659000,lap,31,34,75.157,False,0.0,,,,,,,739,OCO,Haas F1 Team,9C9FA2,,,,,,,64.43,6.828,22.5,43.1,53.0,1016.7,0,0.8,0,,HARD,0.0,yellow
2025-05-25 13:48:09.000000,race_control,55.0,34,,,,WAVED BLUE FLAG FOR CAR 55 (SAI) TIMED AT 15:48:08,BLUE,Flag,Driver,,,740,,,,,,,,,,,,22.5,43.1,53.0,1016.7,0,0.8,0,,,,yellow
2025-05-25 13:48:15.940000,lap,4,35,74.184,False,0.9629999999999939,,,,,,,741,NOR,McLaren,F47600,,,,,,,0.0,0.0,22.5,43.1,53.0,1016.7,0,0.8,0,,HARD,0.0,yellow
2025-05-25 13:48:19.000000,race_control,23.0,35,,,,WAVED BLUE FLAG FOR CAR 23 (ALB) TIMED AT 15:48:19,BLUE,Flag,Driver,,,742,,,,,,,,,,,,22.5,43.1,53.0,1016.7,0,0.8,0,,,,yellow
2025-05-25 13:48:22.549000,lap,16,35,74.349,False,0.29399999999999693,,,,,,,743,LEC,Ferrari,ED1131,267.0,100.0,0.0,10766.0,7.0,0.0,6.559,6.559,22.5,43.1,53.0,1016.7,0,0.8,0,,HARD,0.0,yellow
2025-05-25 13:48:23.000000,race_control,87.0,35,,,,WAVED BLUE FLAG FOR CAR 87 (BEA) TIMED AT 15:48:22,BLUE,Flag,Driver,,,744,,,,,,,,,,,,22.5,43.1,53.0,1016.7,0,0.8,0,,,,yellow
2025-05-25 13:48:23.893000,lap,30,34,76.425,False,1.1039999999999992,,,,,,,745,LAW,Racing Bulls,6C98FF,,,,,,,,18.314,22.5,43.1,53.0,1016.7,0,0.8,0,,SOFT,3.0,yellow
2025-05-25 13:48:26.799000,lap,23,34,80.232,False,5.635000000000005,,,,,,,746,ALB,Williams,1868DB,,,,,,,,2.766,22.5,43.1,53.0,1016.7,0,0.8,0,,MEDIUM,8.0,yellow
2025-05-25 13:48:27.690000,lap,81,35,74.819,False,1.073999999999998,,,,,,,747,PIA,McLaren,F47600,,,,,,,11.734,5.175,22.5,43.1,53.0,1016.7,0,0.8,0,,HARD,0.0,yellow
2025-05-25 13:48:29.753000,lap,1,35,75.33,False,1.0999999999999943,,,,,,,748,VER,Red Bull Racing,4781D7,,,,,,,13.781,2.047,22.5,43.1,53.0,1016.7,0,0.8,0,,MEDIUM,0.0,yellow
2025-05-25 13:48:30.753000,lap,55,34,79.22,False,5.231999999999999,,,,,,,749,SAI,Williams,1868DB,,,,,,,,3.971,22.5,43.1,53.0,1016.7,0,0.8,0,,HARD,0.0,yellow
2025-05-25 13:48:31.503000,lap,63,34,78.936,False,5.531000000000006,,,,,,,750,RUS,Mercedes,00D7B6,,,,,,,,0.726,22.5,43.1,53.0,1016.7,0,0.8,0,,HARD,0.0,yellow
2025-05-25 13:48:32.300000,lap,12,34,78.763,False,5.2450000000000045,,,,,,,751,ANT,Mercedes,00D7B6,,,,,,,,0.876,22.5,43.1,53.0,1016.7,0,0.8,0,,HARD,0.0,yellow
2025-05-25 13:48:33.284000,lap,22,34,78.623,False,3.710000000000008,,,,,,,752,TSU,Red Bull Racing,4781D7,,,,,,,,0.959,22.5,43.1,53.0,1016.7,0,0.8,0,,HARD,0.0,yellow
2025-05-25 13:48:33.737000,lap,27,34,78.4,False,3.1770000000000067,,,,,,,753,HUL,Kick Sauber,01C00E,,,,,,,,0.507,22.5,43.1,53.0,1016.7,0,0.8,0,,HARD,0.0,yellow
2025-05-25 13:48:34.768000,lap,18,34,80.199,False,5.322000000000003,,,,,,,754,STR,Aston Martin,229971,,,,,,,,1.062,22.5,43.1,53.0,1016.7,0,0.8,0,,HARD,1.0,yellow
2025-05-25 13:48:36.143000,lap,87,34,79.725,False,4.86999999999999,,,,,,,755,BEA,Haas F1 Team,9C9FA2,,,,,,,,1.241,22.5,43.1,53.0,1016.7,0,0.8,0,,MEDIUM,0.0,yellow
2025-05-25 13:48:36.175000,lap,44,35,77.826,False,3.73599999999999,,,,,,,756,HAM,Ferrari,ED1131,265.0,100.0,0.0,10728.0,7.0,0.0,20.333,6.552,22.5,43.1,53.0,1016.7,0,0.8,0,,HARD,1.0,yellow
2025-05-25 13:48:37.050000,lap,5,34,79.276,False,4.391999999999996,,,,,,,757,BOR,Kick Sauber,01C00E,,,,,,,,0.937,22.5,43.1,53.0,1016.7,0,0.8,0,,SOFT,0.0,yellow
2025-05-25 13:48:38.315000,lap,43,34,78.704,False,3.4059999999999917,,,,,,,758,COL,Alpine,00A1E8,,,,,,,,1.305,22.5,43.1,53.0,1016.7,0,0.8,0,,MEDIUM,0.0,yellow
2025-05-25 13:48:47.000000,race_control,23.0,35,,,,WAVED BLUE FLAG FOR CAR 23 (ALB) TIMED AT 15:48:46,BLUE,Flag,Driver,,,759,,,,,,,,,,,,22.5,43.1,53.0,1016.7,0,0.8,0,,,,yellow
2025-05-25 13:48:56.000000,race_control,18.0,35,,,,WAVED BLUE FLAG FOR CAR 18 (STR) TIMED AT 15:48:55,BLUE,Flag,Driver,,,760,,,,,,,,,,,,22.6,43.2,54.0,1016.8,0,0.9,141,,,,yellow
2025-05-25 13:49:04.565000,lap,14,35,76.024,False,0.4309999999999974,,,,,,,761,ALO,Aston Martin,229971,,,,,,,48.598,28.265,22.6,43.2,54.0,1016.8,0,0.9,141,,HARD,1.0,yellow
2025-05-25 13:49:09.000000,race_control,18.0,35,,,,WAVED BLUE FLAG FOR CAR 18 (STR) TIMED AT 15:49:09,BLUE,Flag,Driver,,,762,,,,,,,,,,,,22.6,43.2,54.0,1016.8,0,0.9,141,,,,yellow
2025-05-25 13:49:14.831000,lap,6,35,76.212,False,0.23100000000000875,,,,,,,763,HAD,Racing Bulls,6C98FF,,,,,,,58.983,10.385,22.6,43.2,54.0,1016.8,0,0.9,141,,HARD,1.0,yellow
2025-05-25 13:49:20.000000,race_control,18.0,35,,,,WAVED BLUE FLAG FOR CAR 18 (STR) TIMED AT 15:49:19,BLUE,Flag,Driver,,,764,,,,,,,,,,,,22.6,43.2,54.0,1016.8,0,0.9,141,,,,yellow
2025-05-25 13:49:20.909000,lap,31,35,75.846,False,0.6890000000000072,,,,,,,765,OCO,Haas F1 Team,9C9FA2,,,,,,,64.898,5.915,22.6,43.2,54.0,1016.8,0,0.9,141,,HARD,0.0,yellow
2025-05-25 13:49:30.106000,lap,4,36,74.785,False,1.563999999999993,,,,,,,766,NOR,McLaren,F47600,,,,,,,0.0,0.0,22.6,43.2,54.0,1016.8,0,0.9,141,,HARD,0.0,yellow
2025-05-25 13:49:36.794000,lap,16,36,74.055,False,0.0,,,,,,,767,LEC,Ferrari,ED1131,267.0,100.0,0.0,10758.0,7.0,0.0,6.724,6.724,22.6,43.2,54.0,1016.8,0,0.9,141,,HARD,0.0,yellow
2025-05-25 13:49:40.404000,lap,30,35,75.942,False,0.6209999999999951,,,,,,,768,LAW,Racing Bulls,6C98FF,,,,,,,,19.582,22.6,43.2,54.0,1016.8,0,0.9,141,,SOFT,3.0,yellow
2025-05-25 13:49:42.560000,lap,81,36,75.107,False,1.3619999999999948,,,,,,,769,PIA,McLaren,F47600,,,,,,,12.369,5.645,22.6,43.2,54.0,1016.8,0,0.9,141,,HARD,0.0,yellow
2025-05-25 13:49:45.044000,lap,1,36,74.976,False,0.7459999999999951,,,,,,,770,VER,Red Bull Racing,4781D7,,,,,,,14.927,2.558,22.6,43.2,54.0,1016.8,0,0.9,141,,MEDIUM,0.0,yellow
2025-05-25 13:49:46.919000,lap,23,35,76.381,False,1.784000000000006,,,,,,,771,ALB,Williams,1868DB,,,,,,,,6.573,22.6,43.2,54.0,1016.8,0,0.9,141,,MEDIUM,8.0,yellow
2025-05-25 13:49:49.966000,lap,55,35,79.464,False,5.475999999999999,,,,,,,772,SAI,Williams,1868DB,,,,,,,,2.959,22.5,43.6,55.0,1016.7,0,0.0,289,,HARD,0.0,yellow
2025-05-25 13:49:50.341000,lap,63,35,79.219,False,5.813999999999993,,,,,,,773,RUS,Mercedes,00D7B6,,,,,,,,0.442,22.5,43.6,55.0,1016.7,0,0.0,289,,HARD,0.0,yellow
2025-05-25 13:49:51.029000,lap,12,35,79.458,False,5.939999999999998,,,,,,,774,ANT,Mercedes,00D7B6,,,,,,,,0.703,22.5,43.6,55.0,1016.7,0,0.0,289,,HARD,0.0,yellow
2025-05-25 13:49:51.920000,lap,22,35,80.269,False,5.356000000000009,,,,,,,775,TSU,Red Bull Racing,4781D7,,,,,,,,0.819,22.5,43.6,55.0,1016.7,0,0.0,289,,HARD,0.0,yellow
2025-05-25 13:49:52.182000,lap,27,35,80.594,False,5.370999999999995,,,,,,,776,HUL,Kick Sauber,01C00E,,,,,,,,0.284,22.5,43.6,55.0,1016.7,0,0.0,289,,HARD,0.0,yellow
2025-05-25 13:49:54.020000,lap,44,36,77.218,False,3.128,,,,,,,777,HAM,Ferrari,ED1131,269.0,100.0,0.0,10788.0,7.0,0.0,23.975,9.048,22.5,43.6,55.0,1016.7,0,0.0,289,,HARD,1.0,yellow
2025-05-25 13:49:54.973000,lap,18,35,78.217,False,3.3400000000000034,,,,,,,778,STR,Aston Martin,229971,,,,,,,,2.861,22.5,43.6,55.0,1016.7,0,0.0,289,,HARD,1.0,yellow
2025-05-25 13:49:55.895000,lap,87,35,78.006,False,3.1509999999999962,,,,,,,779,BEA,Haas F1 Team,9C9FA2,,,,,,,,0.767,22.5,43.6,55.0,1016.7,0,0.0,289,,MEDIUM,0.0,yellow
2025-05-25 13:49:56.270000,lap,5,35,95.247,False,20.363,,,,,,,780,BOR,Kick Sauber,01C00E,,,,,,,,0.488,22.5,43.6,55.0,1016.7,0,0.0,289,,MEDIUM,0.0,yellow
2025-05-25 13:49:56.941000,lap,43,35,78.67,False,3.372,,,,,,,781,COL,Alpine,00A1E8,,,,,,,,0.733,22.5,43.6,55.0,1016.7,0,0.0,289,,MEDIUM,0.0,yellow
2025-05-25 13:50:12.000000,race_control,27.0,36,,,,WAVED BLUE FLAG FOR CAR 27 (HUL) TIMED AT 15:50:11,BLUE,Flag,Driver,,,782,,,,,,,,,,,,22.5,43.6,55.0,1016.7,0,0.0,289,,,,yellow
2025-05-25 13:50:20.569000,lap,14,36,76.2,False,0.6069999999999993,,,,,,,783,ALO,Aston Martin,229971,,,,,,,50.438,26.463,22.5,43.6,55.0,1016.7,0,0.0,289,,HARD,1.0,yellow
2025-05-25 13:50:24.000000,race_control,27.0,36,,,,WAVED BLUE FLAG FOR CAR 27 (HUL) TIMED AT 15:50:24,BLUE,Flag,Driver,,,784,,,,,,,,,,,,22.5,43.6,55.0,1016.7,0,0.0,289,,,,yellow
2025-05-25 13:50:31.225000,lap,6,36,76.125,False,0.14400000000000546,,,,,,,785,HAD,Racing Bulls,6C98FF,,,,,,,61.011,10.573,22.5,43.6,55.0,1016.7,0,0.0,289,,HARD,1.0,yellow
2025-05-25 13:50:36.600000,lap,31,36,76.149,False,0.9920000000000044,,,,,,,786,OCO,Haas F1 Team,9C9FA2,,,,,,,66.56,5.549,22.5,43.6,55.0,1016.7,0,0.0,289,,HARD,0.0,yellow
2025-05-25 13:50:41.000000,race_control,22.0,36,,,,WAVED BLUE FLAG FOR CAR 22 (TSU) TIMED AT 15:50:41,BLUE,Flag,Driver,,,787,,,,,,,,,,,,22.5,43.6,55.0,1016.7,0,0.0,289,,,,yellow
2025-05-25 13:50:44.975000,lap,4,37,74.67,False,1.448999999999998,,,,,,,788,NOR,McLaren,F47600,,,,,,,0.0,0.0,22.5,43.6,55.0,1016.7,0,0.0,289,,HARD,0.0,yellow
2025-05-25 13:50:50.944000,lap,16,37,74.105,False,0.04999999999999716,,,,,,,789,LEC,Ferrari,ED1131,266.0,100.0,0.0,10670.0,7.0,0.0,5.994,5.994,22.5,43.7,55.0,1016.6,0,0.8,75,,HARD,0.0,yellow
2025-05-25 13:50:56.413000,lap,30,36,80.271,False,4.950000000000003,,,,,,,790,LAW,Racing Bulls,6C98FF,,,,,,,,19.678,22.5,43.7,55.0,1016.6,0,0.8,75,,SOFT,3.0,yellow
2025-05-25 13:50:57.584000,lap,81,37,75.396,False,1.6509999999999962,,,,,,,791,PIA,McLaren,F47600,,,,,,,12.691,6.697,22.5,43.7,55.0,1016.6,0,0.8,75,,HARD,0.0,yellow
2025-05-25 13:51:00.006000,lap,1,37,75.025,False,0.7950000000000017,,,,,,,792,VER,Red Bull Racing,4781D7,,,,,,,15.118,2.427,22.5,43.7,55.0,1016.6,0,0.8,75,,MEDIUM,0.0,yellow
2025-05-25 13:51:03.397000,lap,23,36,76.185,False,1.588000000000008,,,,,,,793,ALB,Williams,1868DB,,,,,,,,7.012,22.5,43.7,55.0,1016.6,0,0.8,75,,MEDIUM,8.0,yellow
2025-05-25 13:51:05.000000,race_control,30.0,37,,,,WAVED BLUE FLAG FOR CAR 30 (LAW) TIMED AT 15:51:05,BLUE,Flag,Driver,,,794,,,,,,,,,,,,22.5,43.7,55.0,1016.6,0,0.8,75,,,,yellow
2025-05-25 13:51:07.000000,race_control,12.0,37,,,,WAVED BLUE FLAG FOR CAR 12 (ANT) TIMED AT 15:51:07,BLUE,Flag,Driver,,,795,,,,,,,,,,,,22.5,43.7,55.0,1016.6,0,0.8,75,,,,yellow
2025-05-25 13:51:09.413000,lap,55,36,79.778,False,5.790000000000006,,,,,,,796,SAI,Williams,1868DB,,,,,,,,6.042,22.5,43.7,55.0,1016.6,0,0.8,75,,HARD,0.0,yellow
2025-05-25 13:51:09.584000,lap,63,36,79.952,False,6.546999999999997,,,,,,,797,RUS,Mercedes,00D7B6,,,,,,,,0.197,22.5,43.7,55.0,1016.6,0,0.8,75,,HARD,0.0,yellow
2025-05-25 13:51:10.569000,lap,12,36,79.869,False,6.350999999999999,,,,,,,798,ANT,Mercedes,00D7B6,,,,,,,,0.942,22.5,43.7,55.0,1016.6,0,0.8,75,,HARD,0.0,yellow
2025-05-25 13:51:11.000000,race_control,nan,37,,,,CAR 44 (HAM) TIME 1:17.826 DELETED - TRACK LIMITS AT TURN 10 LAP 35 15:49:24,,Other,,,,799,,,,,,,,,,,,22.5,43.7,55.0,1016.6,0,0.8,75,,,,yellow
2025-05-25 13:51:11.350000,lap,44,37,77.288,False,3.1979999999999933,,,,,,,800,HAM,Ferrari,ED1131,277.0,99.0,0.0,11133.0,7.0,12.0,26.408,11.29,22.5,43.7,55.0,1016.6,0,0.8,75,,HARD,1.0,yellow
2025-05-25 13:51:12.272000,lap,22,36,78.945,False,4.0319999999999965,,,,,,,801,TSU,Red Bull Racing,4781D7,,,,,,,,1.63,22.5,43.7,55.0,1016.6,0,0.8,75,,HARD,0.0,yellow
2025-05-25 13:51:12.772000,lap,27,36,78.642,False,3.418999999999997,,,,,,,802,HUL,Kick Sauber,01C00E,,,,,,,,0.609,22.5,43.7,55.0,1016.6,0,0.8,75,,HARD,0.0,yellow
2025-05-25 13:51:13.256000,lap,18,36,78.912,False,4.035000000000011,,,,,,,803,STR,Aston Martin,229971,,,,,,,,0.484,22.5,43.7,55.0,1016.6,0,0.8,75,,HARD,1.0,yellow
2025-05-25 13:51:13.850000,lap,87,36,79.059,False,4.2039999999999935,,,,,,,804,BEA,Haas F1 Team,9C9FA2,,,,,,,,0.556,22.5,43.7,55.0,1016.6,0,0.8,75,,MEDIUM,0.0,yellow
2025-05-25 13:51:15.694000,lap,43,36,77.955,False,2.6569999999999965,,,,,,,805,COL,Alpine,00A1E8,,,,,,,,1.885,22.5,43.7,55.0,1016.6,0,0.8,75,18.0,MEDIUM,0.0,yellow
2025-05-25 13:51:23.000000,race_control,30.0,37,,,,WAVED BLUE FLAG FOR CAR 30 (LAW) TIMED AT 15:51:22,BLUE,Flag,Driver,,,806,,,,,,,,,,,,22.5,43.7,55.0,1016.6,0,0.8,75,,,,yellow
2025-05-25 13:51:29.000000,race_control,63.0,37,,,,WAVED BLUE FLAG FOR CAR 63 (RUS) TIMED AT 15:51:28,BLUE,Flag,Driver,,,807,,,,,,,,,,,,22.5,43.7,55.0,1016.6,0,0.8,75,,,,yellow
2025-05-25 13:51:31.542000,lap,5,36,78.607,True,3.722999999999999,,,,,,,808,BOR,Kick Sauber,01C00E,,,,,,,,18.361,22.5,43.7,55.0,1016.6,0,0.8,75,,MEDIUM,0.0,yellow
2025-05-25 13:51:32.327000,pit_in,5,35,,,,,,,,,24.2,809,BOR,Kick Sauber,01C00E,,,,,,,,18.361,22.5,43.7,55.0,1016.6,0,0.8,75,,MEDIUM,0.0,yellow
2025-05-25 13:51:33.000000,race_control,30.0,37,,,,WAVED BLUE FLAG FOR CAR 30 (LAW) TIMED AT 15:51:33,BLUE,Flag,Driver,,,810,,,,,,,,,,,,22.5,43.7,55.0,1016.6,0,0.8,75,,,,yellow
2025-05-25 13:51:36.807000,lap,14,37,,False,,,,,,,,811,ALO,Aston Martin,229971,,,,,,,51.853,25.445,22.5,43.7,55.0,1016.6,0,0.8,75,,,,yellow
2025-05-25 13:51:47.289000,lap,6,37,76.419,False,0.4380000000000024,,,,,,,812,HAD,Racing Bulls,6C98FF,,,,,,,62.351,10.498,22.5,43.7,55.0,1016.6,0,0.8,75,,HARD,1.0,yellow
2025-05-25 13:51:49.000000,race_control,30.0,37,,,,WAVED BLUE FLAG FOR CAR 30 (LAW) TIMED AT 15:51:49,BLUE,Flag,Driver,,,813,,,,,,,,,,,,22.5,43.7,55.0,1016.6,0,0.8,75,,,,yellow
2025-05-25 13:51:52.867000,lap,31,37,77.197,False,2.0400000000000063,,,,,,,814,OCO,Haas F1 Team,9C9FA2,,,,,,,67.924,5.573,22.5,43.7,54.0,1016.6,0,0.6,183,,HARD,0.0,yellow
2025-05-25 13:51:53.000000,race_control,55.0,37,,,,WAVED BLUE FLAG FOR CAR 55 (SAI) TIMED AT 15:51:52,BLUE,Flag,Driver,,,815,,,,,,,,,,,,22.5,43.7,54.0,1016.6,0,0.6,183,,,,yellow
2025-05-25 13:51:56.527000,pit_out,5,35,,,,,,,,,24.2,816,BOR,Kick Sauber,01C00E,,,,,,,,18.502,22.5,43.7,54.0,1016.6,0,0.6,183,,MEDIUM,0.0,yellow
2025-05-25 13:51:59.524000,lap,4,38,74.907,False,1.6859999999999928,,,,,,,817,NOR,McLaren,F47600,,,,,,,0.0,0.0,22.5,43.7,54.0,1016.6,0,0.6,183,,HARD,0.0,yellow
2025-05-25 13:52:05.071000,lap,16,38,74.57,False,0.5149999999999864,,,,,,,818,LEC,Ferrari,ED1131,267.0,100.0,0.0,10803.0,7.0,0.0,5.429,5.429,22.5,43.7,54.0,1016.6,0,0.6,183,,HARD,0.0,yellow
2025-05-25 13:52:13.071000,lap,81,38,74.475,False,0.7299999999999898,,,,,,,819,PIA,McLaren,F47600,,,,,,,13.417,7.988,22.5,43.7,54.0,1016.6,0,0.6,183,,HARD,0.0,yellow
2025-05-25 13:52:15.008000,lap,1,38,74.677,False,0.44700000000000273,,,,,,,820,VER,Red Bull Racing,4781D7,,,,,,,15.473,2.056,22.5,43.7,54.0,1016.6,0,0.6,183,,MEDIUM,0.0,yellow
2025-05-25 13:52:16.664000,lap,30,37,75.89,False,0.5690000000000026,,,,,,,821,LAW,Racing Bulls,6C98FF,,,,,,,,23.8,22.5,43.7,54.0,1016.6,0,0.6,183,,SOFT,3.0,yellow
2025-05-25 13:52:19.508000,lap,23,37,76.153,False,1.5560000000000116,,,,,,,822,ALB,Williams,1868DB,,,,,,,,2.926,22.5,43.7,54.0,1016.6,0,0.6,183,,MEDIUM,8.0,yellow
2025-05-25 13:52:28.524000,lap,44,38,75.938,False,1.847999999999999,,,,,,,823,HAM,Ferrari,ED1131,262.0,100.0,0.0,10590.0,7.0,0.0,29.026,13.553,22.5,43.7,54.0,1016.6,0,0.6,183,,HARD,1.0,yellow
2025-05-25 13:52:29.227000,lap,55,37,78.753,False,4.765000000000001,,,,,,,824,SAI,Williams,1868DB,,,,,,,,9.635,22.5,43.7,54.0,1016.6,0,0.6,183,,HARD,0.0,yellow
2025-05-25 13:52:29.602000,lap,63,37,78.925,False,5.519999999999996,,,,,,,825,RUS,Mercedes,00D7B6,,,,,,,,0.371,22.5,43.7,54.0,1016.6,0,0.6,183,,HARD,0.0,yellow
2025-05-25 13:52:30.461000,lap,12,37,78.87,False,5.352000000000004,,,,,,,826,ANT,Mercedes,00D7B6,,,,,,,,0.859,22.5,43.7,54.0,1016.6,0,0.6,183,,HARD,0.0,yellow
2025-05-25 13:52:31.102000,lap,22,37,78.933,False,4.02000000000001,,,,,,,827,TSU,Red Bull Racing,4781D7,,,,,,,,0.706,22.5,43.7,54.0,1016.6,0,0.6,183,,HARD,0.0,yellow
2025-05-25 13:52:31.399000,lap,27,37,78.904,False,3.6809999999999974,,,,,,,828,HUL,Kick Sauber,01C00E,,,,,,,,0.306,22.5,43.7,54.0,1016.6,0,0.6,183,,HARD,0.0,yellow
2025-05-25 13:52:32.196000,lap,18,37,78.946,False,4.069000000000003,,,,,,,829,STR,Aston Martin,229971,,,,,,,,0.754,22.5,43.7,54.0,1016.6,0,0.6,183,,HARD,1.0,yellow
2025-05-25 13:52:32.899000,lap,87,37,78.885,False,4.030000000000001,,,,,,,830,BEA,Haas F1 Team,9C9FA2,,,,,,,,0.703,22.5,43.7,54.0,1016.6,0,0.6,183,,MEDIUM,0.0,yellow
2025-05-25 13:52:33.618000,lap,43,37,78.66,False,3.3619999999999948,,,,,,,831,COL,Alpine,00A1E8,,,,,,,,0.781,22.5,43.7,54.0,1016.6,0,0.6,183,,MEDIUM,0.0,yellow
2025-05-25 13:52:50.133000,lap,5,37,74.884,False,0.0,,,,,,,832,BOR,Kick Sauber,01C00E,,,,,,,,16.496,22.6,43.5,53.0,1016.7,0,0.7,202,,MEDIUM,0.0,yellow
2025-05-25 13:52:55.000000,yellow_flag,nan,38,,,,YELLOW IN TRACK SECTOR 17,YELLOW,Flag,Sector,17.0,,833,,,,,,,,,,,,22.6,43.5,53.0,1016.7,0,0.7,202,,,,yellow
2025-05-25 13:53:02.000000,race_control,nan,38,,,,CLEAR IN TRACK SECTOR 17,CLEAR,Flag,Sector,17.0,,834,,,,,,,,,,,,22.6,43.5,53.0,1016.7,0,0.7,202,,,,yellow
2025-05-25 13:53:04.040000,lap,6,38,76.4,False,0.41900000000001114,,,,,,,835,HAD,Racing Bulls,6C98FF,,,,,,,64.1,35.074,22.6,43.5,53.0,1016.7,0,0.7,202,,HARD,1.0,yellow
2025-05-25 13:53:10.055000,lap,31,38,76.298,False,1.1410000000000053,,,,,,,836,OCO,Haas F1 Team,9C9FA2,,,,,,,70.451,6.351,22.6,43.5,53.0,1016.7,0,0.7,202,,HARD,0.0,yellow
2025-05-25 13:53:14.602000,lap,4,39,74.141,False,0.9200000000000017,,,,,,,837,NOR,McLaren,F47600,,,,,,,0.0,0.0,22.6,43.5,53.0,1016.7,0,0.7,202,,HARD,0.0,yellow
2025-05-25 13:53:19.618000,lap,16,39,74.14,False,0.08499999999999375,,,,,,,838,LEC,Ferrari,ED1131,267.0,100.0,0.0,10770.0,7.0,0.0,5.092,5.092,22.6,43.5,53.0,1016.7,0,0.7,202,,HARD,0.0,yellow
2025-05-25 13:53:27.556000,lap,81,39,74.594,False,0.8489999999999895,,,,,,,839,PIA,McLaren,F47600,,,,,,,12.985,7.893,22.6,43.5,53.0,1016.7,0,0.7,202,,HARD,0.0,yellow
2025-05-25 13:53:29.806000,lap,1,39,74.785,False,0.5549999999999926,,,,,,,840,VER,Red Bull Racing,4781D7,,,,,,,15.243,2.258,22.6,43.5,53.0,1016.7,0,0.7,202,,MEDIUM,0.0,yellow
2025-05-25 13:53:32.509000,lap,30,38,75.964,False,0.6430000000000007,,,,,,,841,LAW,Racing Bulls,6C98FF,,,,,,,,22.493,22.6,43.5,53.0,1016.7,0,0.7,202,,SOFT,3.0,yellow
2025-05-25 13:53:35.587000,lap,23,38,75.529,False,0.9320000000000022,,,,,,,842,ALB,Williams,1868DB,,,,,,,,3.189,22.6,43.5,53.0,1016.7,0,0.7,202,,MEDIUM,8.0,yellow
2025-05-25 13:53:44.525000,lap,44,39,75.446,False,1.3559999999999945,,,,,,,843,HAM,Ferrari,ED1131,264.0,100.0,0.0,10694.0,7.0,0.0,30.057,14.814,22.6,43.5,53.0,1016.7,0,0.7,202,,HARD,1.0,yellow
2025-05-25 13:53:47.822000,lap,55,38,78.526,False,4.537999999999997,,,,,,,844,SAI,Williams,1868DB,,,,,,,,12.235,22.6,43.5,53.0,1016.7,0,0.7,202,,HARD,0.0,yellow
2025-05-25 13:53:48.494000,lap,63,38,78.468,False,5.063000000000002,,,,,,,845,RUS,Mercedes,00D7B6,,,,,,,,0.543,22.6,43.5,53.0,1016.7,0,0.7,202,,HARD,0.0,yellow
2025-05-25 13:53:49.275000,lap,12,38,78.381,False,4.8629999999999995,,,,,,,846,ANT,Mercedes,00D7B6,,,,,,,,0.804,22.6,43.5,53.0,1016.7,0,0.7,202,,HARD,0.0,yellow
2025-05-25 13:53:50.040000,lap,22,38,78.168,False,3.2550000000000097,,,,,,,847,TSU,Red Bull Racing,4781D7,,,,,,,,0.769,22.8,43.2,52.0,1016.7,0,0.7,197,,HARD,0.0,yellow
2025-05-25 13:53:50.353000,lap,27,38,78.272,False,3.0490000000000066,,,,,,,848,HUL,Kick Sauber,01C00E,,,,,,,,0.277,22.8,43.2,52.0,1016.7,0,0.7,197,,HARD,0.0,yellow
2025-05-25 13:53:51.134000,lap,18,38,78.252,False,3.375,,,,,,,849,STR,Aston Martin,229971,,,,,,,,0.796,22.8,43.2,52.0,1016.7,0,0.7,197,,HARD,1.0,yellow
2025-05-25 13:53:51.712000,lap,87,38,78.333,False,3.4779999999999944,,,,,,,850,BEA,Haas F1 Team,9C9FA2,,,,,,,,0.642,22.8,43.2,52.0,1016.7,0,0.7,197,,MEDIUM,0.0,yellow
2025-05-25 13:53:52.369000,lap,43,38,78.728,False,3.4299999999999926,,,,,,,851,COL,Alpine,00A1E8,,,,,,,,0.556,22.8,43.2,52.0,1016.7,0,0.7,197,,MEDIUM,0.0,yellow
2025-05-25 13:54:04.962000,lap,5,38,74.97,False,0.08599999999999852,,,,,,,852,BOR,Kick Sauber,01C00E,,,,,,,,12.72,22.8,43.2,52.0,1016.7,0,0.7,197,,MEDIUM,0.0,yellow
2025-05-25 13:54:20.087000,lap,6,39,76.92,False,0.9390000000000072,,,,,,,853,HAD,Racing Bulls,6C98FF,,,,,,,65.593,35.536,22.8,43.2,52.0,1016.7,0,0.7,197,,HARD,1.0,yellow
2025-05-25 13:54:26.309000,lap,31,39,78.41,False,3.253,,,,,,,854,OCO,Haas F1 Team,9C9FA2,,,,,,,71.842,6.249,22.8,43.2,52.0,1016.7,0,0.7,197,,HARD,0.0,yellow
2025-05-25 13:54:28.636000,lap,4,40,75.237,False,2.015999999999991,,,,,,,855,NOR,McLaren,F47600,,,,,,,0.0,0.0,22.8,43.2,52.0,1016.7,0,0.7,197,,HARD,0.0,yellow
2025-05-25 13:54:33.802000,lap,16,40,74.056,False,0.000999999999990564,,,,,,,856,LEC,Ferrari,ED1131,266.0,100.0,0.0,10795.0,7.0,0.0,5.091,5.091,22.8,43.2,52.0,1016.7,0,0.7,197,,HARD,0.0,yellow
2025-05-25 13:54:42.162000,lap,81,40,74.344,False,0.5989999999999895,,,,,,,857,PIA,McLaren,F47600,,,,,,,13.438,8.347,22.8,43.2,52.0,1016.7,0,0.7,197,,HARD,0.0,yellow
2025-05-25 13:54:44.490000,lap,1,40,74.421,False,0.1910000000000025,,,,,,,858,VER,Red Bull Racing,4781D7,,,,,,,15.887,2.449,22.8,43.2,52.0,1016.7,0,0.7,197,,MEDIUM,0.0,yellow
2025-05-25 13:54:48.662000,lap,30,39,75.8,False,0.4789999999999992,,,,,,,859,LAW,Racing Bulls,6C98FF,,,,,,,,22.159,22.8,43.2,52.0,1016.7,0,0.7,197,,SOFT,3.0,yellow
2025-05-25 13:54:51.193000,lap,23,39,75.303,False,0.7060000000000031,,,,,,,860,ALB,Williams,1868DB,,,,,,,,2.754,22.7,43.2,54.0,1016.7,0,0.6,203,,MEDIUM,8.0,yellow
2025-05-25 13:55:00.037000,lap,44,40,74.951,False,0.86099999999999,,,,,,,861,HAM,Ferrari,ED1131,265.0,100.0,0.0,10575.0,7.0,0.0,31.362,15.475,22.7,43.2,54.0,1016.7,0,0.6,203,,HARD,1.0,yellow
2025-05-25 13:55:06.459000,lap,55,39,78.819,False,4.831000000000003,,,,,,,862,SAI,Williams,1868DB,,,,,,,,15.232,22.7,43.2,54.0,1016.7,0,0.6,203,,HARD,0.0,yellow
2025-05-25 13:55:06.912000,lap,63,39,78.865,False,5.459999999999994,,,,,,,863,RUS,Mercedes,00D7B6,,,,,,,,0.485,22.7,43.2,54.0,1016.7,0,0.6,203,,HARD,0.0,yellow
2025-05-25 13:55:07.646000,lap,12,39,78.721,False,5.203000000000003,,,,,,,864,ANT,Mercedes,00D7B6,,,,,,,,0.717,22.7,43.2,54.0,1016.7,0,0.6,203,,HARD,0.0,yellow
2025-05-25 13:55:08.224000,lap,22,39,78.879,False,3.966000000000008,,,,,,,865,TSU,Red Bull Racing,4781D7,,,,,,,,0.556,22.7,43.2,54.0,1016.7,0,0.6,203,,HARD,0.0,yellow
2025-05-25 13:55:08.599000,lap,27,39,78.876,False,3.653000000000006,,,,,,,866,HUL,Kick Sauber,01C00E,,,,,,,,0.381,22.7,43.2,54.0,1016.7,0,0.6,203,,HARD,0.0,yellow
2025-05-25 13:55:09.318000,lap,18,39,78.805,False,3.9280000000000115,,,,,,,867,STR,Aston Martin,229971,,,,,,,,0.776,22.7,43.2,54.0,1016.7,0,0.6,203,,HARD,1.0,yellow
2025-05-25 13:55:10.131000,lap,87,39,78.791,False,3.935999999999993,,,,,,,868,BEA,Haas F1 Team,9C9FA2,,,,,,,,0.723,22.7,43.2,54.0,1016.7,0,0.6,203,,MEDIUM,0.0,yellow
2025-05-25 13:55:11.068000,lap,43,39,78.889,False,3.590999999999994,,,,,,,869,COL,Alpine,00A1E8,,,,,,,,0.951,22.7,43.2,54.0,1016.7,0,0.6,203,,MEDIUM,0.0,yellow
2025-05-25 13:55:14.000000,race_control,31.0,40,,,,WAVED BLUE FLAG FOR CAR 31 (OCO) TIMED AT 15:55:14,BLUE,Flag,Driver,,,870,,,,,,,,,,,,22.7,43.2,54.0,1016.7,0,0.6,203,,,,yellow
2025-05-25 13:55:19.959000,lap,5,39,75.888,False,1.0040000000000049,,,,,,,871,BOR,Kick Sauber,01C00E,,,,,,,,8.962,22.7,43.2,54.0,1016.7,0,0.6,203,,MEDIUM,0.0,yellow
2025-05-25 13:55:36.979000,lap,6,40,77.025,False,1.0440000000000111,,,,,,,872,HAD,Racing Bulls,6C98FF,,,,,,,68.372,37.01,22.7,43.2,54.0,1016.7,0,0.6,203,,HARD,1.0,yellow
2025-05-25 13:55:43.864000,lap,4,41,74.026,False,0.8049999999999926,,,,,,,873,NOR,McLaren,F47600,,,,,,,0.0,0.0,22.7,43.2,54.0,1016.7,0,0.6,203,,HARD,0.0,yellow
2025-05-25 13:55:44.778000,lap,31,40,76.525,False,1.3680000000000092,,,,,,,874,OCO,Haas F1 Team,9C9FA2,,,,,,,,7.739,22.7,43.2,54.0,1016.7,0,0.6,203,,HARD,0.0,yellow
2025-05-25 13:55:47.768000,lap,16,41,74.835,False,0.7799999999999869,,,,,,,875,LEC,Ferrari,ED1131,267.0,100.0,0.0,10652.0,7.0,0.0,3.91,3.91,22.7,43.2,54.0,1016.7,0,0.6,203,,HARD,0.0,yellow
2025-05-25 13:55:56.328000,lap,81,41,74.297,False,0.5519999999999925,,,,,,,876,PIA,McLaren,F47600,,,,,,,12.545,8.635,22.8,43.4,54.0,1016.6,0,0.9,260,,HARD,0.0,yellow
2025-05-25 13:55:58.906000,lap,1,41,74.39,False,0.1599999999999966,,,,,,,877,VER,Red Bull Racing,4781D7,,,,,,,15.071,2.526,22.8,43.4,54.0,1016.6,0,0.9,260,,MEDIUM,0.0,yellow
2025-05-25 13:56:04.203000,lap,30,40,92.467,False,17.146,,,,,,,878,LAW,Racing Bulls,6C98FF,,,,,,,,19.549,22.8,43.4,54.0,1016.6,0,0.9,260,,HARD,1.0,yellow
2025-05-25 13:56:06.578000,lap,23,40,92.156,False,17.55900000000001,,,,,,,879,ALB,Williams,1868DB,,,,,,,,2.257,22.8,43.4,54.0,1016.6,0,0.9,260,,HARD,0.0,yellow
2025-05-25 13:56:14.984000,lap,44,41,75.111,False,1.0210000000000008,,,,,,,880,HAM,Ferrari,ED1131,263.0,100.0,0.0,10661.0,7.0,0.0,31.076,16.005,22.8,43.4,54.0,1016.6,0,0.9,260,,HARD,1.0,yellow
2025-05-25 13:56:25.266000,lap,55,40,78.988,False,5.0,,,,,,,881,SAI,Williams,1868DB,,,,,,,,18.748,22.8,43.4,54.0,1016.6,0,0.9,260,,HARD,0.0,yellow
2025-05-25 13:56:25.766000,lap,63,40,78.936,False,5.531000000000006,,,,,,,882,RUS,Mercedes,00D7B6,,,,,,,,0.531,22.8,43.4,54.0,1016.6,0,0.9,260,,HARD,0.0,yellow
2025-05-25 13:56:26.453000,lap,12,40,78.95,False,5.432000000000002,,,,,,,883,ANT,Mercedes,00D7B6,,,,,,,,0.573,22.8,43.4,54.0,1016.6,0,0.9,260,,HARD,0.0,yellow
2025-05-25 13:56:27.125000,lap,22,40,78.913,False,4.0,,,,,,,884,TSU,Red Bull Racing,4781D7,,,,,,,,0.714,22.8,43.4,54.0,1016.6,0,0.9,260,,HARD,0.0,yellow
2025-05-25 13:56:27.484000,lap,27,40,78.804,False,3.581000000000003,,,,,,,885,HUL,Kick Sauber,01C00E,,,,,,,,0.378,22.8,43.4,54.0,1016.6,0,0.9,260,,HARD,0.0,yellow
2025-05-25 13:56:28.281000,lap,18,40,78.785,False,3.9080000000000013,,,,,,,886,STR,Aston Martin,229971,,,,,,,,0.705,22.8,43.4,54.0,1016.6,0,0.9,260,,HARD,1.0,yellow
2025-05-25 13:56:28.891000,lap,87,40,78.768,False,3.9129999999999967,,,,,,,887,BEA,Haas F1 Team,9C9FA2,,,,,,,,0.709,22.8,43.4,54.0,1016.6,0,0.9,260,,MEDIUM,0.0,yellow
2025-05-25 13:56:29.906000,lap,43,40,78.443,False,3.144999999999996,,,,,,,888,COL,Alpine,00A1E8,,,,,,,,1.049,22.8,43.4,54.0,1016.6,0,0.9,260,,MEDIUM,0.0,yellow
2025-05-25 13:56:35.922000,lap,5,40,76.335,False,1.4509999999999934,,,,,,,889,BOR,Kick Sauber,01C00E,,,,,,,,5.961,22.8,43.4,54.0,1016.6,0,0.9,260,,MEDIUM,0.0,yellow
2025-05-25 13:56:54.000000,lap,6,41,77.242,False,1.26100000000001,,,,,,,890,HAD,Racing Bulls,6C98FF,,,,,,,70.16,39.084,22.9,43.5,52.0,1016.7,0,0.7,0,,HARD,1.0,yellow
2025-05-25 13:56:54.000000,race_control,31.0,41,,,,WAVED BLUE FLAG FOR CAR 31 (OCO) TIMED AT 15:56:54,BLUE,Flag,Driver,,,891,,,,,,,,,,,,22.9,43.5,52.0,1016.7,0,0.7,0,,,,yellow
2025-05-25 13:56:57.901000,lap,4,42,74.419,False,1.1979999999999933,,,,,,,892,NOR,McLaren,F47600,,,,,,,0.0,0.0,22.9,43.5,52.0,1016.7,0,0.7,0,,HARD,0.0,yellow
2025-05-25 13:57:01.393000,lap,31,41,78.126,False,2.9690000000000083,,,,,,,893,OCO,Haas F1 Team,9C9FA2,,,,,,,,7.239,22.9,43.5,52.0,1016.7,0,0.7,0,,HARD,0.0,yellow
2025-05-25 13:57:02.645000,lap,16,42,75.133,False,1.0779999999999887,,,,,,,894,LEC,Ferrari,ED1131,269.0,100.0,0.0,10813.0,7.0,0.0,4.719,4.719,22.9,43.5,52.0,1016.7,0,0.7,0,,HARD,0.0,yellow
2025-05-25 13:57:07.000000,race_control,31.0,42,,,,WAVED BLUE FLAG FOR CAR 31 (OCO) TIMED AT 15:57:07,BLUE,Flag,Driver,,,895,,,,,,,,,,,,22.9,43.5,52.0,1016.7,0,0.7,0,,,,yellow
2025-05-25 13:57:10.744000,lap,81,42,74.137,False,0.3919999999999959,,,,,,,896,PIA,McLaren,F47600,,,,,,,12.816,8.097,22.9,43.5,52.0,1016.7,0,0.7,0,,HARD,0.0,yellow
2025-05-25 13:57:13.369000,lap,1,42,74.456,False,0.2259999999999991,,,,,,,897,VER,Red Bull Racing,4781D7,,,,,,,15.435,2.619,22.9,43.5,52.0,1016.7,0,0.7,0,,MEDIUM,0.0,yellow
2025-05-25 13:57:30.104000,lap,44,42,74.984,False,0.8939999999999912,,,,,,,898,HAM,Ferrari,ED1131,263.0,100.0,0.0,10684.0,7.0,0.0,32.161,16.726,22.9,43.5,52.0,1016.7,0,0.7,0,,HARD,1.0,yellow
2025-05-25 13:57:36.791000,lap,30,41,80.883,True,5.561999999999998,,,,,,,899,LAW,Racing Bulls,6C98FF,,,,,,,,37.663,22.9,43.5,52.0,1016.7,0,0.7,0,,HARD,1.0,yellow
2025-05-25 13:57:37.401000,pit_in,30,40,,,,,,,,,24.3,900,LAW,Racing Bulls,6C98FF,,,,,,,,37.663,22.9,43.5,52.0,1016.7,0,0.7,0,,HARD,1.0,yellow
2025-05-25 13:57:38.776000,lap,23,41,81.398,True,6.801000000000002,,,,,,,901,ALB,Williams,1868DB,,,,,,,,2.248,22.9,43.5,52.0,1016.7,0,0.7,0,,HARD,0.0,yellow
2025-05-25 13:57:39.323000,pit_in,23,40,,,,,,,,,24.1,902,ALB,Williams,1868DB,,,,,,,,2.248,22.9,43.5,52.0,1016.7,0,0.7,0,,HARD,0.0,yellow
2025-05-25 13:57:44.244000,lap,55,41,76.822,False,2.834000000000003,,,,,,,903,SAI,Williams,1868DB,,,,,,,,5.58,22.9,43.5,52.0,1016.7,0,0.7,0,,HARD,0.0,yellow
2025-05-25 13:57:44.791000,lap,63,41,77.272,False,3.8670000000000044,,,,,,,904,RUS,Mercedes,00D7B6,,,,,,,,0.479,22.9,43.5,52.0,1016.7,0,0.7,0,,HARD,0.0,yellow
2025-05-25 13:57:45.401000,lap,12,41,78.06,False,4.542000000000002,,,,,,,905,ANT,Mercedes,00D7B6,,,,,,,,0.587,22.9,43.5,52.0,1016.7,0,0.7,0,,HARD,0.0,yellow
2025-05-25 13:57:46.229000,lap,22,41,78.272,False,3.359000000000009,,,,,,,906,TSU,Red Bull Racing,4781D7,,,,,,,,0.677,22.9,43.5,52.0,1016.7,0,0.7,0,,HARD,0.0,yellow
2025-05-25 13:57:46.416000,lap,27,41,78.575,False,3.352000000000004,,,,,,,907,HUL,Kick Sauber,01C00E,,,,,,,,0.269,22.9,43.5,52.0,1016.7,0,0.7,0,,HARD,0.0,yellow
2025-05-25 13:57:46.979000,lap,18,41,78.701,False,3.823999999999998,,,,,,,908,STR,Aston Martin,229971,,,,,,,,0.686,22.9,43.5,52.0,1016.7,0,0.7,0,,HARD,1.0,yellow
2025-05-25 13:57:47.588000,lap,87,41,78.741,False,3.8859999999999957,,,,,,,909,BEA,Haas F1 Team,9C9FA2,,,,,,,,0.692,22.9,43.5,52.0,1016.7,0,0.7,0,,MEDIUM,0.0,yellow
2025-05-25 13:57:48.385000,lap,43,41,78.866,False,3.567999999999998,,,,,,,910,COL,Alpine,00A1E8,,,,,,,,0.724,22.9,43.5,52.0,1016.7,0,0.7,0,,MEDIUM,0.0,yellow
2025-05-25 13:57:52.307000,lap,5,41,76.847,False,1.9629999999999939,,,,,,,911,BOR,Kick Sauber,01C00E,,,,,,,,3.853,22.9,43.7,51.0,1016.7,0,0.5,0,,MEDIUM,0.0,yellow
2025-05-25 13:58:01.701000,pit_out,30,40,,,,,,,,,24.3,912,LAW,Racing Bulls,6C98FF,,,,,,,,37.909,22.9,43.7,51.0,1016.7,0,0.5,0,,HARD,1.0,yellow
2025-05-25 13:58:03.423000,pit_out,23,40,,,,,,,,,24.1,913,ALB,Williams,1868DB,,,,,,,,2.441,22.9,43.7,51.0,1016.7,0,0.5,0,,HARD,0.0,yellow
2025-05-25 13:58:04.000000,race_control,6.0,42,,,,WAVED BLUE FLAG FOR CAR 6 (HAD) TIMED AT 15:58:04,BLUE,Flag,Driver,,,914,,,,,,,,,,,,22.9,43.7,51.0,1016.7,0,0.5,0,,,,yellow
2025-05-25 13:58:11.260000,lap,6,42,79.685,False,3.7040000000000077,,,,,,,915,HAD,Racing Bulls,6C98FF,,,,,,,73.376,41.215,22.9,43.7,51.0,1016.7,0,0.5,0,,HARD,1.0,yellow
2025-05-25 13:58:12.338000,lap,4,43,74.174,False,0.953000000000003,,,,,,,916,NOR,McLaren,F47600,,,,,,,0.0,0.0,22.9,43.7,51.0,1016.7,0,0.5,0,,HARD,0.0,yellow
2025-05-25 13:58:17.745000,lap,16,43,74.556,False,0.5009999999999906,,,,,,,917,LEC,Ferrari,ED1131,267.0,100.0,0.0,10673.0,7.0,0.0,5.433,5.433,22.9,43.7,51.0,1016.7,0,0.5,0,,HARD,0.0,yellow
2025-05-25 13:58:19.432000,lap,31,42,76.24,False,1.0829999999999984,,,,,,,918,OCO,Haas F1 Team,9C9FA2,,,,,,,,8.123,22.9,43.7,51.0,1016.7,0,0.5,0,,HARD,0.0,yellow
2025-05-25 13:58:24.854000,lap,81,43,75.181,False,1.4359999999999928,,,,,,,919,PIA,McLaren,F47600,,,,,,,12.534,7.101,22.9,43.7,51.0,1016.7,0,0.5,0,,HARD,0.0,yellow
2025-05-25 13:58:27.729000,lap,1,43,74.567,False,0.3369999999999891,,,,,,,920,VER,Red Bull Racing,4781D7,,,,,,,15.472,2.938,22.9,43.7,51.0,1016.7,0,0.5,0,,MEDIUM,0.0,yellow
2025-05-25 13:58:44.995000,lap,44,43,74.854,False,0.7639999999999958,,,,,,,921,HAM,Ferrari,ED1131,264.0,100.0,0.0,10696.0,7.0,0.0,32.726,17.254,22.9,43.7,51.0,1016.7,0,0.5,0,,HARD,1.0,yellow
2025-05-25 13:58:57.683000,lap,30,42,76.743,False,1.421999999999997,,,,,,,922,LAW,Racing Bulls,6C98FF,,,,,,,,38.248,22.6,42.9,54.0,1016.6,0,0.8,345,,HARD,1.0,yellow
2025-05-25 13:59:00.151000,lap,23,42,78.819,False,4.222000000000008,,,,,,,923,ALB,Williams,1868DB,,,,,,,,2.461,22.6,42.9,54.0,1016.6,0,0.8,345,,HARD,0.0,yellow
2025-05-25 13:59:01.136000,lap,55,42,76.706,False,2.7180000000000035,,,,,,,924,SAI,Williams,1868DB,,,,,,,,1.004,22.6,42.9,54.0,1016.6,0,0.8,345,,HARD,0.0,yellow
2025-05-25 13:59:01.979000,lap,63,42,77.617,False,4.212000000000003,,,,,,,925,RUS,Mercedes,00D7B6,,,,,,,,0.929,22.6,42.9,54.0,1016.6,0,0.8,345,,HARD,0.0,yellow
2025-05-25 13:59:03.446000,lap,12,42,77.12,False,3.602000000000004,,,,,,,926,ANT,Mercedes,00D7B6,,,,,,,,1.375,22.6,42.9,54.0,1016.6,0,0.8,345,,HARD,0.0,yellow
2025-05-25 13:59:04.246000,lap,22,42,77.292,False,2.379000000000005,,,,,,,927,TSU,Red Bull Racing,4781D7,,,,,,,,0.889,22.6,42.9,54.0,1016.6,0,0.8,345,,HARD,0.0,yellow
2025-05-25 13:59:04.902000,lap,27,42,77.315,False,2.0919999999999987,,,,,,,928,HUL,Kick Sauber,01C00E,,,,,,,,0.572,22.6,42.9,54.0,1016.6,0,0.8,345,,HARD,0.0,yellow
2025-05-25 13:59:05.722000,lap,18,42,77.363,False,2.486000000000004,,,,,,,929,STR,Aston Martin,229971,,,,,,,,0.812,22.6,42.9,54.0,1016.6,0,0.8,345,,HARD,1.0,yellow
2025-05-25 13:59:06.443000,lap,87,42,77.424,False,2.5690000000000026,,,,,,,930,BEA,Haas F1 Team,9C9FA2,,,,,,,,0.732,22.6,42.9,54.0,1016.6,0,0.8,345,,MEDIUM,0.0,yellow
2025-05-25 13:59:07.251000,lap,43,42,77.798,False,2.5,,,,,,,931,COL,Alpine,00A1E8,,,,,,,,0.849,22.6,42.9,54.0,1016.6,0,0.8,345,,MEDIUM,0.0,yellow
2025-05-25 13:59:09.001000,lap,5,42,77.678,False,2.793999999999997,,,,,,,932,BOR,Kick Sauber,01C00E,,,,,,,,1.834,22.6,42.9,54.0,1016.6,0,0.8,345,,MEDIUM,0.0,yellow
2025-05-25 13:59:22.000000,race_control,nan,43,,,,CAR 12 (ANT) TIME 1:18.060 DELETED - TRACK LIMITS AT TURN 10 LAP 41 15:58:34,,Other,,,,933,,,,,,,,,,,,22.6,42.9,54.0,1016.6,0,0.8,345,,,,yellow
2025-05-25 13:59:24.000000,race_control,6.0,43,,,,WAVED BLUE FLAG FOR CAR 6 (HAD) TIMED AT 15:59:23,BLUE,Flag,Driver,,,934,,,,,,,,,,,,22.6,42.9,54.0,1016.6,0,0.8,345,,,,yellow
2025-05-25 13:59:26.486000,lap,4,44,73.872,False,0.6509999999999962,,,,,,,935,NOR,McLaren,F47600,,,,,,,0.0,0.0,22.6,42.9,54.0,1016.6,0,0.8,345,,HARD,0.0,yellow
2025-05-25 13:59:31.285000,lap,6,43,78.924,False,2.943000000000012,,,,,,,936,HAD,Racing Bulls,6C98FF,,,,,,,,45.916,22.6,42.9,54.0,1016.6,0,0.8,345,,HARD,1.0,yellow
2025-05-25 13:59:32.395000,lap,16,44,74.265,False,0.20999999999999375,,,,,,,937,LEC,Ferrari,ED1131,270.0,100.0,0.0,10809.0,7.0,0.0,5.815,5.815,22.6,42.9,54.0,1016.6,0,0.8,345,,HARD,0.0,yellow
2025-05-25 13:59:35.660000,lap,31,43,76.584,False,1.4270000000000067,,,,,,,938,OCO,Haas F1 Team,9C9FA2,,,,,,,,4.678,22.6,42.9,54.0,1016.6,0,0.8,345,,HARD,0.0,yellow
2025-05-25 13:59:37.000000,race_control,6.0,44,,,,WAVED BLUE FLAG FOR CAR 6 (HAD) TIMED AT 15:59:36,BLUE,Flag,Driver,,,939,,,,,,,,,,,,22.6,42.9,54.0,1016.6,0,0.8,345,,,,yellow
2025-05-25 13:59:39.941000,lap,81,44,74.676,False,0.9309999999999974,,,,,,,940,PIA,McLaren,F47600,,,,,,,13.541,7.726,22.6,42.9,54.0,1016.6,0,0.8,345,,HARD,0.0,yellow
2025-05-25 13:59:42.363000,lap,1,44,74.38,False,0.14999999999999147,,,,,,,941,VER,Red Bull Racing,4781D7,,,,,,,15.865,2.324,22.6,42.9,54.0,1016.6,0,0.8,345,,MEDIUM,0.0,yellow
2025-05-25 13:59:59.930000,lap,44,44,74.686,False,0.5960000000000036,,,,,,,942,HAM,Ferrari,ED1131,267.0,100.0,0.0,10713.0,7.0,0.0,33.406,17.541,22.5,42.7,55.0,1016.6,0,0.5,194,,HARD,1.0,yellow
2025-05-25 14:00:14.434000,lap,30,43,75.931,False,0.6099999999999994,,,,,,,943,LAW,Racing Bulls,6C98FF,,,,,,,,38.751,22.5,42.7,55.0,1016.6,0,0.5,194,,HARD,1.0,yellow
2025-05-25 14:00:17.680000,lap,55,43,75.881,False,1.8930000000000007,,,,,,,944,SAI,Williams,1868DB,,,,,,,,3.428,22.5,42.7,55.0,1016.6,0,0.5,194,,HARD,0.0,yellow
2025-05-25 14:00:18.867000,lap,23,43,78.638,False,4.041000000000011,,,,,,,945,ALB,Williams,1868DB,,,,,,,,1.109,22.5,42.7,55.0,1016.6,0,0.5,194,,HARD,0.0,yellow
2025-05-25 14:00:19.601000,lap,63,43,78.494,False,5.088999999999999,,,,,,,946,RUS,Mercedes,00D7B6,,,,,,,,0.731,22.5,42.7,55.0,1016.6,0,0.5,194,,HARD,0.0,yellow
2025-05-25 14:00:20.508000,lap,12,43,78.31,False,4.792000000000002,,,,,,,947,ANT,Mercedes,00D7B6,,,,,,,,0.878,22.5,42.7,55.0,1016.6,0,0.5,194,,HARD,0.0,yellow
2025-05-25 14:00:21.570000,lap,22,43,78.05,False,3.1370000000000005,,,,,,,948,TSU,Red Bull Racing,4781D7,,,,,,,,1.061,22.5,42.7,55.0,1016.6,0,0.5,194,,HARD,0.0,yellow
2025-05-25 14:00:22.305000,lap,27,43,77.929,False,2.706000000000003,,,,,,,949,HUL,Kick Sauber,01C00E,,,,,,,,0.595,22.5,42.7,55.0,1016.6,0,0.5,194,,HARD,0.0,yellow
2025-05-25 14:00:23.039000,lap,18,43,77.762,False,2.885000000000005,,,,,,,950,STR,Aston Martin,229971,,,,,,,,0.86,22.5,42.7,55.0,1016.6,0,0.5,194,,HARD,1.0,yellow
2025-05-25 14:00:23.820000,lap,87,43,77.648,False,2.792999999999992,,,,,,,951,BEA,Haas F1 Team,9C9FA2,,,,,,,,0.793,22.5,42.7,55.0,1016.6,0,0.5,194,,MEDIUM,0.0,yellow
2025-05-25 14:00:25.101000,lap,43,43,77.541,False,2.242999999999995,,,,,,,952,COL,Alpine,00A1E8,,,,,,,,1.223,22.5,42.7,55.0,1016.6,0,0.5,194,,MEDIUM,0.0,yellow
2025-05-25 14:00:26.758000,lap,5,43,77.037,False,2.153000000000006,,,,,,,953,BOR,Kick Sauber,01C00E,,,,,,,,1.714,22.5,42.7,55.0,1016.6,0,0.5,194,,MEDIUM,0.0,yellow
2025-05-25 14:00:40.399000,lap,4,45,74.384,False,1.1629999999999967,,,,,,,954,NOR,McLaren,F47600,,,,,,,0.0,0.0,22.5,42.7,55.0,1016.6,0,0.5,194,,HARD,0.0,yellow
2025-05-25 14:00:46.549000,lap,16,45,74.21,False,0.15499999999998693,,,,,,,955,LEC,Ferrari,ED1131,267.0,100.0,0.0,10756.0,7.0,0.0,6.208,6.208,22.5,42.7,55.0,1016.6,0,0.5,194,,HARD,0.0,yellow
2025-05-25 14:00:49.924000,lap,6,44,76.93,False,0.9490000000000123,,,,,,,956,HAD,Racing Bulls,6C98FF,,,,,,,,49.986,22.5,43.0,54.0,1016.5,0,0.9,180,,HARD,1.0,yellow
2025-05-25 14:00:52.267000,lap,31,44,77.324,False,2.1670000000000016,,,,,,,957,OCO,Haas F1 Team,9C9FA2,,,,,,,,2.338,22.5,43.0,54.0,1016.5,0,0.9,180,,HARD,0.0,yellow
2025-05-25 14:00:54.720000,lap,81,45,75.124,False,1.3789999999999907,,,,,,,958,PIA,McLaren,F47600,,,,,,,14.345,8.137,22.5,43.0,54.0,1016.5,0,0.9,180,,HARD,0.0,yellow
2025-05-25 14:00:56.767000,lap,1,45,74.23,False,0.0,,,,,,,959,VER,Red Bull Racing,4781D7,,,,,,,16.373,2.028,22.5,43.0,54.0,1016.5,0,0.9,180,,MEDIUM,0.0,yellow
2025-05-25 14:01:14.546000,lap,44,45,74.849,False,0.7590000000000003,,,,,,,960,HAM,Ferrari,ED1131,265.0,100.0,0.0,10659.0,7.0,0.0,34.22,17.847,22.5,43.0,54.0,1016.5,0,0.9,180,,HARD,1.0,yellow
2025-05-25 14:01:30.295000,lap,30,44,75.958,False,0.6370000000000005,,,,,,,961,LAW,Racing Bulls,6C98FF,,,,,,,,38.098,22.5,43.0,54.0,1016.5,0,0.9,180,,HARD,1.0,yellow
2025-05-25 14:01:33.681000,lap,55,44,76.059,False,2.070999999999998,,,,,,,962,SAI,Williams,1868DB,,,,,,,,3.378,22.5,43.0,54.0,1016.5,0,0.9,180,,HARD,0.0,yellow
2025-05-25 14:01:37.537000,lap,23,44,79.225,False,4.628,,,,,,,963,ALB,Williams,1868DB,,,,,,,,3.866,22.5,43.0,54.0,1016.5,0,0.9,180,,HARD,0.0,yellow
2025-05-25 14:01:38.130000,lap,63,44,79.072,False,5.667000000000002,,,,,,,964,RUS,Mercedes,00D7B6,,,,,,,,0.587,22.5,43.0,54.0,1016.5,0,0.9,180,,HARD,0.0,yellow
2025-05-25 14:01:38.882000,lap,12,44,78.885,False,5.367000000000004,,,,,,,965,ANT,Mercedes,00D7B6,,,,,,,,0.694,22.5,43.0,54.0,1016.5,0,0.9,180,,HARD,0.0,yellow
2025-05-25 14:01:39.729000,lap,22,44,78.827,False,3.9140000000000015,,,,,,,966,TSU,Red Bull Racing,4781D7,,,,,,,,0.801,22.5,43.0,54.0,1016.5,0,0.9,180,,HARD,0.0,yellow
2025-05-25 14:01:40.148000,lap,27,44,95.627,False,20.403999999999996,,,,,,,967,HUL,Kick Sauber,01C00E,,,,,,,,0.474,22.5,43.0,54.0,1016.5,0,0.9,180,,SOFT,0.0,yellow
2025-05-25 14:01:40.877000,lap,18,44,78.615,False,3.7379999999999995,,,,,,,968,STR,Aston Martin,229971,,,,,,,,0.693,22.5,43.0,54.0,1016.5,0,0.9,180,,HARD,1.0,yellow
2025-05-25 14:01:41.464000,lap,87,44,78.511,False,3.6559999999999917,,,,,,,969,BEA,Haas F1 Team,9C9FA2,,,,,,,,0.679,22.5,43.0,54.0,1016.5,0,0.9,180,,MEDIUM,0.0,yellow
2025-05-25 14:01:42.653000,lap,43,44,78.439,False,3.140999999999991,,,,,,,970,COL,Alpine,00A1E8,,,,,,,,1.116,22.5,43.0,54.0,1016.5,0,0.9,180,,MEDIUM,0.0,yellow
2025-05-25 14:01:43.847000,lap,5,44,78.35,False,3.465999999999994,,,,,,,971,BOR,Kick Sauber,01C00E,,,,,,,,1.21,22.5,43.0,54.0,1016.5,0,0.9,180,,MEDIUM,0.0,yellow
2025-05-25 14:01:52.000000,race_control,31.0,45,,,,WAVED BLUE FLAG FOR CAR 31 (OCO) TIMED AT 16:01:52,BLUE,Flag,Driver,,,972,,,,,,,,,,,,22.5,43.4,54.0,1016.6,0,0.8,304,,,,yellow
2025-05-25 14:01:54.771000,lap,4,46,74.177,False,0.9560000000000031,,,,,,,973,NOR,McLaren,F47600,,,,,,,0.0,0.0,22.5,43.4,54.0,1016.6,0,0.8,304,,HARD,0.0,yellow
2025-05-25 14:02:00.836000,lap,16,46,74.339,False,0.2839999999999918,,,,,,,974,LEC,Ferrari,ED1131,266.0,100.0,0.0,10714.0,7.0,0.0,6.034,6.034,22.5,43.4,54.0,1016.6,0,0.8,304,,HARD,0.0,yellow
2025-05-25 14:02:06.836000,lap,6,45,77.914,False,1.933000000000007,,,,,,,975,HAD,Racing Bulls,6C98FF,,,,,,,,52.23,22.5,43.4,54.0,1016.6,0,0.8,304,,HARD,1.0,yellow
2025-05-25 14:02:09.524000,lap,31,45,78.452,False,3.2950000000000017,,,,,,,976,OCO,Haas F1 Team,9C9FA2,,,,,,,,2.732,22.5,43.4,54.0,1016.6,0,0.8,304,,HARD,0.0,yellow
2025-05-25 14:02:09.915000,lap,81,46,74.875,False,1.1299999999999955,,,,,,,977,PIA,McLaren,F47600,,,,,,,15.085,9.051,22.5,43.4,54.0,1016.6,0,0.8,304,,HARD,0.0,yellow
2025-05-25 14:02:11.071000,lap,1,46,74.897,False,0.6670000000000016,,,,,,,978,VER,Red Bull Racing,4781D7,,,,,,,16.219,1.134,22.5,43.4,54.0,1016.6,0,0.8,304,,MEDIUM,0.0,yellow
2025-05-25 14:02:16.000000,race_control,31.0,46,,,,WAVED BLUE FLAG FOR CAR 31 (OCO) TIMED AT 16:02:15,BLUE,Flag,Driver,,,979,,,,,,,,,,,,22.5,43.4,54.0,1016.6,0,0.8,304,,,,yellow
2025-05-25 14:02:29.430000,lap,44,46,75.323,False,1.2329999999999899,,,,,,,980,HAM,Ferrari,ED1131,265.0,99.0,0.0,10679.0,7.0,0.0,34.685,18.466,22.5,43.4,54.0,1016.6,0,0.8,304,,HARD,1.0,yellow
2025-05-25 14:02:46.446000,lap,30,45,75.605,False,0.284000000000006,,,,,,,981,LAW,Racing Bulls,6C98FF,,,,,,,,36.732,22.5,43.4,54.0,1016.6,0,0.8,304,,HARD,1.0,yellow
2025-05-25 14:02:49.759000,lap,55,45,76.124,False,2.1359999999999957,,,,,,,982,SAI,Williams,1868DB,,,,,,,,3.479,22.5,43.2,55.0,1016.7,0,0.7,170,,HARD,0.0,yellow
2025-05-25 14:02:56.821000,lap,23,45,79.224,False,4.6270000000000095,,,,,,,983,ALB,Williams,1868DB,,,,,,,,7.032,22.5,43.2,55.0,1016.7,0,0.7,170,,HARD,0.0,yellow
2025-05-25 14:02:57.290000,lap,63,45,79.192,False,5.786999999999992,,,,,,,984,RUS,Mercedes,00D7B6,,,,,,,,0.434,22.5,43.2,55.0,1016.7,0,0.7,170,,HARD,0.0,yellow
2025-05-25 14:02:57.774000,lap,12,45,79.251,False,5.733000000000004,,,,,,,985,ANT,Mercedes,00D7B6,,,,,,,,0.507,22.5,43.2,55.0,1016.7,0,0.7,170,,HARD,0.0,yellow
2025-05-25 14:02:58.509000,lap,22,45,79.266,False,4.353000000000009,,,,,,,986,TSU,Red Bull Racing,4781D7,,,,,,,,0.743,22.5,43.2,55.0,1016.7,0,0.7,170,,HARD,0.0,yellow
2025-05-25 14:02:59.430000,lap,18,45,79.045,False,4.168000000000006,,,,,,,987,STR,Aston Martin,229971,,,,,,,,0.955,22.5,43.2,55.0,1016.7,0,0.7,170,14.0,HARD,1.0,yellow
2025-05-25 14:03:00.430000,lap,87,45,79.057,False,4.201999999999998,,,,,,,988,BEA,Haas F1 Team,9C9FA2,,,,,,,,0.575,22.5,43.2,55.0,1016.7,0,0.7,170,15.0,MEDIUM,0.0,yellow
2025-05-25 14:03:01.149000,lap,43,45,78.71,False,3.411999999999992,,,,,,,989,COL,Alpine,00A1E8,,,,,,,,1.044,22.5,43.2,55.0,1016.7,0,0.7,170,16.0,MEDIUM,0.0,yellow
2025-05-25 14:03:02.352000,lap,5,45,78.458,False,3.573999999999998,,,,,,,990,BOR,Kick Sauber,01C00E,,,,,,,,1.121,22.5,43.2,55.0,1016.7,0,0.7,170,17.0,MEDIUM,0.0,yellow
2025-05-25 14:03:07.000000,race_control,6.0,46,,,,WAVED BLUE FLAG FOR CAR 6 (HAD) TIMED AT 16:03:06,BLUE,Flag,Driver,,,991,,,,,,,,,,,,22.5,43.2,55.0,1016.7,0,0.7,170,,,,yellow
2025-05-25 14:03:08.953000,lap,4,47,74.357,False,1.1359999999999957,,,,,,,992,NOR,McLaren,F47600,,,,,,,0.0,0.0,22.5,43.2,55.0,1016.7,0,0.7,170,,HARD,0.0,yellow
2025-05-25 14:03:15.170000,lap,16,47,74.534,False,0.4789999999999992,,,,,,,993,LEC,Ferrari,ED1131,267.0,100.0,0.0,10733.0,7.0,0.0,6.196,6.196,22.5,43.2,55.0,1016.7,0,0.7,170,,HARD,0.0,yellow
2025-05-25 14:03:15.888000,lap,27,45,79.068,True,3.844999999999999,,,,,,,994,HUL,Kick Sauber,01C00E,,,,,,,+2 LAPS,15.744,22.5,43.2,55.0,1016.7,0,0.7,170,,SOFT,0.0,yellow
2025-05-25 14:03:16.358000,pit_in,27,44,,,,,,,,,24.3,995,HUL,Kick Sauber,01C00E,,,,,,,+2 LAPS,15.744,22.5,43.2,55.0,1016.7,0,0.7,170,,SOFT,0.0,yellow
2025-05-25 14:03:24.780000,lap,81,47,74.092,False,0.3469999999999942,,,,,,,996,PIA,McLaren,F47600,,,,,,,15.783,9.587,22.5,43.2,55.0,1016.7,0,0.7,170,,HARD,0.0,yellow
2025-05-25 14:03:24.889000,lap,6,46,79.607,False,3.6260000000000048,,,,,,,997,HAD,Racing Bulls,6C98FF,,,,,,,,55.295,22.5,43.2,55.0,1016.7,0,0.7,170,,HARD,1.0,yellow
2025-05-25 14:03:25.874000,lap,1,47,74.859,False,0.6289999999999907,,,,,,,998,VER,Red Bull Racing,4781D7,,,,,,,16.939,1.156,22.5,43.2,55.0,1016.7,0,0.7,170,,MEDIUM,0.0,yellow
2025-05-25 14:03:27.967000,lap,31,46,77.007,False,1.8500000000000085,,,,,,,999,OCO,Haas F1 Team,9C9FA2,,,,,,,,3.27,22.5,43.2,55.0,1016.7,0,0.7,170,,HARD,0.0,yellow
2025-05-25 14:03:40.658000,pit_out,27,44,,,,,,,,,24.3,1000,HUL,Kick Sauber,01C00E,,,,,,,,16.165,22.5,43.2,55.0,1016.7,0,0.7,170,,SOFT,0.0,yellow
2025-05-25 14:03:44.769000,lap,44,47,75.703,False,1.6129999999999995,,,,,,,1001,HAM,Ferrari,ED1131,267.0,100.0,0.0,10796.0,7.0,0.0,35.831,18.892,22.5,43.2,55.0,1016.7,0,0.7,170,,HARD,1.0,yellow
2025-05-25 14:04:01.834000,lap,30,46,75.476,False,0.15500000000000114,,,,,,,1002,LAW,Racing Bulls,6C98FF,,,,,,,,33.885,22.5,43.2,53.0,1016.5,0,0.5,34,,HARD,1.0,yellow
2025-05-25 14:04:05.834000,lap,55,46,76.081,False,2.0930000000000035,,,,,,,1003,SAI,Williams,1868DB,,,,,,,,3.998,22.5,43.2,53.0,1016.5,0,0.5,34,,HARD,0.0,yellow
2025-05-25 14:04:16.025000,lap,23,46,79.332,False,4.734999999999999,,,,,,,1004,ALB,Williams,1868DB,,,,,,,,10.132,22.5,43.2,53.0,1016.5,0,0.5,34,,HARD,0.0,yellow
2025-05-25 14:04:16.447000,lap,63,46,79.289,False,5.884,,,,,,,1005,RUS,Mercedes,00D7B6,,,,,,,,0.402,22.5,43.2,53.0,1016.5,0,0.5,34,,HARD,0.0,yellow
2025-05-25 14:04:16.978000,lap,12,46,79.265,False,5.747,,,,,,,1006,ANT,Mercedes,00D7B6,,,,,,,,0.566,22.5,43.2,53.0,1016.5,0,0.5,34,,HARD,0.0,yellow
2025-05-25 14:04:17.650000,lap,22,46,79.246,False,4.332999999999998,,,,,,,1007,TSU,Red Bull Racing,4781D7,,,,,,,,0.758,22.5,43.2,53.0,1016.5,0,0.5,34,,HARD,0.0,yellow
2025-05-25 14:04:18.493000,lap,18,46,79.02,False,4.143000000000001,,,,,,,1008,STR,Aston Martin,229971,,,,,,,,0.734,22.5,43.2,53.0,1016.5,0,0.5,34,,HARD,1.0,yellow
2025-05-25 14:04:19.009000,lap,87,46,79.294,False,4.438999999999993,,,,,,,1009,BEA,Haas F1 Team,9C9FA2,,,,,,,,0.587,22.5,43.2,53.0,1016.5,0,0.5,34,,MEDIUM,0.0,yellow
2025-05-25 14:04:19.697000,lap,43,46,80.19,False,4.891999999999996,,,,,,,1010,COL,Alpine,00A1E8,,,,,,,,0.697,22.5,43.2,53.0,1016.5,0,0.5,34,,MEDIUM,0.0,yellow
2025-05-25 14:04:20.634000,lap,5,46,79.853,False,4.968999999999994,,,,,,,1011,BOR,Kick Sauber,01C00E,,,,,,,,0.869,22.5,43.2,53.0,1016.5,0,0.5,34,,MEDIUM,0.0,yellow
2025-05-25 14:04:23.275000,lap,4,48,75.701,False,2.4799999999999898,,,,,,,1012,NOR,McLaren,F47600,,,,,,,0.0,0.0,22.5,43.2,53.0,1016.5,0,0.5,34,,HARD,0.0,yellow
2025-05-25 14:04:29.612000,lap,16,48,74.731,False,0.6759999999999877,,,,,,,1013,LEC,Ferrari,ED1131,265.0,100.0,0.0,10722.0,7.0,0.0,6.373,6.373,22.5,43.2,53.0,1016.5,0,0.5,34,,HARD,0.0,yellow
2025-05-25 14:04:34.833000,lap,27,46,75.909,False,0.686000000000007,,,,,,,1014,HUL,Kick Sauber,01C00E,,,,,,,,14.189,22.5,43.2,53.0,1016.5,0,0.5,34,,SOFT,0.0,yellow
2025-05-25 14:04:38.795000,lap,81,48,91.028,False,17.283,,,,,,,1015,PIA,McLaren,F47600,,,,,,,15.518,9.145,22.5,43.2,53.0,1016.5,0,0.5,34,,HARD,0.0,yellow
2025-05-25 14:04:40.750000,lap,1,48,74.538,False,0.3079999999999927,,,,,,,1016,VER,Red Bull Racing,4781D7,,,,,,,17.441,1.923,22.5,43.2,53.0,1016.5,0,0.5,34,,MEDIUM,0.0,yellow
2025-05-25 14:04:44.422000,lap,6,47,77.129,False,1.1480000000000103,,,,,,,1017,HAD,Racing Bulls,6C98FF,,,,,,,,59.579,22.5,43.2,53.0,1016.5,0,0.5,34,,HARD,1.0,yellow
2025-05-25 14:04:45.015000,lap,31,47,77.341,False,2.1839999999999975,,,,,,,1018,OCO,Haas F1 Team,9C9FA2,,,,,,,,0.67,22.5,43.2,53.0,1016.5,0,0.5,34,,HARD,0.0,yellow
2025-05-25 14:04:52.000000,race_control,5.0,48,,,,WAVED BLUE FLAG FOR CAR 5 (BOR) TIMED AT 16:04:52,BLUE,Flag,Driver,,,1019,,,,,,,,,,,,22.5,42.4,55.0,1016.7,0,0.9,181,,,,yellow
2025-05-25 14:05:00.483000,lap,44,48,75.113,False,1.0229999999999961,,,,,,,1020,HAM,Ferrari,ED1131,265.0,100.0,0.0,10657.0,7.0,0.0,37.177,19.736,22.5,42.4,55.0,1016.7,0,0.9,181,,HARD,1.0,yellow
2025-05-25 14:05:13.000000,race_control,43.0,48,,,,WAVED BLUE FLAG FOR CAR 43 (COL) TIMED AT 16:05:12,BLUE,Flag,Driver,,,1021,,,,,,,,,,,,22.5,42.4,55.0,1016.7,0,0.9,181,,,,yellow
2025-05-25 14:05:17.408000,lap,30,47,75.461,False,0.14000000000000057,,,,,,,1022,LAW,Racing Bulls,6C98FF,,,,,,,,32.354,22.5,42.4,55.0,1016.7,0,0.9,181,,HARD,1.0,yellow
2025-05-25 14:05:21.924000,lap,55,47,75.516,False,1.5280000000000058,,,,,,,1023,SAI,Williams,1868DB,,,,,,,,4.603,22.5,42.4,55.0,1016.7,0,0.9,181,,HARD,0.0,yellow
2025-05-25 14:05:31.000000,race_control,87.0,48,,,,WAVED BLUE FLAG FOR CAR 87 (BEA) TIMED AT 16:05:30,BLUE,Flag,Driver,,,1024,,,,,,,,,,,,22.5,42.4,55.0,1016.7,0,0.9,181,,,,yellow
2025-05-25 14:05:35.340000,lap,23,47,79.173,False,4.576000000000008,,,,,,,1025,ALB,Williams,1868DB,,,,,,,,13.383,22.5,42.4,55.0,1016.7,0,0.9,181,,HARD,0.0,yellow
2025-05-25 14:05:35.604000,lap,63,47,79.959,False,6.554000000000002,,,,,,,1026,RUS,Mercedes,00D7B6,,,,,,,,0.359,22.5,42.4,55.0,1016.7,0,0.9,181,,HARD,0.0,yellow
2025-05-25 14:05:36.212000,lap,12,47,80.131,False,6.6129999999999995,,,,,,,1027,ANT,Mercedes,00D7B6,,,,,,,,0.542,22.5,42.4,55.0,1016.7,0,0.9,181,,HARD,0.0,yellow
2025-05-25 14:05:37.014000,lap,22,47,80.203,False,5.290000000000006,,,,,,,1028,TSU,Red Bull Racing,4781D7,,,,,,,,0.739,22.5,42.4,55.0,1016.7,0,0.9,181,,HARD,0.0,yellow
2025-05-25 14:05:37.431000,lap,18,47,80.384,False,5.507000000000005,,,,,,,1029,STR,Aston Martin,229971,,,,,,,,0.508,22.5,42.4,55.0,1016.7,0,0.9,181,,HARD,1.0,yellow
2025-05-25 14:05:38.310000,lap,87,47,80.078,False,5.222999999999999,,,,,,,1030,BEA,Haas F1 Team,9C9FA2,,,,,,,,0.861,22.5,42.4,55.0,1016.7,0,0.9,181,,MEDIUM,0.0,yellow
2025-05-25 14:05:39.017000,lap,4,49,76.684,False,3.462999999999994,,,,,,,1031,NOR,McLaren,F47600,,,,,,,0.0,0.0,22.5,42.4,55.0,1016.7,0,0.9,181,,HARD,0.0,yellow
2025-05-25 14:05:40.032000,lap,43,47,79.889,False,4.590999999999994,,,,,,,1032,COL,Alpine,00A1E8,,,,,,,,1.593,22.5,42.4,55.0,1016.7,0,0.9,181,,MEDIUM,0.0,yellow
2025-05-25 14:05:40.506000,lap,5,47,80.127,False,5.242999999999995,,,,,,,1033,BOR,Kick Sauber,01C00E,,,,,,,,0.532,22.5,42.4,55.0,1016.7,0,0.9,181,,MEDIUM,0.0,yellow
2025-05-25 14:05:44.415000,lap,16,49,91.977,False,17.921999999999997,,,,,,,1034,LEC,Ferrari,ED1131,270.0,100.0,0.0,10860.0,7.0,0.0,5.403,5.403,22.5,42.4,55.0,1016.7,0,0.9,181,,MEDIUM,0.0,yellow
2025-05-25 14:05:50.674000,lap,27,47,75.223,False,0.0,,,,,,,1035,HUL,Kick Sauber,01C00E,,,,,,,,10.245,22.5,42.4,56.0,1016.7,0,0.9,178,,SOFT,0.0,yellow
2025-05-25 14:05:52.000000,race_control,18.0,49,,,,WAVED BLUE FLAG FOR CAR 18 (STR) TIMED AT 16:05:52,BLUE,Flag,Driver,,,1036,,,,,,,,,,,,22.5,42.4,56.0,1016.7,0,0.9,178,,,,yellow
2025-05-25 14:05:55.298000,lap,1,49,74.261,False,0.0309999999999917,,,,,,,1037,VER,Red Bull Racing,4781D7,,,,,,,16.278,10.875,22.5,42.4,56.0,1016.7,0,0.9,178,3.0,MEDIUM,0.0,yellow
2025-05-25 14:06:01.454000,lap,6,48,77.451,False,1.4699999999999989,,,,,,,1038,HAD,Racing Bulls,6C98FF,,,,,,,,61.005,22.5,42.4,56.0,1016.7,0,0.9,178,,HARD,1.0,yellow
2025-05-25 14:06:02.450000,lap,31,48,78.068,False,2.9110000000000014,,,,,,,1039,OCO,Haas F1 Team,9C9FA2,,,,,,,,0.882,22.5,42.4,56.0,1016.7,0,0.9,178,,HARD,0.0,yellow
2025-05-25 14:06:04.000000,race_control,22.0,49,,,,WAVED BLUE FLAG FOR CAR 22 (TSU) TIMED AT 16:06:03,BLUE,Flag,Driver,,,1040,,,,,,,,,,,,22.5,42.4,56.0,1016.7,0,0.9,178,,,,yellow
2025-05-25 14:06:09.857000,lap,81,49,78.461,True,4.715999999999994,,,,,,,1041,PIA,McLaren,F47600,,,,,,,33.238,17.079,22.5,42.4,56.0,1016.7,0,0.9,178,,HARD,0.0,yellow
2025-05-25 14:06:10.450000,pit_in,81,48,,,,,,,,,23.9,1042,PIA,McLaren,F47600,,,,,,,33.238,17.079,22.5,42.4,56.0,1016.7,0,0.9,178,,HARD,0.0,yellow
2025-05-25 14:06:15.482000,lap,44,49,75.569,False,1.4789999999999992,,,,,,,1043,HAM,Ferrari,ED1131,265.0,100.0,0.0,10630.0,6.0,0.0,36.589,5.744,22.5,42.4,56.0,1016.7,0,0.9,178,,HARD,1.0,yellow
2025-05-25 14:06:26.000000,race_control,12.0,49,,,,WAVED BLUE FLAG FOR CAR 12 (ANT) TIMED AT 16:06:25,BLUE,Flag,Driver,,,1044,,,,,,,,,,,,22.5,42.4,56.0,1016.7,0,0.9,178,,,,yellow
2025-05-25 14:06:32.872000,lap,30,48,75.418,False,0.09700000000000841,,,,,,,1045,LAW,Racing Bulls,6C98FF,,,,,,,,30.474,22.5,42.4,56.0,1016.7,0,0.9,178,,HARD,1.0,yellow
2025-05-25 14:06:34.350000,pit_out,81,48,,,,,,,,,23.9,1046,PIA,McLaren,F47600,,,,,,,33.838,18.066,22.5,42.4,56.0,1016.7,0,0.9,178,,HARD,0.0,yellow
2025-05-25 14:06:37.419000,lap,55,48,92.875,False,18.887,,,,,,,1047,SAI,Williams,1868DB,,,,,,,,4.658,22.5,42.4,56.0,1016.7,0,0.9,178,,MEDIUM,0.0,yellow
2025-05-25 14:06:39.000000,race_control,5.0,49,,,,WAVED BLUE FLAG FOR CAR 5 (BOR) TIMED AT 16:06:38,BLUE,Flag,Driver,,,1048,,,,,,,,,,,,22.5,42.4,56.0,1016.7,0,0.9,178,,,,yellow
2025-05-25 14:06:47.000000,race_control,63.0,49,,,,WAVED BLUE FLAG FOR CAR 63 (RUS) TIMED AT 16:06:47,BLUE,Flag,Driver,,,1049,,,,,,,,,,,,22.5,42.4,56.0,1016.7,0,0.9,178,,,,yellow
2025-05-25 14:06:52.000000,race_control,43.0,49,,,,WAVED BLUE FLAG FOR CAR 43 (COL) TIMED AT 16:06:51,BLUE,Flag,Driver,,,1050,,,,,,,,,,,,22.5,42.3,56.0,1016.7,0,1.1,146,,,,yellow
2025-05-25 14:06:54.482000,lap,23,48,80.193,False,5.596000000000004,,,,,,,1051,ALB,Williams,1868DB,,,,,,,,17.04,22.5,42.3,56.0,1016.7,0,1.1,146,,HARD,0.0,yellow
2025-05-25 14:06:55.576000,lap,63,48,77.477,False,4.072000000000003,,,,,,,1052,RUS,Mercedes,00D7B6,,,,,,,,1.145,22.5,42.3,56.0,1016.7,0,1.1,146,,HARD,0.0,yellow
2025-05-25 14:06:55.810000,lap,4,50,90.893,False,17.671999999999997,,,,,,,1053,NOR,McLaren,F47600,,,,,,,0.0,0.0,22.5,42.3,56.0,1016.7,0,1.1,146,,HARD,0.0,yellow
2025-05-25 14:06:56.326000,lap,12,48,78.844,False,5.325999999999993,,,,,,,1054,ANT,Mercedes,00D7B6,,,,,,,,0.714,22.5,42.3,56.0,1016.7,0,1.1,146,,HARD,0.0,yellow
2025-05-25 14:06:57.216000,lap,22,48,78.979,False,4.0660000000000025,,,,,,,1055,TSU,Red Bull Racing,4781D7,,,,,,,,0.811,22.5,42.3,56.0,1016.7,0,1.1,146,,HARD,0.0,yellow
2025-05-25 14:06:57.904000,lap,18,48,78.618,False,3.7409999999999997,,,,,,,1056,STR,Aston Martin,229971,,,,,,,,0.689,22.5,42.3,56.0,1016.7,0,1.1,146,,HARD,1.0,yellow
2025-05-25 14:06:58.513000,lap,87,48,78.965,False,4.109999999999999,,,,,,,1057,BEA,Haas F1 Team,9C9FA2,,,,,,,,0.555,22.5,42.3,56.0,1016.7,0,1.1,146,,MEDIUM,0.0,yellow
2025-05-25 14:06:59.919000,lap,43,48,78.24,False,2.941999999999993,,,,,,,1058,COL,Alpine,00A1E8,,,,,,,,1.404,22.5,42.3,56.0,1016.7,0,1.1,146,,MEDIUM,0.0,yellow
2025-05-25 14:07:00.544000,lap,5,48,78.016,False,3.132000000000005,,,,,,,1059,BOR,Kick Sauber,01C00E,,,,,,,,0.77,22.5,42.3,56.0,1016.7,0,1.1,146,,MEDIUM,0.0,yellow
2025-05-25 14:07:01.000000,race_control,23.0,50,,,,WAVED BLUE FLAG FOR CAR 23 (ALB) TIMED AT 16:07:00,BLUE,Flag,Driver,,,1060,,,,,,,,,,,,22.5,42.3,56.0,1016.7,0,1.1,146,,,,yellow
2025-05-25 14:07:05.888000,lap,27,48,76.246,False,1.0229999999999961,,,,,,,1061,HUL,Kick Sauber,01C00E,,,,,,,,5.341,22.5,42.3,56.0,1016.7,0,1.1,146,,SOFT,0.0,yellow
2025-05-25 14:07:09.000000,race_control,nan,50,,,,CAR 63 (RUS) TIME 1:19.959 DELETED - TRACK LIMITS AT TURN 10 LAP 47 16:06:25,,Other,,,,1062,,,,,,,,,,,,22.5,42.3,56.0,1016.7,0,1.1,146,,,,yellow
2025-05-25 14:07:09.560000,lap,1,50,74.426,False,0.19599999999999795,,,,,,,1063,VER,Red Bull Racing,4781D7,,,,,,,13.855,13.855,22.5,42.3,56.0,1016.7,0,1.1,146,2.0,MEDIUM,0.0,yellow
2025-05-25 14:07:16.451000,lap,16,50,77.1,True,3.0449999999999875,,,,,,,1064,LEC,Ferrari,ED1131,60.0,46.0,0.0,6901.0,1.0,0.0,22.918,9.168,22.5,42.3,56.0,1016.7,0,1.1,146,,MEDIUM,0.0,yellow
2025-05-25 14:07:17.044000,pit_in,16,49,,,,,,,,,23.6,1065,LEC,Ferrari,ED1131,63.0,41.0,0.0,7612.0,1.0,0.0,22.918,9.168,22.5,42.3,56.0,1016.7,0,1.1,146,,MEDIUM,0.0,yellow
2025-05-25 14:07:18.951000,lap,6,49,78.076,False,2.094999999999999,,,,,,,1066,HAD,Racing Bulls,6C98FF,,,,,,,,63.343,22.5,42.3,56.0,1016.7,0,1.1,146,,HARD,1.0,yellow
2025-05-25 14:07:20.404000,lap,31,49,78.235,False,3.078000000000003,,,,,,,1067,OCO,Haas F1 Team,9C9FA2,,,,,,,,1.499,22.5,42.3,56.0,1016.7,0,1.1,146,,HARD,0.0,yellow
2025-05-25 14:07:28.279000,lap,81,50,74.121,False,0.37599999999999056,,,,,,,1068,PIA,McLaren,F47600,,,,,,,32.622,11.926,22.5,42.3,56.0,1016.7,0,1.1,146,,HARD,0.0,yellow
2025-05-25 14:07:31.216000,lap,44,50,75.694,False,1.6039999999999992,,,,,,,1069,HAM,Ferrari,ED1131,266.0,100.0,0.0,10685.0,7.0,0.0,35.474,2.852,22.5,42.3,56.0,1016.7,0,1.1,146,,HARD,1.0,yellow
2025-05-25 14:07:40.644000,pit_out,16,49,,,,,,,,,23.6,1070,LEC,Ferrari,ED1131,77.0,0.0,0.0,6086.0,2.0,0.0,23.259,9.666,22.5,42.3,56.0,1016.7,0,1.1,146,,MEDIUM,0.0,yellow
2025-05-25 14:07:48.201000,lap,30,49,75.567,False,0.2459999999999951,,,,,,,1071,LAW,Racing Bulls,6C98FF,,,,,,,,27.824,22.5,42.3,56.0,1016.7,0,1.1,146,,HARD,1.0,yellow
2025-05-25 14:08:10.373000,lap,55,49,78.962,True,4.974000000000004,,,,,,,1072,SAI,Williams,1868DB,,,,,,,,24.262,22.5,42.2,56.0,1016.6,0,1.7,151,,MEDIUM,0.0,yellow
2025-05-25 14:08:10.967000,pit_in,55,48,,,,,,,,,24.4,1073,SAI,Williams,1868DB,,,,,,,,24.262,22.5,42.2,56.0,1016.6,0,1.7,151,,MEDIUM,0.0,yellow
2025-05-25 14:08:13.123000,lap,63,49,77.379,False,3.9740000000000038,,,,,,,1074,RUS,Mercedes,00D7B6,,,,,,,,2.787,22.5,42.2,56.0,1016.6,0,1.7,151,,HARD,0.0,yellow
2025-05-25 14:08:14.670000,lap,23,49,78.234,False,3.6370000000000005,,,,,,,1075,ALB,Williams,1868DB,,,,,,,,1.571,22.5,42.2,56.0,1016.6,0,1.7,151,,HARD,0.0,yellow
2025-05-25 14:08:15.232000,lap,12,49,78.328,False,4.810000000000002,,,,,,,1076,ANT,Mercedes,00D7B6,,,,,,,,0.51,22.5,42.2,56.0,1016.6,0,1.7,151,,HARD,0.0,yellow
2025-05-25 14:08:16.185000,lap,22,49,77.998,False,3.085000000000008,,,,,,,1077,TSU,Red Bull Racing,4781D7,,,,,,,,0.946,22.5,42.2,56.0,1016.6,0,1.7,151,,HARD,0.0,yellow
2025-05-25 14:08:16.498000,lap,18,49,78.251,False,3.3740000000000094,,,,,,,1078,STR,Aston Martin,229971,,,,,,,,0.328,22.5,42.2,56.0,1016.6,0,1.7,151,,HARD,1.0,yellow
2025-05-25 14:08:17.420000,lap,87,49,77.921,False,3.0660000000000025,,,,,,,1079,BEA,Haas F1 Team,9C9FA2,,,,,,,,0.902,22.5,42.2,56.0,1016.6,0,1.7,151,,MEDIUM,0.0,yellow
2025-05-25 14:08:18.029000,lap,43,49,78.159,False,2.861000000000004,,,,,,,1080,COL,Alpine,00A1E8,,,,,,,,0.679,22.5,42.2,56.0,1016.6,0,1.7,151,,MEDIUM,0.0,yellow
2025-05-25 14:08:18.592000,lap,5,49,78.411,False,3.527000000000001,,,,,,,1081,BOR,Kick Sauber,01C00E,,,,,,,,0.546,22.5,42.2,56.0,1016.6,0,1.7,151,,MEDIUM,0.0,yellow
2025-05-25 14:08:22.264000,lap,27,49,78.676,False,3.453000000000003,,,,,,,1082,HUL,Kick Sauber,01C00E,,,,,,,,3.571,22.5,42.2,56.0,1016.6,0,1.7,151,,SOFT,0.0,yellow
2025-05-25 14:08:23.000000,race_control,nan,50,,,,TURN 10 INCIDENT INVOLVING CAR 63 (RUS) NOTED - LEAVING THE TRACK AND GAINING AN ADVANTAGE,,Other,,,,1083,,,,,,,,,,,,22.5,42.2,56.0,1016.6,0,1.7,151,,,,yellow
2025-05-25 14:08:23.889000,lap,1,51,75.165,False,0.9350000000000023,,,,,,,1084,VER,Red Bull Racing,4781D7,,,,,,,0.0,0.0,22.5,42.2,56.0,1016.6,0,1.7,151,1.0,MEDIUM,0.0,yellow
2025-05-25 14:08:26.623000,lap,4,51,78.237,True,5.015999999999991,,,,,,,1085,NOR,McLaren,F47600,,,,,,,4.912,4.912,22.5,42.2,56.0,1016.6,0,1.7,151,2.0,HARD,0.0,yellow
2025-05-25 14:08:27.154000,pit_in,4,50,,,,,,,,,23.7,1086,NOR,McLaren,F47600,,,,,,,4.912,4.912,22.5,42.2,56.0,1016.6,0,1.7,151,2.0,HARD,0.0,yellow
2025-05-25 14:08:28.000000,race_control,nan,51,,,,CAR 63 (RUS) TIME 1:17.477 DELETED - TRACK LIMITS AT TURN 10 LAP 48 16:07:44,,Other,,,,1087,,,,,,,,,,,,22.5,42.2,56.0,1016.6,0,1.7,151,,,,yellow
2025-05-25 14:08:33.498000,lap,16,51,74.368,False,0.3129999999999882,,,,,,,1088,LEC,Ferrari,ED1131,266.0,100.0,0.0,10600.0,7.0,0.0,9.515,6.903,22.5,42.2,56.0,1016.6,0,1.7,151,,MEDIUM,0.0,yellow
2025-05-25 14:08:35.367000,pit_out,55,48,,,,,,,,,24.4,1089,SAI,Williams,1868DB,,,,,,,,24.82,22.5,42.2,56.0,1016.6,0,1.7,151,,MEDIUM,0.0,yellow
2025-05-25 14:08:37.000000,race_control,27.0,51,,,,WAVED BLUE FLAG FOR CAR 27 (HUL) TIMED AT 16:08:36,BLUE,Flag,Driver,,,1090,,,,,,,,,,,,22.5,42.2,56.0,1016.6,0,1.7,151,,,,yellow
2025-05-25 14:08:37.155000,lap,6,50,77.235,False,1.2540000000000049,,,,,,,1091,HAD,Racing Bulls,6C98FF,,,,,,,,65.85,22.5,42.2,56.0,1016.6,0,1.7,151,,HARD,1.0,yellow
2025-05-25 14:08:38.684000,lap,31,50,77.902,False,2.7450000000000045,,,,,,,1092,OCO,Haas F1 Team,9C9FA2,,,,,,,,1.658,22.5,42.2,56.0,1016.6,0,1.7,151,,HARD,0.0,yellow
2025-05-25 14:08:42.480000,lap,81,51,74.713,False,0.9679999999999893,,,,,,,1093,PIA,McLaren,F47600,,,,,,,18.462,8.947,22.5,42.2,56.0,1016.6,0,1.7,151,,HARD,0.0,yellow
2025-05-25 14:08:46.867000,lap,44,51,75.559,False,1.468999999999994,,,,,,,1094,HAM,Ferrari,ED1131,266.0,100.0,0.0,10677.0,7.0,0.0,22.887,4.425,22.5,42.2,56.0,1016.6,0,1.7,151,,HARD,1.0,yellow
2025-05-25 14:08:50.854000,pit_out,4,50,,,,,,,,,23.7,1095,NOR,McLaren,F47600,,,,,,,5.536,5.536,22.6,42.2,55.0,1016.5,0,1.1,197,,HARD,0.0,yellow
2025-05-25 14:09:00.000000,race_control,nan,51,,,,FIA STEWARDS: TURN 10 INCIDENT INVOLVING CAR 63 (RUS) UNDER INVESTIGATION - LEAVING THE TRACK AND GAINING AN ADVANTAGE,,Other,,,,1096,,,,,,,,,,,,22.6,42.2,55.0,1016.5,0,1.1,197,,,,yellow
2025-05-25 14:09:03.757000,lap,30,50,75.479,False,0.15800000000000125,,,,,,,1097,LAW,Racing Bulls,6C98FF,,,,,,,,25.156,22.6,42.2,55.0,1016.5,0,1.1,197,,HARD,1.0,yellow
2025-05-25 14:09:29.283000,lap,55,50,75.287,False,1.2990000000000066,,,,,,,1098,SAI,Williams,1868DB,,,,,,,,25.51,22.6,42.2,55.0,1016.5,0,1.1,197,,MEDIUM,0.0,yellow
2025-05-25 14:09:30.424000,lap,63,50,75.966,False,2.560999999999993,,,,,,,1099,RUS,Mercedes,00D7B6,,,,,,,,1.204,22.6,42.2,55.0,1016.5,0,1.1,197,,HARD,0.0,yellow
2025-05-25 14:09:32.955000,lap,23,50,79.166,False,4.569000000000003,,,,,,,1100,ALB,Williams,1868DB,,,,,,,,2.426,22.6,42.2,55.0,1016.5,0,1.1,197,,HARD,0.0,yellow
2025-05-25 14:09:33.612000,lap,12,50,79.093,False,5.575000000000003,,,,,,,1101,ANT,Mercedes,00D7B6,,,,,,,,0.604,22.6,42.2,55.0,1016.5,0,1.1,197,,HARD,0.0,yellow
2025-05-25 14:09:34.096000,lap,22,50,79.205,False,4.292000000000002,,,,,,,1102,TSU,Red Bull Racing,4781D7,,,,,,,,0.616,22.6,42.2,55.0,1016.5,0,1.1,197,,HARD,0.0,yellow
2025-05-25 14:09:34.674000,lap,18,50,79.001,False,4.124000000000009,,,,,,,1103,STR,Aston Martin,229971,,,,,,,,0.581,22.6,42.2,55.0,1016.5,0,1.1,197,,HARD,1.0,yellow
2025-05-25 14:09:35.315000,lap,87,50,79.103,False,4.2479999999999905,,,,,,,1104,BEA,Haas F1 Team,9C9FA2,,,,,,,,0.572,22.6,42.2,55.0,1016.5,0,1.1,197,,MEDIUM,0.0,yellow
2025-05-25 14:09:36.221000,lap,43,50,79.965,False,4.667000000000002,,,,,,,1105,COL,Alpine,00A1E8,,,,,,,,0.917,22.6,42.2,55.0,1016.5,0,1.1,197,,MEDIUM,0.0,yellow
2025-05-25 14:09:37.127000,lap,5,50,79.679,False,4.795000000000002,,,,,,,1106,BOR,Kick Sauber,01C00E,,,,,,,,0.798,22.6,42.2,55.0,1016.5,0,1.1,197,,MEDIUM,0.0,yellow
2025-05-25 14:09:39.143000,lap,1,52,76.328,False,2.097999999999999,,,,,,,1107,VER,Red Bull Racing,4781D7,,,,,,,0.0,0.0,22.6,42.2,55.0,1016.5,0,1.1,197,,MEDIUM,0.0,yellow
2025-05-25 14:09:40.862000,lap,27,50,76.425,False,1.2019999999999982,,,,,,,1108,HUL,Kick Sauber,01C00E,,,,,,,,3.836,22.6,42.2,55.0,1016.5,0,1.1,197,,SOFT,0.0,yellow
2025-05-25 14:09:44.755000,lap,4,52,75.039,False,1.8179999999999978,,,,,,,1109,NOR,McLaren,F47600,,,,,,,5.684,5.684,22.6,42.2,55.0,1016.5,0,1.1,197,,HARD,0.0,yellow
2025-05-25 14:09:47.798000,lap,16,52,74.421,False,0.36599999999999966,,,,,,,1110,LEC,Ferrari,ED1131,267.0,100.0,0.0,10730.0,7.0,0.0,8.718,,22.6,42.2,55.0,1016.5,0,1.1,197,,MEDIUM,0.0,yellow
2025-05-25 14:09:49.000000,race_control,31.0,52,,,,WAVED BLUE FLAG FOR CAR 31 (OCO) TIMED AT 16:09:48,BLUE,Flag,Driver,,,1111,,,,,,,,,,,,22.6,42.2,55.0,1016.5,0,1.1,197,,,,yellow
2025-05-25 14:09:54.231000,lap,6,51,78.932,False,2.9510000000000076,,,,,,,1112,HAD,Racing Bulls,6C98FF,,,,,,,,67.391,22.5,42.2,55.0,1016.5,0,0.9,296,,HARD,1.0,yellow
2025-05-25 14:09:56.574000,lap,31,51,78.424,False,3.26700000000001,,,,,,,1113,OCO,Haas F1 Team,9C9FA2,,,,,,,,2.325,22.5,42.2,55.0,1016.5,0,0.9,296,,HARD,0.0,yellow
2025-05-25 14:09:57.097000,lap,81,52,74.087,False,0.34199999999999875,,,,,,,1114,PIA,McLaren,F47600,,,,,,,18.01,9.292,22.5,42.2,55.0,1016.5,0,0.9,296,,HARD,0.0,yellow
2025-05-25 14:10:02.372000,lap,44,52,75.494,False,1.4039999999999964,,,,,,,1115,HAM,Ferrari,ED1131,267.0,100.0,0.0,10728.0,7.0,0.0,23.281,5.271,22.5,42.2,55.0,1016.5,0,0.9,296,,HARD,1.0,yellow
2025-05-25 14:10:09.000000,race_control,5.0,52,,,,WAVED BLUE FLAG FOR CAR 5 (BOR) TIMED AT 16:10:08,BLUE,Flag,Driver,,,1116,,,,,,,,,,,,22.5,42.2,55.0,1016.5,0,0.9,296,,,,yellow
2025-05-25 14:10:19.335000,lap,30,51,75.399,False,0.07800000000000296,,,,,,,1117,LAW,Racing Bulls,6C98FF,,,,,,,,22.733,22.5,42.2,55.0,1016.5,0,0.9,296,,HARD,1.0,yellow
2025-05-25 14:10:32.000000,race_control,43.0,52,,,,WAVED BLUE FLAG FOR CAR 43 (COL) TIMED AT 16:10:31,BLUE,Flag,Driver,,,1118,,,,,,,,,,,,22.5,42.2,55.0,1016.5,0,0.9,296,,,,yellow
2025-05-25 14:10:37.000000,race_control,6.0,52,,,,WAVED BLUE FLAG FOR CAR 6 (HAD) TIMED AT 16:10:36,BLUE,Flag,Driver,,,1119,,,,,,,,,,,,22.5,42.2,55.0,1016.5,0,0.9,296,,,,yellow
2025-05-25 14:10:44.617000,lap,55,51,74.496,False,0.5079999999999956,,,,,,,1120,SAI,Williams,1868DB,,,,,,,,25.318,22.5,42.2,55.0,1016.5,0,0.9,296,,MEDIUM,0.0,yellow
2025-05-25 14:10:46.460000,lap,63,51,76.095,False,2.6899999999999977,,,,,,,1121,RUS,Mercedes,00D7B6,,,,,,,,1.883,22.5,42.2,55.0,1016.5,0,0.9,296,,HARD,0.0,yellow
2025-05-25 14:10:47.000000,race_control,87.0,52,,,,WAVED BLUE FLAG FOR CAR 87 (BEA) TIMED AT 16:10:46,BLUE,Flag,Driver,,,1122,,,,,,,,,,,,22.5,42.2,55.0,1016.5,0,0.9,296,,,,yellow
2025-05-25 14:10:52.242000,lap,23,51,79.828,False,5.231000000000009,,,,,,,1123,ALB,Williams,1868DB,,,,,,,,5.626,22.4,42.1,55.0,1016.5,0,0.8,70,,HARD,0.0,yellow
2025-05-25 14:10:52.632000,lap,12,51,80.341,False,6.822999999999993,,,,,,,1124,ANT,Mercedes,00D7B6,,,,,,,,0.531,22.4,42.1,55.0,1016.5,0,0.8,70,,HARD,0.0,yellow
2025-05-25 14:10:53.289000,lap,22,51,80.267,False,5.353999999999999,,,,,,,1125,TSU,Red Bull Racing,4781D7,,,,,,,,0.728,22.4,42.1,55.0,1016.5,0,0.8,70,,HARD,0.0,yellow
2025-05-25 14:10:53.726000,lap,18,51,80.289,False,5.412000000000006,,,,,,,1126,STR,Aston Martin,229971,,,,,,,,0.377,22.4,42.1,55.0,1016.5,0,0.8,70,,HARD,1.0,yellow
2025-05-25 14:10:54.523000,lap,87,51,82.205,False,7.349999999999994,,,,,,,1127,BEA,Haas F1 Team,9C9FA2,,,,,,,,0.674,22.4,42.1,55.0,1016.5,0,0.8,70,,MEDIUM,0.0,yellow
2025-05-25 14:10:55.445000,lap,1,53,77.547,False,3.316999999999993,,,,,,,1128,VER,Red Bull Racing,4781D7,,,,,,,0.0,0.0,22.4,42.1,55.0,1016.5,0,0.8,70,,MEDIUM,0.0,yellow
2025-05-25 14:10:56.273000,lap,43,51,80.722,False,5.423999999999992,,,,,,,1129,COL,Alpine,00A1E8,,,,,,,,1.779,22.4,42.1,55.0,1016.5,0,0.8,70,,MEDIUM,0.0,yellow
2025-05-25 14:10:56.726000,lap,5,51,80.698,False,5.813999999999993,,,,,,,1130,BOR,Kick Sauber,01C00E,,,,,,,,0.512,22.4,42.1,55.0,1016.5,0,0.8,70,,MEDIUM,0.0,yellow
2025-05-25 14:10:57.335000,lap,27,51,81.177,False,5.954000000000008,,,,,,,1131,HUL,Kick Sauber,01C00E,,,,,,,,0.582,22.4,42.1,55.0,1016.5,0,0.8,70,,SOFT,0.0,yellow
2025-05-25 14:10:59.914000,lap,4,53,75.848,False,2.6269999999999953,,,,,,,1132,NOR,McLaren,F47600,,,,,,,4.395,4.395,22.4,42.1,55.0,1016.5,0,0.8,70,,HARD,0.0,yellow
2025-05-25 14:11:02.255000,lap,16,53,75.407,False,1.3519999999999897,,,,,,,1133,LEC,Ferrari,ED1131,267.0,100.0,0.0,10737.0,7.0,0.0,6.811,2.416,22.4,42.1,55.0,1016.5,0,0.8,70,,MEDIUM,0.0,yellow
2025-05-25 14:11:09.000000,race_control,18.0,53,,,,WAVED BLUE FLAG FOR CAR 18 (STR) TIMED AT 16:11:08,BLUE,Flag,Driver,,,1134,,,,,,,,,,,,22.4,42.1,55.0,1016.5,0,0.8,70,,,,yellow
2025-05-25 14:11:10.000000,race_control,nan,53,,,,FIA STEWARDS: DRIVE THROUGH PENALTY FOR CAR 63 (RUS) - LEAVING THE TRACK AND GAINING AN ADVANTAGE,,Other,,,,1135,,,,,,,,,,,,22.4,42.1,55.0,1016.5,0,0.8,70,,,,yellow
2025-05-25 14:11:11.221000,lap,81,53,74.004,False,0.25900000000000034,,,,,,,1136,PIA,McLaren,F47600,,,,,,,15.769,8.958,22.4,42.1,55.0,1016.5,0,0.8,70,,HARD,0.0,yellow
2025-05-25 14:11:13.205000,lap,6,52,77.718,False,1.737000000000009,,,,,,,1137,HAD,Racing Bulls,6C98FF,,,,,,,,70.764,22.4,42.1,55.0,1016.5,0,0.8,70,,HARD,1.0,yellow
2025-05-25 14:11:15.033000,lap,31,52,77.45,False,2.2930000000000064,,,,,,,1138,OCO,Haas F1 Team,9C9FA2,,,,,,,,1.817,22.4,42.1,55.0,1016.5,0,0.8,70,,HARD,0.0,yellow
2025-05-25 14:11:17.908000,lap,44,53,76.185,False,2.094999999999999,,,,,,,1139,HAM,Ferrari,ED1131,266.0,100.0,0.0,10702.0,7.0,0.0,22.447,6.678,22.4,42.1,55.0,1016.5,0,0.8,70,,HARD,1.0,yellow
2025-05-25 14:11:29.000000,race_control,27.0,53,,,,WAVED BLUE FLAG FOR CAR 27 (HUL) TIMED AT 16:11:28,BLUE,Flag,Driver,,,1140,,,,,,,,,,,,22.4,42.1,55.0,1016.5,0,0.8,70,,,,yellow
2025-05-25 14:11:34.631000,lap,30,52,75.377,False,0.055999999999997385,,,,,,,1141,LAW,Racing Bulls,6C98FF,,,,,,,,19.708,22.4,42.1,55.0,1016.5,0,0.8,70,,HARD,1.0,yellow
2025-05-25 14:11:42.000000,race_control,22.0,53,,,,WAVED BLUE FLAG FOR CAR 22 (TSU) TIMED AT 16:11:42,BLUE,Flag,Driver,,,1142,,,,,,,,,,,,22.4,42.1,55.0,1016.5,0,0.8,70,,,,yellow
2025-05-25 14:11:46.000000,race_control,5.0,53,,,,WAVED BLUE FLAG FOR CAR 5 (BOR) TIMED AT 16:11:45,BLUE,Flag,Driver,,,1143,,,,,,,,,,,,22.4,42.1,55.0,1016.5,0,0.8,70,,,,yellow
2025-05-25 14:11:51.000000,race_control,27.0,53,,,,WAVED BLUE FLAG FOR CAR 27 (HUL) TIMED AT 16:11:51,BLUE,Flag,Driver,,,1144,,,,,,,,,,,,22.5,42.2,55.0,1016.5,0,0.8,239,,,,yellow
2025-05-25 14:11:54.000000,race_control,43.0,53,,,,WAVED BLUE FLAG FOR CAR 43 (COL) TIMED AT 16:11:54,BLUE,Flag,Driver,,,1145,,,,,,,,,,,,22.5,42.2,55.0,1016.5,0,0.8,239,,,,yellow
2025-05-25 14:11:59.165000,lap,55,52,74.634,False,0.6460000000000008,,,,,,,1146,SAI,Williams,1868DB,,,,,,,,24.415,22.5,42.2,55.0,1016.5,0,0.8,239,,MEDIUM,0.0,yellow
2025-05-25 14:12:02.571000,lap,63,52,76.023,False,2.617999999999995,,,,,,,1147,RUS,Mercedes,00D7B6,,,,,,,,3.482,22.5,42.2,55.0,1016.5,0,0.8,239,,HARD,0.0,yellow
2025-05-25 14:12:04.000000,race_control,12.0,53,,,,WAVED BLUE FLAG FOR CAR 12 (ANT) TIMED AT 16:12:04,BLUE,Flag,Driver,,,1148,,,,,,,,,,,,22.5,42.2,55.0,1016.5,0,0.8,239,,,,yellow
2025-05-25 14:12:07.000000,race_control,87.0,53,,,,WAVED BLUE FLAG FOR CAR 87 (BEA) TIMED AT 16:12:07,BLUE,Flag,Driver,,,1149,,,,,,,,,,,,22.5,42.2,55.0,1016.5,0,0.8,239,,,,yellow
2025-05-25 14:12:09.000000,race_control,5.0,53,,,,WAVED BLUE FLAG FOR CAR 5 (BOR) TIMED AT 16:12:09,BLUE,Flag,Driver,,,1150,,,,,,,,,,,,22.5,42.2,55.0,1016.5,0,0.8,239,,,,yellow
2025-05-25 14:12:11.933000,lap,23,52,80.13,False,5.533000000000001,,,,,,,1151,ALB,Williams,1868DB,,,,,,,,9.359,22.5,42.2,55.0,1016.5,0,0.8,239,,HARD,0.0,yellow
2025-05-25 14:12:12.898000,lap,12,52,81.962,False,8.444000000000003,,,,,,,1152,ANT,Mercedes,00D7B6,,,,,,,,1.044,22.5,42.2,55.0,1016.5,0,0.8,239,,HARD,0.0,yellow
2025-05-25 14:12:13.098000,lap,1,54,75.872,False,1.641999999999996,,,,,,,1153,VER,Red Bull Racing,4781D7,,,,,,,0.0,0.0,22.5,42.2,55.0,1016.5,0,0.8,239,,MEDIUM,0.0,yellow
2025-05-25 14:12:13.690000,lap,22,52,81.891,False,6.978000000000009,,,,,,,1154,TSU,Red Bull Racing,4781D7,,,,,,,,0.654,22.5,42.2,55.0,1016.5,0,0.8,239,,HARD,0.0,yellow
2025-05-25 14:12:14.105000,lap,18,52,82.255,False,7.378,,,,,,,1155,STR,Aston Martin,229971,,,,,,,,0.399,22.5,42.2,55.0,1016.5,0,0.8,239,,HARD,1.0,yellow
2025-05-25 14:12:15.626000,lap,4,54,76.308,False,3.0870000000000033,,,,,,,1156,NOR,McLaren,F47600,,,,,,,2.696,2.696,22.5,42.2,55.0,1016.5,0,0.8,239,,HARD,0.0,yellow
2025-05-25 14:12:16.654000,lap,87,52,79.988,False,5.132999999999996,,,,,,,1157,BEA,Haas F1 Team,9C9FA2,,,,,,,,2.59,22.5,42.2,55.0,1016.5,0,0.8,239,,MEDIUM,0.0,yellow
2025-05-25 14:12:16.857000,lap,43,52,80.423,False,5.125,,,,,,,1158,COL,Alpine,00A1E8,,,,,,,,0.296,22.5,42.2,55.0,1016.5,0,0.8,239,,MEDIUM,0.0,yellow
2025-05-25 14:12:17.404000,lap,5,52,80.809,False,5.924999999999997,,,,,,,1159,BOR,Kick Sauber,01C00E,,,,,,,,0.488,22.5,42.2,55.0,1016.5,0,0.8,239,,MEDIUM,0.0,yellow
2025-05-25 14:12:17.670000,lap,16,54,77.108,False,3.0529999999999973,,,,,,,1160,LEC,Ferrari,ED1131,280.0,100.0,0.0,11235.0,7.0,12.0,4.671,1.975,22.5,42.2,55.0,1016.5,0,0.8,239,,MEDIUM,0.0,yellow
2025-05-25 14:12:18.000000,race_control,nan,54,,,,CAR 12 (ANT) TIME 1:20.341 DELETED - TRACK LIMITS AT TURN 10 LAP 51 16:11:41,,Other,,,,1161,,,,,,,,,,,,22.5,42.2,55.0,1016.5,0,0.8,239,,,,yellow
2025-05-25 14:12:18.000000,race_control,23.0,54,,,,WAVED BLUE FLAG FOR CAR 23 (ALB) TIMED AT 16:12:17,BLUE,Flag,Driver,,,1162,,,,,,,,,,,,22.5,42.2,55.0,1016.5,0,0.8,239,,,,yellow
2025-05-25 14:12:18.513000,lap,27,52,80.376,False,5.153000000000006,,,,,,,1163,HUL,Kick Sauber,01C00E,,,,,,,,1.061,22.5,42.2,55.0,1016.5,0,0.8,239,,SOFT,0.0,yellow
2025-05-25 14:12:22.000000,race_control,43.0,54,,,,WAVED BLUE FLAG FOR CAR 43 (COL) TIMED AT 16:12:22,BLUE,Flag,Driver,,,1164,,,,,,,,,,,,22.5,42.2,55.0,1016.5,0,0.8,239,,,,yellow
2025-05-25 14:12:23.000000,race_control,18.0,54,,,,WAVED BLUE FLAG FOR CAR 18 (STR) TIMED AT 16:12:23,BLUE,Flag,Driver,,,1165,,,,,,,,,,,,22.5,42.2,55.0,1016.5,0,0.8,239,,,,yellow
2025-05-25 14:12:25.170000,lap,81,54,74.703,False,0.9579999999999984,,,,,,,1166,PIA,McLaren,F47600,,,,,,,12.226,7.555,22.5,42.2,55.0,1016.5,0,0.8,239,,HARD,0.0,yellow
2025-05-25 14:12:28.000000,race_control,87.0,54,,,,WAVED BLUE FLAG FOR CAR 87 (BEA) TIMED AT 16:12:28,BLUE,Flag,Driver,,,1167,,,,,,,,,,,,22.5,42.2,55.0,1016.5,0,0.8,239,,,,yellow
2025-05-25 14:12:30.935000,lap,6,53,77.42,False,1.4390000000000072,,,,,,,1168,HAD,Racing Bulls,6C98FF,,,,,,,,72.988,22.5,42.2,55.0,1016.5,0,0.8,239,,HARD,1.0,yellow
2025-05-25 14:12:32.482000,lap,31,53,79.133,False,3.975999999999999,,,,,,,1169,OCO,Haas F1 Team,9C9FA2,,,,,,,,1.549,22.5,42.2,55.0,1016.5,0,0.8,239,,HARD,0.0,yellow
2025-05-25 14:12:34.060000,lap,44,54,76.217,False,2.1269999999999953,,,,,,,1170,HAM,Ferrari,ED1131,268.0,100.0,0.0,10791.0,7.0,0.0,21.085,8.859,22.5,42.2,55.0,1016.5,0,0.8,239,,HARD,1.0,yellow
2025-05-25 14:12:41.000000,race_control,22.0,54,,,,WAVED BLUE FLAG FOR CAR 22 (TSU) TIMED AT 16:12:40,BLUE,Flag,Driver,,,1171,,,,,,,,,,,,22.5,42.2,55.0,1016.5,0,0.8,239,,,,yellow
2025-05-25 14:12:42.000000,race_control,18.0,54,,,,WAVED BLUE FLAG FOR CAR 18 (STR) TIMED AT 16:12:42,BLUE,Flag,Driver,,,1172,,,,,,,,,,,,22.5,42.2,55.0,1016.5,0,0.8,239,,,,yellow
2025-05-25 14:12:50.098000,lap,30,53,75.356,False,0.03499999999999659,,,,,,,1173,LAW,Racing Bulls,6C98FF,,,,,,,,17.635,22.4,42.2,54.0,1016.6,0,1.0,331,,HARD,1.0,yellow
2025-05-25 14:12:52.000000,race_control,12.0,54,,,,WAVED BLUE FLAG FOR CAR 12 (ANT) TIMED AT 16:12:51,BLUE,Flag,Driver,,,1174,,,,,,,,,,,,22.4,42.2,54.0,1016.6,0,1.0,331,,,,yellow
2025-05-25 14:12:53.000000,race_control,31.0,54,,,,WAVED BLUE FLAG FOR CAR 31 (OCO) TIMED AT 16:12:52,BLUE,Flag,Driver,,,1175,,,,,,,,,,,,22.4,42.2,54.0,1016.6,0,1.0,331,,,,yellow
2025-05-25 14:13:04.000000,race_control,31.0,54,,,,WAVED BLUE FLAG FOR CAR 31 (OCO) TIMED AT 16:13:03,BLUE,Flag,Driver,,,1176,,,,,,,,,,,,22.4,42.2,54.0,1016.6,0,1.0,331,,,,yellow
2025-05-25 14:13:05.000000,race_control,22.0,54,,,,WAVED BLUE FLAG FOR CAR 22 (TSU) TIMED AT 16:13:04,BLUE,Flag,Driver,,,1177,,,,,,,,,,,,22.4,42.2,54.0,1016.6,0,1.0,331,,,,yellow
2025-05-25 14:13:13.647000,lap,55,53,91.446,False,17.458,,,,,,,1178,SAI,Williams,1868DB,,,,,,,,23.672,22.4,42.2,54.0,1016.6,0,1.0,331,,MEDIUM,8.0,yellow
2025-05-25 14:13:14.000000,race_control,23.0,54,,,,WAVED BLUE FLAG FOR CAR 23 (ALB) TIMED AT 16:13:14,BLUE,Flag,Driver,,,1179,,,,,,,,,,,,22.4,42.2,54.0,1016.6,0,1.0,331,,,,yellow
2025-05-25 14:13:14.000000,race_control,22.0,54,,,,WAVED BLUE FLAG FOR CAR 22 (TSU) TIMED AT 16:13:13,BLUE,Flag,Driver,,,1180,,,,,,,,,,,,22.4,42.2,54.0,1016.6,0,1.0,331,,,,yellow
2025-05-25 14:13:18.556000,lap,63,53,87.933,False,14.528000000000006,,,,,,,1181,RUS,Mercedes,00D7B6,,,,,,,,4.871,22.4,42.2,54.0,1016.6,0,1.0,331,,MEDIUM,53.0,yellow
2025-05-25 14:13:24.000000,race_control,23.0,54,,,,WAVED BLUE FLAG FOR CAR 23 (ALB) TIMED AT 16:13:23,BLUE,Flag,Driver,,,1182,,,,,,,,,,,,22.4,42.2,54.0,1016.6,0,1.0,331,,,,yellow
2025-05-25 14:13:26.000000,race_control,12.0,54,,,,WAVED BLUE FLAG FOR CAR 12 (ANT) TIMED AT 16:13:26,BLUE,Flag,Driver,,,1183,,,,,,,,,,,,22.4,42.2,54.0,1016.6,0,1.0,331,,,,yellow
2025-05-25 14:13:28.898000,lap,1,55,75.62,False,1.3900000000000006,,,,,,,1184,VER,Red Bull Racing,4781D7,,,,,,,0.0,0.0,22.4,42.2,54.0,1016.6,0,1.0,331,,MEDIUM,0.0,yellow
2025-05-25 14:13:32.069000,lap,4,55,74.993,False,1.7719999999999914,,,,,,,1185,NOR,McLaren,F47600,,,,,,,3.132,3.132,22.4,42.2,54.0,1016.6,0,1.0,331,,HARD,0.0,yellow
2025-05-25 14:13:32.256000,lap,23,53,79.403,False,4.806000000000012,,,,,,,1186,ALB,Williams,1868DB,,,,,,,,13.466,22.4,42.2,54.0,1016.6,0,1.0,331,,HARD,0.0,yellow
2025-05-25 14:13:34.808000,lap,16,55,74.497,False,0.44199999999999307,,,,,,,1187,LEC,Ferrari,ED1131,272.0,100.0,0.0,10946.0,7.0,12.0,5.907,2.775,22.4,42.2,54.0,1016.6,0,1.0,331,,MEDIUM,0.0,yellow
2025-05-25 14:13:34.974000,lap,12,53,79.263,False,5.7450000000000045,,,,,,,1188,ANT,Mercedes,00D7B6,,,,,,,,2.876,22.4,42.2,54.0,1016.6,0,1.0,331,,HARD,0.0,yellow
2025-05-25 14:13:35.474000,lap,22,53,79.395,False,4.481999999999999,,,,,,,1189,TSU,Red Bull Racing,4781D7,,,,,,,,0.583,22.4,42.2,54.0,1016.6,0,1.0,331,,HARD,0.0,yellow
2025-05-25 14:13:36.307000,lap,18,53,78.963,False,4.0859999999999985,,,,,,,1190,STR,Aston Martin,229971,,,,,,,,0.763,22.4,42.2,54.0,1016.6,0,1.0,331,,HARD,1.0,yellow
2025-05-25 14:13:36.566000,lap,87,53,80.306,False,5.450999999999993,,,,,,,1191,BEA,Haas F1 Team,9C9FA2,,,,,,,,0.323,22.4,42.2,54.0,1016.6,0,1.0,331,,MEDIUM,0.0,yellow
2025-05-25 14:13:37.286000,lap,43,53,80.255,False,4.956999999999994,,,,,,,1192,COL,Alpine,00A1E8,,,,,,,,0.731,22.4,42.2,54.0,1016.6,0,1.0,331,,MEDIUM,0.0,yellow
2025-05-25 14:13:38.222000,lap,5,53,79.965,False,5.081000000000003,,,,,,,1193,BOR,Kick Sauber,01C00E,,,,,,,,0.874,22.4,42.2,54.0,1016.6,0,1.0,331,,MEDIUM,0.0,yellow
2025-05-25 14:13:38.878000,lap,27,53,79.628,False,4.405000000000001,,,,,,,1194,HUL,Kick Sauber,01C00E,,,,,,,,0.628,22.4,42.2,54.0,1016.6,0,1.0,331,,SOFT,0.0,yellow
2025-05-25 14:13:39.000000,race_control,27.0,55,,,,WAVED BLUE FLAG FOR CAR 27 (HUL) TIMED AT 16:13:39,BLUE,Flag,Driver,,,1195,,,,,,,,,,,,22.4,42.2,54.0,1016.6,0,1.0,331,,,,yellow
2025-05-25 14:13:39.972000,lap,81,55,76.244,False,2.4989999999999952,,,,,,,1196,PIA,McLaren,F47600,,,,,,,11.057,5.15,22.4,42.2,54.0,1016.6,0,1.0,331,,HARD,0.0,yellow
2025-05-25 14:13:48.284000,lap,6,54,79.723,False,3.7420000000000044,,,,,,,1197,HAD,Racing Bulls,6C98FF,,,,,,,,74.223,22.4,42.2,54.0,1016.6,0,1.0,331,,HARD,1.0,yellow
2025-05-25 14:13:50.253000,lap,44,55,76.657,False,2.566999999999993,,,,,,,1198,HAM,Ferrari,ED1131,266.0,100.0,0.0,10768.0,7.0,0.0,21.43,10.373,22.5,42.2,54.0,1016.5,0,1.1,245,,HARD,1.0,yellow
2025-05-25 14:13:51.503000,lap,31,54,77.744,False,2.5870000000000033,,,,,,,1199,OCO,Haas F1 Team,9C9FA2,,,,,,,,3.262,22.5,42.2,54.0,1016.5,0,1.1,245,,HARD,0.0,yellow
2025-05-25 14:13:59.000000,race_control,5.0,55,,,,WAVED BLUE FLAG FOR CAR 5 (BOR) TIMED AT 16:13:58,BLUE,Flag,Driver,,,1200,,,,,,,,,,,,22.5,42.2,54.0,1016.5,0,1.1,245,,,,yellow
2025-05-25 14:14:05.469000,lap,30,54,75.321,False,0.0,,,,,,,1201,LAW,Racing Bulls,6C98FF,,,,,,,,13.858,22.5,42.2,54.0,1016.5,0,1.1,245,,HARD,1.0,yellow
2025-05-25 14:14:09.000000,race_control,23.0,55,,,,WAVED BLUE FLAG FOR CAR 23 (ALB) TIMED AT 16:14:09,BLUE,Flag,Driver,,,1202,,,,,,,,,,,,22.5,42.2,54.0,1016.5,0,1.1,245,,,,yellow
2025-05-25 14:14:10.000000,race_control,nan,55,,,,CAR 1 (VER) TIME 1:17.547 DELETED - TRACK LIMITS AT TURN 10 LAP 53 16:11:43,,Other,,,,1203,,,,,,,,,,,,22.5,42.2,54.0,1016.5,0,1.1,245,,,,yellow
2025-05-25 14:14:16.000000,race_control,43.0,55,,,,WAVED BLUE FLAG FOR CAR 43 (COL) TIMED AT 16:14:15,BLUE,Flag,Driver,,,1204,,,,,,,,,,,,22.5,42.2,54.0,1016.5,0,1.1,245,,,,yellow
2025-05-25 14:14:31.000000,race_control,6.0,55,,,,WAVED BLUE FLAG FOR CAR 6 (HAD) TIMED AT 16:14:30,BLUE,Flag,Driver,,,1205,,,,,,,,,,,,22.5,42.2,54.0,1016.5,0,1.1,245,,,,yellow
2025-05-25 14:14:37.000000,race_control,nan,55,,,,CAR 87 (BEA) TIME 1:22.205 DELETED - TRACK LIMITS AT TURN 10 LAP 51 16:11:44,,Other,,,,1206,,,,,,,,,,,,22.5,42.2,54.0,1016.5,0,1.1,245,,,,yellow
2025-05-25 14:14:38.000000,race_control,87.0,55,,,,WAVED BLUE FLAG FOR CAR 87 (BEA) TIMED AT 16:14:37,BLUE,Flag,Driver,,,1207,,,,,,,,,,,,22.5,42.2,54.0,1016.5,0,1.1,245,,,,yellow
2025-05-25 14:14:40.000000,race_control,nan,55,,,,CAR 27 (HUL) TIME 1:20.376 DELETED - TRACK LIMITS AT TURN 10 LAP 52 16:13:08,,Other,,,,1208,,,,,,,,,,,,22.5,42.2,54.0,1016.5,0,1.1,245,,,,yellow
2025-05-25 14:14:44.506000,lap,1,56,75.33,False,1.0999999999999943,,,,,,,1209,VER,Red Bull Racing,4781D7,,,,,,,0.0,0.0,22.5,42.2,54.0,1016.5,0,1.1,245,,MEDIUM,0.0,yellow
2025-05-25 14:14:45.147000,lap,55,54,80.701,True,6.712999999999994,,,,,,,1210,SAI,Williams,1868DB,,,,,,,+2 LAPS,42.239,22.5,42.2,54.0,1016.5,0,1.1,245,,MEDIUM,8.0,yellow
2025-05-25 14:14:45.756000,pit_in,55,53,,,,,,,,,24.0,1211,SAI,Williams,1868DB,,,,,,,+2 LAPS,42.239,22.5,42.2,54.0,1016.5,0,1.1,245,,MEDIUM,8.0,yellow
2025-05-25 14:14:46.631000,lap,63,54,80.782,True,7.376999999999995,,,,,,,1212,RUS,Mercedes,00D7B6,,,,,,,+2 LAPS,1.139,22.5,42.2,54.0,1016.5,0,1.1,245,,MEDIUM,53.0,yellow
2025-05-25 14:14:46.944000,lap,4,56,74.821,False,1.5999999999999943,,,,,,,1213,NOR,McLaren,F47600,,,,,,,2.505,2.505,22.5,42.2,54.0,1016.5,0,1.1,245,,HARD,0.0,yellow
2025-05-25 14:14:47.147000,pit_in,63,53,,,,,,,,,19.4,1214,RUS,Mercedes,00D7B6,,,,,,,+2 LAPS,1.139,22.5,42.2,54.0,1016.5,0,1.1,245,,MEDIUM,53.0,yellow
2025-05-25 14:14:49.272000,lap,16,56,74.342,False,0.28699999999999193,,,,,,,1215,LEC,Ferrari,ED1131,267.0,100.0,0.0,10719.0,7.0,0.0,4.784,2.279,22.5,42.2,54.0,1016.5,0,1.1,245,,MEDIUM,0.0,yellow
2025-05-25 14:14:51.460000,lap,23,54,77.389,False,2.7920000000000016,,,,,,,1216,ALB,Williams,1868DB,,,,,,,,4.936,22.5,42.9,53.0,1016.5,0,0.7,225,,HARD,0.0,yellow
2025-05-25 14:14:53.000000,race_control,18.0,56,,,,WAVED BLUE FLAG FOR CAR 18 (STR) TIMED AT 16:14:52,BLUE,Flag,Driver,,,1217,,,,,,,,,,,,22.5,42.9,53.0,1016.5,0,0.7,225,,,,yellow
2025-05-25 14:14:54.000000,race_control,63.0,56,,,,WAVED BLUE FLAG FOR CAR 63 (RUS) TIMED AT 16:14:53,BLUE,Flag,Driver,,,1218,,,,,,,,,,,,22.5,42.9,53.0,1016.5,0,0.7,225,,,,yellow
2025-05-25 14:14:54.241000,lap,12,54,79.603,False,6.084999999999994,,,,,,,1219,ANT,Mercedes,00D7B6,,,,,,,,2.736,22.5,42.9,53.0,1016.5,0,0.7,225,,HARD,0.0,yellow
2025-05-25 14:14:54.960000,lap,22,54,79.566,False,4.653000000000006,,,,,,,1220,TSU,Red Bull Racing,4781D7,,,,,,,,0.715,22.5,42.9,53.0,1016.5,0,0.7,225,,HARD,0.0,yellow
2025-05-25 14:14:55.303000,lap,18,54,79.793,False,4.916000000000011,,,,,,,1221,STR,Aston Martin,229971,,,,,,,,0.331,22.5,42.9,53.0,1016.5,0,0.7,225,,HARD,1.0,yellow
2025-05-25 14:14:56.178000,lap,81,56,75.113,False,1.367999999999995,,,,,,,1222,PIA,McLaren,F47600,,,,,,,11.681,6.897,22.5,42.9,53.0,1016.5,0,0.7,225,,HARD,0.0,yellow
2025-05-25 14:14:56.835000,lap,87,54,78.82,False,3.964999999999989,,,,,,,1223,BEA,Haas F1 Team,9C9FA2,,,,,,,,1.666,22.5,42.9,53.0,1016.5,0,0.7,225,,MEDIUM,0.0,yellow
2025-05-25 14:14:57.647000,lap,43,54,78.71,False,3.411999999999992,,,,,,,1224,COL,Alpine,00A1E8,,,,,,,,0.68,22.5,42.9,53.0,1016.5,0,0.7,225,,MEDIUM,0.0,yellow
2025-05-25 14:14:58.194000,lap,5,54,78.704,False,3.819999999999993,,,,,,,1225,BOR,Kick Sauber,01C00E,,,,,,,,0.584,22.5,42.9,53.0,1016.5,0,0.7,225,,MEDIUM,0.0,yellow
2025-05-25 14:14:58.475000,lap,27,54,78.841,False,3.617999999999995,,,,,,,1226,HUL,Kick Sauber,01C00E,,,,,,,,0.291,22.5,42.9,53.0,1016.5,0,0.7,225,,SOFT,0.0,yellow
2025-05-25 14:15:00.000000,race_control,55.0,56,,,,WAVED BLUE FLAG FOR CAR 55 (SAI) TIMED AT 16:14:59,BLUE,Flag,Driver,,,1227,,,,,,,,,,,,22.5,42.9,53.0,1016.5,0,0.7,225,,,,yellow
2025-05-25 14:15:04.000000,race_control,22.0,56,,,,WAVED BLUE FLAG FOR CAR 22 (TSU) TIMED AT 16:15:03,BLUE,Flag,Driver,,,1228,,,,,,,,,,,,22.5,42.9,53.0,1016.5,0,0.7,225,,,,yellow
2025-05-25 14:15:06.547000,pit_out,63,53,,,,,,,,,19.4,1229,RUS,Mercedes,00D7B6,,,,,,,,1.914,22.5,42.9,53.0,1016.5,0,0.7,225,,MEDIUM,53.0,yellow
2025-05-25 14:15:07.069000,lap,44,56,93.566,False,19.476,,,,,,,1230,HAM,Ferrari,ED1131,268.0,100.0,0.0,10784.0,7.0,0.0,22.467,10.786,22.5,42.9,53.0,1016.5,0,0.7,225,,MEDIUM,0.0,yellow
2025-05-25 14:15:08.100000,lap,6,55,77.863,False,1.882000000000005,,,,,,,1231,HAD,Racing Bulls,6C98FF,,,,,,,,,22.5,42.9,53.0,1016.5,0,0.7,225,,HARD,1.0,yellow
2025-05-25 14:15:09.350000,lap,31,55,78.492,False,3.335000000000008,,,,,,,1232,OCO,Haas F1 Team,9C9FA2,,,,,,,,1.283,22.5,42.9,53.0,1016.5,0,0.7,225,,HARD,0.0,yellow
2025-05-25 14:15:09.756000,pit_out,55,53,,,,,,,,,24.0,1233,SAI,Williams,1868DB,,,,,,,,43.37,22.5,42.9,53.0,1016.5,0,0.7,225,,MEDIUM,8.0,yellow
2025-05-25 14:15:20.850000,lap,30,55,75.597,False,0.27599999999999625,,,,,,,1234,LAW,Racing Bulls,6C98FF,,,,,,,,11.435,22.5,42.9,53.0,1016.5,0,0.7,225,,HARD,1.0,yellow
2025-05-25 14:15:21.000000,race_control,12.0,56,,,,WAVED BLUE FLAG FOR CAR 12 (ANT) TIMED AT 16:15:20,BLUE,Flag,Driver,,,1235,,,,,,,,,,,,22.5,42.9,53.0,1016.5,0,0.7,225,,,,yellow
2025-05-25 14:15:59.847000,lap,1,57,75.418,False,1.1880000000000024,,,,,,,1236,VER,Red Bull Racing,4781D7,,,,,,,0.0,0.0,22.6,42.9,53.0,1016.4,0,0.7,195,,MEDIUM,0.0,yellow
2025-05-25 14:16:01.784000,lap,4,57,74.676,False,1.4549999999999983,,,,,,,1237,NOR,McLaren,F47600,,,,,,,1.996,1.996,22.6,42.9,53.0,1016.4,0,0.7,195,,HARD,0.0,yellow
2025-05-25 14:16:03.675000,lap,16,57,74.442,False,0.38699999999998624,,,,,,,1238,LEC,Ferrari,ED1131,265.0,100.0,0.0,10651.0,7.0,0.0,3.796,1.8,22.6,42.9,53.0,1016.4,0,0.7,195,,MEDIUM,0.0,yellow
2025-05-25 14:16:05.925000,lap,55,55,75.399,False,1.4110000000000014,,,,,,,1239,SAI,Williams,1868DB,,,,,,,,45.142,22.6,42.9,53.0,1016.4,0,0.7,195,,MEDIUM,8.0,yellow
2025-05-25 14:16:07.315000,lap,63,55,76.455,False,3.049999999999997,,,,,,,1240,RUS,Mercedes,00D7B6,,,,,,,,1.439,22.6,42.9,53.0,1016.4,0,0.7,195,,MEDIUM,53.0,yellow
2025-05-25 14:16:08.800000,lap,23,55,77.086,False,2.4890000000000043,,,,,,,1241,ALB,Williams,1868DB,,,,,,,,1.543,22.6,42.9,53.0,1016.4,0,0.7,195,,HARD,0.0,yellow
2025-05-25 14:16:11.222000,lap,81,57,74.81,False,1.0649999999999977,,,,,,,1242,PIA,McLaren,F47600,,,,,,,11.464,7.668,22.6,42.9,53.0,1016.4,0,0.7,195,,HARD,0.0,yellow
2025-05-25 14:16:13.862000,lap,12,55,78.966,False,5.447999999999993,,,,,,,1243,ANT,Mercedes,00D7B6,,,,,,,,4.95,22.6,42.9,53.0,1016.4,0,0.7,195,,HARD,0.0,yellow
2025-05-25 14:16:14.472000,lap,22,55,78.811,False,3.8980000000000103,,,,,,,1244,TSU,Red Bull Racing,4781D7,,,,,,,,0.678,22.6,42.9,53.0,1016.4,0,0.7,195,,HARD,0.0,yellow
2025-05-25 14:16:14.956000,lap,18,55,78.805,False,3.9280000000000115,,,,,,,1245,STR,Aston Martin,229971,,,,,,,,0.558,22.6,42.9,53.0,1016.4,0,0.7,195,,HARD,1.0,yellow
2025-05-25 14:16:15.784000,lap,87,55,78.659,False,3.804000000000002,,,,,,,1246,BEA,Haas F1 Team,9C9FA2,,,,,,,,0.693,22.6,42.9,53.0,1016.4,0,0.7,195,,MEDIUM,0.0,yellow
2025-05-25 14:16:16.269000,lap,43,55,78.692,False,3.3939999999999912,,,,,,,1247,COL,Alpine,00A1E8,,,,,,,,0.57,22.6,42.9,53.0,1016.4,0,0.7,195,,MEDIUM,0.0,yellow
2025-05-25 14:16:16.862000,lap,5,55,78.823,False,3.938999999999993,,,,,,,1248,BOR,Kick Sauber,01C00E,,,,,,,,0.578,22.6,42.9,53.0,1016.4,0,0.7,195,,MEDIUM,0.0,yellow
2025-05-25 14:16:17.347000,lap,27,55,79.155,False,3.932000000000002,,,,,,,1249,HUL,Kick Sauber,01C00E,,,,,,,,0.428,22.6,42.9,53.0,1016.4,0,0.7,195,,SOFT,0.0,yellow
2025-05-25 14:16:25.816000,lap,6,56,77.484,False,1.5030000000000001,,,,,,,1250,HAD,Racing Bulls,6C98FF,,,,,,,,78.935,22.6,42.9,53.0,1016.4,0,0.7,195,,HARD,1.0,yellow
2025-05-25 14:16:27.784000,lap,31,56,77.541,False,2.3840000000000003,,,,,,,1251,OCO,Haas F1 Team,9C9FA2,,,,,,,,1.912,22.6,42.9,53.0,1016.4,0,0.7,195,,HARD,0.0,yellow
2025-05-25 14:16:36.309000,lap,30,56,76.96,False,1.6389999999999958,,,,,,,1252,LAW,Racing Bulls,6C98FF,,,,,,,,8.54,22.6,42.9,53.0,1016.4,0,0.7,195,,HARD,1.0,yellow
2025-05-25 14:16:40.513000,lap,44,57,81.468,True,7.378,,,,,,,1253,HAM,Ferrari,ED1131,60.0,62.0,0.0,5385.0,2.0,0.0,43.044,31.609,22.6,42.9,53.0,1016.4,0,0.7,195,,MEDIUM,0.0,yellow
2025-05-25 14:16:41.123000,pit_in,44,56,,,,,,,,,24.2,1254,HAM,Ferrari,ED1131,62.0,61.0,0.0,5648.0,2.0,0.0,43.044,31.609,22.6,42.9,53.0,1016.4,0,0.7,195,,MEDIUM,0.0,yellow
2025-05-25 14:17:05.000000,race_control,23.0,57,,,,WAVED BLUE FLAG FOR CAR 23 (ALB) TIMED AT 16:17:05,BLUE,Flag,Driver,,,1255,,,,,,,,,,,,22.6,43.9,53.0,1016.5,0,1.3,348,,,,yellow
2025-05-25 14:17:05.323000,pit_out,44,56,,,,,,,,,24.2,1256,HAM,Ferrari,ED1131,86.0,0.0,100.0,7074.0,2.0,0.0,44.058,32.782,22.6,43.9,53.0,1016.5,0,1.3,348,,MEDIUM,0.0,yellow
2025-05-25 14:17:15.273000,lap,1,58,75.247,False,1.016999999999996,,,,,,,1257,VER,Red Bull Racing,4781D7,,,,,,,0.0,0.0,22.6,43.9,53.0,1016.5,0,1.3,348,,MEDIUM,0.0,yellow
2025-05-25 14:17:16.429000,lap,4,58,75.159,False,1.9380000000000024,,,,,,,1258,NOR,McLaren,F47600,,,,,,,1.254,1.254,22.6,43.9,53.0,1016.5,0,1.3,348,,HARD,0.0,yellow
2025-05-25 14:17:18.052000,lap,16,58,74.566,False,0.5109999999999957,,,,,,,1259,LEC,Ferrari,ED1131,267.0,100.0,0.0,10753.0,7.0,0.0,2.82,1.566,22.6,43.9,53.0,1016.5,0,1.3,348,,MEDIUM,0.0,yellow
2025-05-25 14:17:21.321000,lap,55,56,74.596,False,0.6080000000000041,,,,,,,1260,SAI,Williams,1868DB,,,,,,,,44.944,22.6,43.9,53.0,1016.5,0,1.3,348,,MEDIUM,8.0,yellow
2025-05-25 14:17:22.000000,race_control,23.0,58,,,,WAVED BLUE FLAG FOR CAR 23 (ALB) TIMED AT 16:17:22,BLUE,Flag,Driver,,,1261,,,,,,,,,,,,22.6,43.9,53.0,1016.5,0,1.3,348,,,,yellow
2025-05-25 14:17:23.787000,lap,63,56,78.479,False,5.073999999999998,,,,,,,1262,RUS,Mercedes,00D7B6,,,,,,,,2.495,22.6,43.9,53.0,1016.5,0,1.3,348,,MEDIUM,53.0,yellow
2025-05-25 14:17:25.980000,lap,23,56,79.159,False,4.562000000000012,,,,,,,1263,ALB,Williams,1868DB,,,,,,,,2.174,22.6,43.9,53.0,1016.5,0,1.3,348,,HARD,0.0,yellow
2025-05-25 14:17:26.153000,lap,81,58,74.83,False,1.0849999999999937,,,,,,,1264,PIA,McLaren,F47600,,,,,,,10.856,8.036,22.6,43.9,53.0,1016.5,0,1.3,348,,HARD,0.0,yellow
2025-05-25 14:17:32.852000,lap,12,56,78.296,False,4.778000000000006,,,,,,,1265,ANT,Mercedes,00D7B6,,,,,,,,6.83,22.6,43.9,53.0,1016.5,0,1.3,348,,HARD,0.0,yellow
2025-05-25 14:17:33.286000,lap,22,56,78.408,False,3.4950000000000045,,,,,,,1266,TSU,Red Bull Racing,4781D7,,,,,,,,0.523,22.6,43.9,53.0,1016.5,0,1.3,348,,HARD,0.0,yellow
2025-05-25 14:17:33.778000,lap,18,56,78.365,False,3.4879999999999995,,,,,,,1267,STR,Aston Martin,229971,,,,,,,,0.552,22.6,43.9,53.0,1016.5,0,1.3,348,,HARD,1.0,yellow
2025-05-25 14:17:34.351000,lap,87,56,78.306,False,3.4509999999999934,,,,,,,1268,BEA,Haas F1 Team,9C9FA2,,,,,,,,0.547,22.6,43.9,53.0,1016.5,0,1.3,348,,MEDIUM,0.0,yellow
2025-05-25 14:17:34.942000,lap,43,56,78.489,False,3.1910000000000025,,,,,,,1269,COL,Alpine,00A1E8,,,,,,,,0.603,22.6,43.9,53.0,1016.5,0,1.3,348,,MEDIUM,0.0,yellow
2025-05-25 14:17:35.758000,lap,5,56,78.451,False,3.566999999999993,,,,,,,1270,BOR,Kick Sauber,01C00E,,,,,,,,0.709,22.6,43.9,53.0,1016.5,0,1.3,348,,MEDIUM,0.0,yellow
2025-05-25 14:17:36.508000,lap,27,56,77.976,False,2.753,,,,,,,1271,HUL,Kick Sauber,01C00E,,,,,,,,0.76,22.6,43.9,53.0,1016.5,0,1.3,348,,SOFT,0.0,yellow
2025-05-25 14:17:43.258000,lap,6,57,77.268,False,1.2870000000000061,,,,,,,1272,HAD,Racing Bulls,6C98FF,,,,,,,,62.853,22.6,43.9,53.0,1016.5,0,1.3,348,,HARD,1.0,yellow
2025-05-25 14:17:45.360000,lap,31,57,77.871,False,2.7139999999999986,,,,,,,1273,OCO,Haas F1 Team,9C9FA2,,,,,,,,1.969,22.6,43.9,53.0,1016.5,0,1.3,348,,HARD,0.0,yellow
2025-05-25 14:17:53.389000,lap,30,57,76.583,False,1.2620000000000005,,,,,,,1274,LAW,Racing Bulls,6C98FF,,,,,,,,7.959,22.7,43.9,51.0,1016.5,0,0.8,196,,HARD,1.0,yellow
2025-05-25 14:18:01.000000,race_control,63.0,58,,,,WAVED BLUE FLAG FOR CAR 63 (RUS) TIMED AT 16:18:00,BLUE,Flag,Driver,,,1275,,,,,,,,,,,,22.7,43.9,51.0,1016.5,0,0.8,196,,,,yellow
2025-05-25 14:18:01.983000,lap,44,58,78.349,False,4.259,,,,,,,1276,HAM,Ferrari,ED1131,267.0,100.0,0.0,10737.0,7.0,0.0,46.753,35.897,22.7,43.9,51.0,1016.5,0,0.8,196,,MEDIUM,0.0,yellow
2025-05-25 14:18:30.483000,lap,1,59,75.35,False,1.1199999999999903,,,,,,,1277,VER,Red Bull Racing,4781D7,,,,,,,0.0,0.0,22.7,43.9,51.0,1016.5,0,0.8,196,,MEDIUM,0.0,yellow
2025-05-25 14:18:31.561000,lap,4,59,75.107,False,1.8859999999999957,,,,,,,1278,NOR,McLaren,F47600,,,,,,,1.166,1.166,22.7,43.9,51.0,1016.5,0,0.8,196,,HARD,0.0,yellow
2025-05-25 14:18:32.639000,lap,16,59,74.707,False,0.6519999999999868,,,,,,,1279,LEC,Ferrari,ED1131,267.0,100.0,0.0,10750.0,7.0,0.0,2.139,0.973,22.7,43.9,51.0,1016.5,0,0.8,196,,MEDIUM,0.0,yellow
2025-05-25 14:18:35.905000,lap,55,57,75.024,False,1.0360000000000014,,,,,,,1280,SAI,Williams,1868DB,,,,,,,,42.58,22.7,43.9,51.0,1016.5,0,0.8,196,,MEDIUM,8.0,yellow
2025-05-25 14:18:40.945000,lap,81,59,73.916,False,0.17099999999999227,,,,,,,1281,PIA,McLaren,F47600,,,,,,,10.439,8.3,22.7,43.9,51.0,1016.5,0,0.8,196,,HARD,0.0,yellow
2025-05-25 14:18:42.289000,lap,63,57,76.715,False,3.3100000000000023,,,,,,,1282,RUS,Mercedes,00D7B6,,,,,,,,6.378,22.7,43.9,51.0,1016.5,0,0.8,196,,MEDIUM,53.0,yellow
2025-05-25 14:18:45.055000,lap,23,57,76.136,False,1.5390000000000015,,,,,,,1283,ALB,Williams,1868DB,,,,,,,,2.854,22.7,43.9,51.0,1016.5,0,0.8,196,,HARD,0.0,yellow
2025-05-25 14:18:51.086000,lap,12,57,78.511,False,4.992999999999995,,,,,,,1284,ANT,Mercedes,00D7B6,,,,,,,,5.967,22.8,43.9,50.0,1016.5,0,1.1,4,,HARD,0.0,yellow
2025-05-25 14:18:51.617000,lap,22,57,78.497,False,3.584000000000003,,,,,,,1285,TSU,Red Bull Racing,4781D7,,,,,,,,0.635,22.8,43.9,50.0,1016.5,0,1.1,4,,HARD,0.0,yellow
2025-05-25 14:18:52.258000,lap,18,57,78.494,False,3.6170000000000044,,,,,,,1286,STR,Aston Martin,229971,,,,,,,,0.509,22.8,43.9,50.0,1016.5,0,1.1,4,,HARD,1.0,yellow
2025-05-25 14:18:52.695000,lap,87,57,78.584,False,3.728999999999999,,,,,,,1287,BEA,Haas F1 Team,9C9FA2,,,,,,,,0.488,22.8,43.9,50.0,1016.5,0,1.1,4,,MEDIUM,0.0,yellow
2025-05-25 14:18:53.445000,lap,43,57,78.426,False,3.128,,,,,,,1288,COL,Alpine,00A1E8,,,,,,,,0.786,22.8,43.9,50.0,1016.5,0,1.1,4,,MEDIUM,0.0,yellow
2025-05-25 14:18:54.117000,lap,5,57,78.438,False,3.554000000000002,,,,,,,1289,BOR,Kick Sauber,01C00E,,,,,,,,0.671,22.8,43.9,50.0,1016.5,0,1.1,4,,MEDIUM,0.0,yellow
2025-05-25 14:18:54.477000,lap,27,57,78.661,False,3.4380000000000024,,,,,,,1290,HUL,Kick Sauber,01C00E,,,,,,,,0.285,22.8,43.9,50.0,1016.5,0,1.1,4,,SOFT,0.0,yellow
2025-05-25 14:19:00.586000,lap,6,58,76.984,False,1.0030000000000001,,,,,,,1291,HAD,Racing Bulls,6C98FF,,,,,,,,58.653,22.8,43.9,50.0,1016.5,0,1.1,4,,HARD,1.0,yellow
2025-05-25 14:19:03.227000,lap,31,58,77.184,False,2.027000000000001,,,,,,,1292,OCO,Haas F1 Team,9C9FA2,,,,,,,,2.572,22.8,43.9,50.0,1016.5,0,1.1,4,,HARD,0.0,yellow
2025-05-25 14:19:09.836000,lap,30,58,77.684,False,2.3629999999999995,,,,,,,1293,LAW,Racing Bulls,6C98FF,,,,,,,,6.671,22.8,43.9,50.0,1016.5,0,1.1,4,,HARD,1.0,yellow
2025-05-25 14:19:20.334000,lap,44,59,76.686,False,2.5960000000000036,,,,,,,1294,HAM,Ferrari,ED1131,263.0,100.0,0.0,10466.0,7.0,0.0,49.855,39.416,22.8,43.9,50.0,1016.5,0,1.1,4,,MEDIUM,0.0,yellow
2025-05-25 14:19:45.859000,lap,1,60,75.088,False,0.8579999999999899,,,,,,,1295,VER,Red Bull Racing,4781D7,,,,,,,0.0,0.0,22.8,43.9,50.0,1016.5,0,1.1,4,,MEDIUM,0.0,yellow
2025-05-25 14:19:46.776000,lap,4,60,75.584,False,2.3629999999999995,,,,,,,1296,NOR,McLaren,F47600,,,,,,,0.923,0.923,22.8,43.9,50.0,1016.5,0,1.1,4,,HARD,0.0,yellow
2025-05-25 14:19:47.301000,lap,16,60,75.441,False,1.3859999999999957,,,,,,,1297,LEC,Ferrari,ED1131,275.0,100.0,0.0,11081.0,7.0,12.0,1.496,0.573,22.8,43.9,50.0,1016.5,0,1.1,4,,MEDIUM,0.0,yellow
2025-05-25 14:19:50.901000,lap,55,58,76.214,False,2.225999999999999,,,,,,,1298,SAI,Williams,1868DB,,,,,,,,41.021,22.6,42.2,52.0,1016.5,0,1.0,0,,MEDIUM,8.0,yellow
2025-05-25 14:19:54.836000,lap,81,60,73.745,False,0.0,,,,,,,1299,PIA,McLaren,F47600,,,,,,,9.005,7.509,22.6,42.2,52.0,1016.5,0,1.0,0,,HARD,0.0,yellow
2025-05-25 14:19:58.924000,lap,63,58,76.037,False,2.632000000000005,,,,,,,1300,RUS,Mercedes,00D7B6,,,,,,,,8.069,22.6,42.2,52.0,1016.5,0,1.0,0,,MEDIUM,53.0,yellow
2025-05-25 14:20:01.202000,lap,23,58,75.795,False,1.1980000000000075,,,,,,,1301,ALB,Williams,1868DB,,,,,,,,2.275,22.6,42.2,52.0,1016.5,0,1.0,0,,HARD,0.0,yellow
2025-05-25 14:20:09.578000,lap,12,58,78.393,False,4.875,,,,,,,1302,ANT,Mercedes,00D7B6,,,,,,,,8.342,22.6,42.2,52.0,1016.5,0,1.0,0,,HARD,0.0,yellow
2025-05-25 14:20:10.234000,lap,22,58,78.253,False,3.3400000000000034,,,,,,,1303,TSU,Red Bull Racing,4781D7,,,,,,,,0.621,22.6,42.2,52.0,1016.5,0,1.0,0,,HARD,0.0,yellow
2025-05-25 14:20:10.624000,lap,18,58,78.116,False,3.2390000000000043,,,,,,,1304,STR,Aston Martin,229971,,,,,,,,0.506,22.6,42.2,52.0,1016.5,0,1.0,0,,HARD,1.0,yellow
2025-05-25 14:20:11.328000,lap,87,58,78.038,False,3.1829999999999927,,,,,,,1305,BEA,Haas F1 Team,9C9FA2,,,,,,,,0.578,22.6,42.2,52.0,1016.5,0,1.0,0,,MEDIUM,0.0,yellow
2025-05-25 14:20:11.828000,lap,43,58,78.249,False,2.9509999999999934,,,,,,,1306,COL,Alpine,00A1E8,,,,,,,,0.628,22.6,42.2,52.0,1016.5,0,1.0,0,,MEDIUM,0.0,yellow
2025-05-25 14:20:12.640000,lap,5,58,78.118,False,3.2339999999999947,,,,,,,1307,BOR,Kick Sauber,01C00E,,,,,,,,0.683,22.6,42.2,52.0,1016.5,0,1.0,0,,MEDIUM,0.0,yellow
2025-05-25 14:20:13.140000,lap,27,58,77.942,False,2.718999999999994,,,,,,,1308,HUL,Kick Sauber,01C00E,,,,,,,,0.508,22.6,42.2,52.0,1016.5,0,1.0,0,,SOFT,0.0,yellow
2025-05-25 14:20:17.578000,lap,6,59,77.717,False,1.7360000000000042,,,,,,,1309,HAD,Racing Bulls,6C98FF,,,,,,,,57.288,22.6,42.2,52.0,1016.5,0,1.0,0,,HARD,1.0,yellow
2025-05-25 14:20:20.312000,lap,31,59,77.137,False,1.980000000000004,,,,,,,1310,OCO,Haas F1 Team,9C9FA2,,,,,,,,2.772,22.6,42.2,52.0,1016.5,0,1.0,0,,HARD,0.0,yellow
2025-05-25 14:20:27.500000,lap,30,59,76.772,False,1.4510000000000076,,,,,,,1311,LAW,Racing Bulls,6C98FF,,,,,,,,7.171,22.6,42.2,52.0,1016.5,0,1.0,0,,HARD,1.0,yellow
2025-05-25 14:20:36.968000,lap,44,60,75.767,False,1.6769999999999925,,,,,,,1312,HAM,Ferrari,ED1131,267.0,100.0,0.0,10677.0,7.0,0.0,51.191,42.186,22.6,42.2,52.0,1016.5,0,1.0,0,,MEDIUM,0.0,yellow
2025-05-25 14:21:00.859000,lap,1,61,75.064,False,0.833999999999989,,,,,,,1313,VER,Red Bull Racing,4781D7,,,,,,,0.0,0.0,22.5,42.2,52.0,1016.4,0,0.6,0,,MEDIUM,0.0,yellow
2025-05-25 14:21:02.328000,lap,4,61,75.199,False,1.9779999999999944,,,,,,,1314,NOR,McLaren,F47600,,,,,,,1.419,1.419,22.5,42.2,52.0,1016.4,0,0.6,0,,HARD,0.0,yellow
2025-05-25 14:21:02.703000,lap,16,61,75.405,False,1.3499999999999943,,,,,,,1315,LEC,Ferrari,ED1131,274.0,100.0,0.0,11046.0,7.0,12.0,1.849,0.43,22.5,42.2,52.0,1016.4,0,0.6,0,,MEDIUM,0.0,yellow
2025-05-25 14:21:07.250000,lap,55,59,77.954,False,3.965999999999994,,,,,,,1316,SAI,Williams,1868DB,,,,,,,,39.551,22.5,42.2,52.0,1016.4,0,0.6,0,,MEDIUM,8.0,yellow
2025-05-25 14:21:08.593000,lap,81,61,74.485,False,0.7399999999999949,,,,,,,1317,PIA,McLaren,F47600,,,,,,,7.662,5.813,22.5,42.2,52.0,1016.4,0,0.6,0,,HARD,0.0,yellow
2025-05-25 14:21:14.906000,lap,63,59,76.082,False,2.6769999999999925,,,,,,,1318,RUS,Mercedes,00D7B6,,,,,,,,7.892,22.5,42.2,52.0,1016.4,0,0.6,0,,MEDIUM,53.0,yellow
2025-05-25 14:21:16.000000,race_control,55.0,61,,,,WAVED BLUE FLAG FOR CAR 55 (SAI) TIMED AT 16:21:16,BLUE,Flag,Driver,,,1319,,,,,,,,,,,,22.5,42.2,52.0,1016.4,0,0.6,0,,,,yellow
2025-05-25 14:21:16.937000,lap,23,59,75.509,False,0.9120000000000061,,,,,,,1320,ALB,Williams,1868DB,,,,,,,,2.033,22.5,42.2,52.0,1016.4,0,0.6,0,,HARD,0.0,yellow
2025-05-25 14:21:22.000000,race_control,55.0,61,,,,WAVED BLUE FLAG FOR CAR 55 (SAI) TIMED AT 16:21:21,BLUE,Flag,Driver,,,1321,,,,,,,,,,,,22.5,42.2,52.0,1016.4,0,0.6,0,,,,yellow
2025-05-25 14:21:27.000000,race_control,55.0,61,,,,WAVED BLUE FLAG FOR CAR 55 (SAI) TIMED AT 16:21:27,BLUE,Flag,Driver,,,1322,,,,,,,,,,,,22.5,42.2,52.0,1016.4,0,0.6,0,,,,yellow
2025-05-25 14:21:27.859000,lap,12,59,79.056,False,5.537999999999997,,,,,,,1323,ANT,Mercedes,00D7B6,,,,,,,,10.94,22.5,42.2,52.0,1016.4,0,0.6,0,,HARD,0.0,yellow
2025-05-25 14:21:28.484000,lap,22,59,79.028,False,4.115000000000009,,,,,,,1324,TSU,Red Bull Racing,4781D7,,,,,,,,0.481,22.5,42.2,52.0,1016.4,0,0.6,0,,HARD,0.0,yellow
2025-05-25 14:21:28.765000,lap,18,59,79.183,False,4.306000000000012,,,,,,,1325,STR,Aston Martin,229971,,,,,,,,0.369,22.5,42.2,52.0,1016.4,0,0.6,0,,HARD,1.0,yellow
2025-05-25 14:21:29.219000,lap,87,59,79.233,False,4.378,,,,,,,1326,BEA,Haas F1 Team,9C9FA2,,,,,,,,0.5,22.5,42.2,52.0,1016.4,0,0.6,0,,MEDIUM,0.0,yellow
2025-05-25 14:21:30.203000,lap,43,59,79.063,False,3.7650000000000006,,,,,,,1327,COL,Alpine,00A1E8,,,,,,,,0.839,22.5,42.2,52.0,1016.4,0,0.6,0,,MEDIUM,0.0,yellow
2025-05-25 14:21:30.625000,lap,5,59,78.997,False,4.1129999999999995,,,,,,,1328,BOR,Kick Sauber,01C00E,,,,,,,,0.552,22.5,42.2,52.0,1016.4,0,0.6,0,,MEDIUM,0.0,yellow
2025-05-25 14:21:31.015000,lap,27,59,79.287,False,4.064000000000007,,,,,,,1329,HUL,Kick Sauber,01C00E,,,,,,,,0.332,22.5,42.2,52.0,1016.4,0,0.6,0,,SOFT,0.0,yellow
2025-05-25 14:21:35.312000,lap,6,60,78.008,False,2.027000000000001,,,,,,,1330,HAD,Racing Bulls,6C98FF,,,,,,,,58.319,22.5,42.2,52.0,1016.4,0,0.6,0,,HARD,1.0,yellow
2025-05-25 14:21:37.547000,lap,31,60,77.606,False,2.448999999999998,,,,,,,1331,OCO,Haas F1 Team,9C9FA2,,,,,,,,2.192,22.5,42.2,52.0,1016.4,0,0.6,0,,HARD,0.0,yellow
2025-05-25 14:21:44.353000,lap,30,60,76.672,False,1.350999999999999,,,,,,,1332,LAW,Racing Bulls,6C98FF,,,,,,,,6.806,22.5,42.2,52.0,1016.4,0,0.6,0,,HARD,1.0,yellow
2025-05-25 14:21:52.743000,lap,44,61,75.431,False,1.340999999999994,,,,,,,1333,HAM,Ferrari,ED1131,262.0,100.0,0.0,10569.0,7.0,0.0,51.87,44.208,22.5,42.5,52.0,1016.4,0,0.0,324,,MEDIUM,0.0,yellow
2025-05-25 14:22:15.915000,lap,1,62,75.13,False,0.8999999999999915,,,,,,,1334,VER,Red Bull Racing,4781D7,,,,,,,0.0,0.0,22.5,42.5,52.0,1016.4,0,0.0,324,,MEDIUM,0.0,yellow
2025-05-25 14:22:17.493000,lap,4,62,75.514,False,2.292999999999992,,,,,,,1335,NOR,McLaren,F47600,,,,,,,1.554,1.554,22.5,42.5,52.0,1016.4,0,0.0,324,,HARD,0.0,yellow
2025-05-25 14:22:18.103000,lap,16,62,75.646,False,1.590999999999994,,,,,,,1336,LEC,Ferrari,ED1131,273.0,100.0,0.0,10950.0,7.0,12.0,2.19,0.636,22.5,42.5,52.0,1016.4,0,0.0,324,,MEDIUM,0.0,yellow
2025-05-25 14:22:23.118000,lap,81,62,75.213,False,1.4679999999999893,,,,,,,1337,PIA,McLaren,F47600,,,,,,,7.083,4.893,22.5,42.5,52.0,1016.4,0,0.0,324,,HARD,0.0,yellow
2025-05-25 14:22:25.134000,lap,55,60,76.693,False,2.7049999999999983,,,,,,,1338,SAI,Williams,1868DB,,,,,,,,40.733,22.5,42.5,52.0,1016.4,0,0.0,324,,MEDIUM,8.0,yellow
2025-05-25 14:22:31.025000,lap,63,60,76.207,False,2.8019999999999925,,,,,,,1339,RUS,Mercedes,00D7B6,,,,,,,,6.02,22.5,42.5,52.0,1016.4,0,0.0,324,,MEDIUM,53.0,yellow
2025-05-25 14:22:32.509000,lap,23,60,75.726,False,1.1290000000000049,,,,,,,1340,ALB,Williams,1868DB,,,,,,,,1.46,22.5,42.5,52.0,1016.4,0,0.0,324,,HARD,0.0,yellow
2025-05-25 14:22:47.306000,lap,12,60,78.697,False,5.179000000000002,,,,,,,1341,ANT,Mercedes,00D7B6,,,,,,,,14.487,22.5,42.5,52.0,1016.4,0,0.0,324,,HARD,0.0,yellow
2025-05-25 14:22:47.634000,lap,22,60,78.81,False,3.8970000000000056,,,,,,,1342,TSU,Red Bull Racing,4781D7,,,,,,,,0.453,22.5,42.5,52.0,1016.4,0,0.0,324,,HARD,0.0,yellow
2025-05-25 14:22:48.072000,lap,18,60,78.58,False,3.703000000000003,,,,,,,1343,STR,Aston Martin,229971,,,,,,,,0.524,22.5,42.5,52.0,1016.4,0,0.0,324,,HARD,1.0,yellow
2025-05-25 14:22:48.587000,lap,87,60,78.669,False,3.813999999999993,,,,,,,1344,BEA,Haas F1 Team,9C9FA2,,,,,,,,0.55,22.5,42.5,52.0,1016.4,0,0.0,324,,MEDIUM,0.0,yellow
2025-05-25 14:22:49.228000,lap,43,60,78.687,False,3.388999999999996,,,,,,,1345,COL,Alpine,00A1E8,,,,,,,,0.669,22.5,42.5,52.0,1016.4,0,0.0,324,,MEDIUM,0.0,yellow
2025-05-25 14:22:49.728000,lap,5,60,78.808,False,3.9240000000000066,,,,,,,1346,BOR,Kick Sauber,01C00E,,,,,,,,0.486,22.5,42.5,52.0,1016.4,0,1.0,201,,MEDIUM,0.0,yellow
2025-05-25 14:22:50.453000,lap,27,60,78.508,False,3.2849999999999966,,,,,,,1347,HUL,Kick Sauber,01C00E,,,,,,,,0.622,22.5,42.5,52.0,1016.4,0,1.0,201,,SOFT,0.0,yellow
2025-05-25 14:22:53.366000,lap,6,61,78.069,False,2.088000000000008,,,,,,,1348,HAD,Racing Bulls,6C98FF,,,,,,,,60.56,22.5,42.5,52.0,1016.4,0,1.0,201,,HARD,1.0,yellow
2025-05-25 14:22:55.194000,lap,31,61,77.644,False,2.487000000000009,,,,,,,1349,OCO,Haas F1 Team,9C9FA2,,,,,,,,1.79,22.5,42.5,52.0,1016.4,0,1.0,201,,HARD,0.0,yellow
2025-05-25 14:23:01.069000,lap,30,61,76.173,False,0.8520000000000039,,,,,,,1350,LAW,Racing Bulls,6C98FF,,,,,,,,5.872,22.5,42.5,52.0,1016.4,0,1.0,201,,HARD,1.0,yellow
2025-05-25 14:23:08.147000,lap,44,62,74.916,False,0.8259999999999934,,,,,,,1351,HAM,Ferrari,ED1131,266.0,100.0,0.0,10660.0,7.0,0.0,52.237,45.154,22.5,42.5,52.0,1016.4,0,1.0,201,,MEDIUM,0.0,yellow
2025-05-25 14:23:31.132000,lap,1,63,75.088,False,0.8579999999999899,,,,,,,1352,VER,Red Bull Racing,4781D7,,,,,,,0.0,0.0,22.5,42.5,52.0,1016.4,0,1.0,201,,MEDIUM,0.0,yellow
2025-05-25 14:23:33.069000,lap,4,63,75.301,False,2.0799999999999983,,,,,,,1353,NOR,McLaren,F47600,,,,,,,1.938,1.938,22.5,42.5,52.0,1016.4,0,1.0,201,,HARD,0.0,yellow
2025-05-25 14:23:33.757000,lap,16,63,75.365,False,1.309999999999988,,,,,,,1354,LEC,Ferrari,ED1131,276.0,100.0,0.0,11082.0,7.0,12.0,2.706,0.768,22.5,42.5,52.0,1016.4,0,1.0,201,,MEDIUM,0.0,yellow
2025-05-25 14:23:38.257000,lap,81,63,74.381,False,0.6359999999999957,,,,,,,1355,PIA,McLaren,F47600,,,,,,,7.166,4.46,22.5,42.5,52.0,1016.4,0,1.0,201,,HARD,0.0,yellow
2025-05-25 14:23:41.788000,lap,55,61,76.622,False,2.6340000000000003,,,,,,,1356,SAI,Williams,1868DB,,,,,,,,40.754,22.5,42.5,52.0,1016.4,0,1.0,201,,MEDIUM,8.0,yellow
2025-05-25 14:23:47.460000,lap,63,61,75.998,False,2.5930000000000035,,,,,,,1357,RUS,Mercedes,00D7B6,,,,,,,,5.534,22.5,42.5,52.0,1016.4,0,1.0,201,,MEDIUM,53.0,yellow
2025-05-25 14:23:48.288000,lap,23,61,76.046,False,1.4490000000000123,,,,,,,1358,ALB,Williams,1868DB,,,,,,,,0.979,22.5,42.5,52.0,1016.4,0,1.0,201,,HARD,0.0,yellow
2025-05-25 14:24:05.760000,lap,12,61,78.59,False,5.072000000000003,,,,,,,1359,ANT,Mercedes,00D7B6,,,,,,,,17.458,22.6,43.0,51.0,1016.3,0,0.4,147,,HARD,0.0,yellow
2025-05-25 14:24:06.402000,lap,22,61,78.547,False,3.6340000000000003,,,,,,,1360,TSU,Red Bull Racing,4781D7,,,,,,,,0.566,22.6,43.0,51.0,1016.3,0,0.4,147,,HARD,0.0,yellow
2025-05-25 14:24:06.503000,lap,18,61,78.751,False,3.8740000000000094,,,,,,,1361,STR,Aston Martin,229971,,,,,,,,0.294,22.6,43.0,51.0,1016.3,0,0.4,147,,HARD,1.0,yellow
2025-05-25 14:24:07.273000,lap,87,61,78.715,False,3.8599999999999994,,,,,,,1362,BEA,Haas F1 Team,9C9FA2,,,,,,,,0.639,22.6,43.0,51.0,1016.3,0,0.4,147,,MEDIUM,0.0,yellow
2025-05-25 14:24:07.927000,lap,43,61,78.878,False,3.5799999999999983,,,,,,,1363,COL,Alpine,00A1E8,,,,,,,,0.687,22.6,43.0,51.0,1016.3,0,0.4,147,,MEDIUM,0.0,yellow
2025-05-25 14:24:08.540000,lap,5,61,78.797,False,3.9129999999999967,,,,,,,1364,BOR,Kick Sauber,01C00E,,,,,,,,0.607,22.6,43.0,51.0,1016.3,0,0.4,147,,MEDIUM,0.0,yellow
2025-05-25 14:24:08.802000,lap,27,61,79.041,False,3.817999999999998,,,,,,,1365,HUL,Kick Sauber,01C00E,,,,,,,,0.322,22.6,43.0,51.0,1016.3,0,0.4,147,,SOFT,0.0,yellow
2025-05-25 14:24:11.446000,lap,6,62,77.876,False,1.8950000000000102,,,,,,,1366,HAD,Racing Bulls,6C98FF,,,,,,,,63.198,22.6,43.0,51.0,1016.3,0,0.4,147,,HARD,1.0,yellow
2025-05-25 14:24:12.807000,lap,31,62,77.67,False,2.5130000000000052,,,,,,,1367,OCO,Haas F1 Team,9C9FA2,,,,,,,,1.365,22.6,43.0,51.0,1016.3,0,0.4,147,,HARD,0.0,yellow
2025-05-25 14:24:17.244000,lap,30,62,76.864,False,1.5430000000000064,,,,,,,1368,LAW,Racing Bulls,6C98FF,,,,,,,,4.401,22.6,43.0,51.0,1016.3,0,0.4,147,,HARD,1.0,yellow
2025-05-25 14:24:23.089000,lap,44,63,74.193,False,0.10299999999999443,,,,,,,1369,HAM,Ferrari,ED1131,263.0,100.0,0.0,10659.0,7.0,0.0,52.023,44.857,22.6,43.0,51.0,1016.3,0,0.4,147,,MEDIUM,0.0,yellow
2025-05-25 14:24:46.193000,lap,1,64,75.24,False,1.009999999999991,,,,,,,1370,VER,Red Bull Racing,4781D7,,,,,,,0.0,0.0,22.6,43.0,51.0,1016.3,0,0.4,147,,MEDIUM,0.0,yellow
2025-05-25 14:24:48.308000,lap,4,64,75.313,False,2.0919999999999987,,,,,,,1371,NOR,McLaren,F47600,,,,,,,2.151,2.151,22.6,43.0,51.0,1016.3,0,0.4,147,,HARD,0.0,yellow
2025-05-25 14:24:49.140000,lap,16,64,75.269,False,1.2139999999999986,,,,,,,1372,LEC,Ferrari,ED1131,276.0,100.0,0.0,11124.0,7.0,12.0,2.983,0.832,22.6,43.0,51.0,1016.3,0,0.4,147,,MEDIUM,0.0,yellow
2025-05-25 14:24:52.684000,lap,81,64,75.204,False,1.458999999999989,,,,,,,1373,PIA,McLaren,F47600,,,,,,,6.459,3.476,22.7,43.0,50.0,1016.4,0,0.8,179,,HARD,0.0,yellow
2025-05-25 14:24:58.455000,lap,55,62,76.99,False,3.0019999999999953,,,,,,,1374,SAI,Williams,1868DB,,,,,,,,41.203,22.7,43.0,50.0,1016.4,0,0.8,179,,MEDIUM,8.0,yellow
2025-05-25 14:25:03.318000,lap,63,62,94.078,False,20.673000000000002,,,,,,,1375,RUS,Mercedes,00D7B6,,,,,,,,4.91,22.7,43.0,50.0,1016.4,0,0.8,179,,MEDIUM,53.0,yellow
2025-05-25 14:25:04.434000,lap,23,62,76.37,False,1.7730000000000103,,,,,,,1376,ALB,Williams,1868DB,,,,,,,,1.027,22.7,43.0,50.0,1016.4,0,0.8,179,,HARD,0.0,yellow
2025-05-25 14:25:24.339000,lap,12,62,78.448,False,4.929999999999993,,,,,,,1377,ANT,Mercedes,00D7B6,,,,,,,,20.002,22.7,43.0,50.0,1016.4,0,0.8,179,,HARD,0.0,yellow
2025-05-25 14:25:24.861000,lap,22,62,78.43,False,3.51700000000001,,,,,,,1378,TSU,Red Bull Racing,4781D7,,,,,,,,0.523,22.7,43.0,50.0,1016.4,0,0.8,179,,HARD,0.0,yellow
2025-05-25 14:25:25.381000,lap,18,62,78.282,False,3.405000000000001,,,,,,,1379,STR,Aston Martin,229971,,,,,,,,0.498,22.7,43.0,50.0,1016.4,0,0.8,179,,HARD,1.0,yellow
2025-05-25 14:25:25.919000,lap,87,62,78.364,False,3.5090000000000003,,,,,,,1380,BEA,Haas F1 Team,9C9FA2,,,,,,,,0.603,22.7,43.0,50.0,1016.4,0,0.8,179,,MEDIUM,0.0,yellow
2025-05-25 14:25:26.785000,lap,43,62,78.214,False,2.915999999999997,,,,,,,1381,COL,Alpine,00A1E8,,,,,,,,0.85,22.7,43.0,50.0,1016.4,0,0.8,179,,MEDIUM,0.0,yellow
2025-05-25 14:25:27.393000,lap,5,62,78.266,False,3.382000000000005,,,,,,,1382,BOR,Kick Sauber,01C00E,,,,,,,,0.526,22.7,43.0,50.0,1016.4,0,0.8,179,,MEDIUM,0.0,yellow
2025-05-25 14:25:27.889000,lap,27,62,81.565,False,6.341999999999999,,,,,,,1383,HUL,Kick Sauber,01C00E,,,,,,,,0.566,22.7,43.0,50.0,1016.4,0,0.8,179,,SOFT,0.0,yellow
2025-05-25 14:25:29.322000,lap,6,63,78.071,False,2.0900000000000034,,,,,,,1384,HAD,Racing Bulls,6C98FF,,,,,,,,66.158,22.7,43.0,50.0,1016.4,0,0.8,179,,HARD,1.0,yellow
2025-05-25 14:25:30.384000,lap,31,63,78.295,False,3.1380000000000052,,,,,,,1385,OCO,Haas F1 Team,9C9FA2,,,,,,,,1.159,22.7,43.0,50.0,1016.4,0,0.8,179,,HARD,0.0,yellow
2025-05-25 14:25:33.947000,lap,30,63,77.611,False,2.2900000000000063,,,,,,,1386,LAW,Racing Bulls,6C98FF,,,,,,,,3.595,22.7,43.0,50.0,1016.4,0,0.8,179,,HARD,1.0,yellow
2025-05-25 14:25:37.275000,lap,44,64,76.306,False,2.215999999999994,,,,,,,1387,HAM,Ferrari,ED1131,268.0,100.0,0.0,10760.0,6.0,0.0,51.128,44.669,22.7,43.0,50.0,1016.4,0,0.8,179,,MEDIUM,0.0,yellow
2025-05-25 14:25:43.000000,race_control,27.0,64,,,,WAVED BLUE FLAG FOR CAR 27 (HUL) TIMED AT 16:25:42,BLUE,Flag,Driver,,,1388,,,,,,,,,,,,22.7,43.0,50.0,1016.4,0,0.8,179,,,,yellow
2025-05-25 14:25:49.000000,race_control,27.0,64,,,,WAVED BLUE FLAG FOR CAR 27 (HUL) TIMED AT 16:25:48,BLUE,Flag,Driver,,,1389,,,,,,,,,,,,22.7,43.0,50.0,1016.4,0,0.8,179,,,,yellow
2025-05-25 14:25:56.000000,race_control,27.0,64,,,,WAVED BLUE FLAG FOR CAR 27 (HUL) TIMED AT 16:25:56,BLUE,Flag,Driver,,,1390,,,,,,,,,,,,22.8,42.8,49.0,1016.4,0,1.0,65,,,,yellow
2025-05-25 14:26:01.442000,lap,1,65,75.122,False,0.8919999999999959,,,,,,,1391,VER,Red Bull Racing,4781D7,,,,,,,0.0,0.0,22.8,42.8,49.0,1016.4,0,1.0,65,,MEDIUM,0.0,yellow
2025-05-25 14:26:03.654000,lap,4,65,75.478,False,2.256999999999991,,,,,,,1392,NOR,McLaren,F47600,,,,,,,2.224,2.224,22.8,42.8,49.0,1016.4,0,1.0,65,,HARD,0.0,yellow
2025-05-25 14:26:04.442000,lap,16,65,75.395,False,1.3399999999999892,,,,,,,1393,LEC,Ferrari,ED1131,275.0,100.0,0.0,11137.0,7.0,12.0,3.012,0.788,22.8,42.8,49.0,1016.4,0,1.0,65,,MEDIUM,0.0,yellow
2025-05-25 14:26:07.927000,lap,81,65,74.661,False,0.9159999999999968,,,,,,,1394,PIA,McLaren,F47600,,,,,,,6.423,3.411,22.8,42.8,49.0,1016.4,0,1.0,65,,HARD,0.0,yellow
2025-05-25 14:26:15.316000,lap,55,63,77.864,False,3.8760000000000048,,,,,,,1395,SAI,Williams,1868DB,,,,,,,,41.329,22.8,42.8,49.0,1016.4,0,1.0,65,,MEDIUM,8.0,yellow
2025-05-25 14:26:20.617000,lap,23,63,75.082,False,0.48499999999999943,,,,,,,1396,ALB,Williams,1868DB,,,,,,,,5.317,22.8,42.8,49.0,1016.4,0,1.0,65,10.0,HARD,0.0,yellow
2025-05-25 14:26:37.448000,lap,63,63,77.761,True,4.3559999999999945,,,,,,,1397,RUS,Mercedes,00D7B6,,,,,,,,18.768,22.8,42.8,49.0,1016.4,0,1.0,65,,MEDIUM,53.0,yellow
2025-05-25 14:26:38.027000,pit_in,63,62,,,,,,,,,25.0,1398,RUS,Mercedes,00D7B6,,,,,,,,18.768,22.8,42.8,49.0,1016.4,0,1.0,65,,MEDIUM,53.0,yellow
2025-05-25 14:26:42.792000,lap,12,63,78.884,False,5.366,,,,,,,1399,ANT,Mercedes,00D7B6,,,,,,,,5.399,22.8,42.8,49.0,1016.4,0,1.0,65,,HARD,0.0,yellow
2025-05-25 14:26:43.230000,lap,22,63,78.923,False,4.010000000000005,,,,,,,1400,TSU,Red Bull Racing,4781D7,,,,,,,,0.505,22.8,42.8,49.0,1016.4,0,1.0,65,,HARD,0.0,yellow
2025-05-25 14:26:43.652000,lap,18,63,78.974,False,4.097000000000008,,,,,,,1401,STR,Aston Martin,229971,,,,,,,,0.35,22.8,42.8,49.0,1016.4,0,1.0,65,,HARD,1.0,yellow
2025-05-25 14:26:44.277000,lap,87,63,78.836,False,3.9809999999999945,,,,,,,1402,BEA,Haas F1 Team,9C9FA2,,,,,,,,0.685,22.8,42.8,49.0,1016.4,0,1.0,65,,MEDIUM,0.0,yellow
2025-05-25 14:26:44.964000,lap,43,63,78.877,False,3.5789999999999935,,,,,,,1403,COL,Alpine,00A1E8,,,,,,,,0.7,22.8,42.8,49.0,1016.4,0,1.0,65,,MEDIUM,0.0,yellow
2025-05-25 14:26:45.542000,lap,5,63,78.906,False,4.022000000000006,,,,,,,1404,BOR,Kick Sauber,01C00E,,,,,,,,0.578,22.8,42.8,49.0,1016.4,0,1.0,65,,MEDIUM,0.0,yellow
2025-05-25 14:26:47.308000,lap,6,64,78.299,False,2.318000000000012,,,,,,,1405,HAD,Racing Bulls,6C98FF,,,,,,,,70.036,22.8,42.8,49.0,1016.4,0,1.0,65,,HARD,1.0,yellow
2025-05-25 14:26:48.745000,lap,31,64,77.903,False,2.7460000000000093,,,,,,,1406,OCO,Haas F1 Team,9C9FA2,,,,,,,,1.383,22.8,42.8,49.0,1016.4,0,1.0,65,,HARD,0.0,yellow
2025-05-25 14:26:49.370000,lap,27,63,79.206,False,3.983000000000004,,,,,,,1407,HUL,Kick Sauber,01C00E,,,,,,,,3.865,22.8,42.8,49.0,1016.4,0,1.0,65,,SOFT,0.0,yellow
2025-05-25 14:26:51.640000,lap,30,64,77.155,False,1.8340000000000032,,,,,,,1408,LAW,Racing Bulls,6C98FF,,,,,,,,2.911,22.8,42.8,48.0,1016.5,0,1.0,197,,HARD,1.0,yellow
2025-05-25 14:26:53.689000,lap,44,65,76.238,False,2.147999999999996,,,,,,,1409,HAM,Ferrari,ED1131,270.0,100.0,0.0,10870.0,7.0,0.0,52.194,45.771,22.8,42.8,48.0,1016.5,0,1.0,197,,MEDIUM,0.0,yellow
2025-05-25 14:27:03.027000,pit_out,63,62,,,,,,,,,25.0,1410,RUS,Mercedes,00D7B6,,,,,,,,19.587,22.8,42.8,48.0,1016.5,0,1.0,197,,MEDIUM,53.0,yellow
2025-05-25 14:27:16.614000,lap,1,66,75.214,False,0.9839999999999947,,,,,,,1411,VER,Red Bull Racing,4781D7,,,,,,,0.0,0.0,22.8,42.8,48.0,1016.5,0,1.0,197,,MEDIUM,0.0,yellow
2025-05-25 14:27:19.161000,lap,4,66,74.968,False,1.7469999999999999,,,,,,,1412,NOR,McLaren,F47600,,,,,,,2.58,2.58,22.8,42.8,48.0,1016.5,0,1.0,197,,HARD,0.0,yellow
2025-05-25 14:27:19.801000,lap,16,66,74.915,False,0.8599999999999994,,,,,,,1413,LEC,Ferrari,ED1131,278.0,100.0,0.0,11153.0,7.0,12.0,3.285,0.705,22.8,42.8,48.0,1016.5,0,1.0,197,,MEDIUM,0.0,yellow
2025-05-25 14:27:22.458000,lap,81,66,75.106,False,1.36099999999999,,,,,,,1414,PIA,McLaren,F47600,,,,,,,5.962,2.677,22.8,42.8,48.0,1016.5,0,1.0,197,,HARD,0.0,yellow
2025-05-25 14:27:33.239000,lap,55,64,80.206,False,6.2180000000000035,,,,,,,1415,SAI,Williams,1868DB,,,,,,,,41.582,22.8,42.8,48.0,1016.5,0,1.0,197,,MEDIUM,8.0,yellow
2025-05-25 14:27:35.786000,lap,23,64,76.228,False,1.6310000000000002,,,,,,,1416,ALB,Williams,1868DB,,,,,,,,2.535,22.8,42.8,48.0,1016.5,0,1.0,197,,HARD,0.0,yellow
2025-05-25 14:27:50.000000,race_control,27.0,66,,,,WAVED BLUE FLAG FOR CAR 27 (HUL) TIMED AT 16:27:50,BLUE,Flag,Driver,,,1417,,,,,,,,,,,,22.7,43.1,48.0,1016.4,0,1.0,0,,,,yellow
2025-05-25 14:27:55.170000,lap,63,64,73.864,False,0.4590000000000032,,,,,,,1418,RUS,Mercedes,00D7B6,,,,,,,,19.36,22.7,43.1,48.0,1016.4,0,1.0,0,,MEDIUM,53.0,yellow
2025-05-25 14:28:00.000000,race_control,27.0,66,,,,WAVED BLUE FLAG FOR CAR 27 (HUL) TIMED AT 16:28:00,BLUE,Flag,Driver,,,1419,,,,,,,,,,,,22.7,43.1,48.0,1016.4,0,1.0,0,,,,yellow
2025-05-25 14:28:01.638000,lap,12,64,78.457,False,4.938999999999993,,,,,,,1420,ANT,Mercedes,00D7B6,,,,,,,,6.522,22.7,43.1,48.0,1016.4,0,1.0,0,,HARD,0.0,yellow
2025-05-25 14:28:02.000000,race_control,5.0,66,,,,WAVED BLUE FLAG FOR CAR 5 (BOR) TIMED AT 16:28:01,BLUE,Flag,Driver,,,1421,,,,,,,,,,,,22.7,43.1,48.0,1016.4,0,1.0,0,,,,yellow
2025-05-25 14:28:02.201000,lap,22,64,78.512,False,3.5990000000000038,,,,,,,1422,TSU,Red Bull Racing,4781D7,,,,,,,,0.544,22.7,43.1,48.0,1016.4,0,1.0,0,,HARD,0.0,yellow
2025-05-25 14:28:02.560000,lap,18,64,97.177,False,22.30000000000001,,,,,,,1423,STR,Aston Martin,229971,,,,,,,,0.401,22.7,43.1,48.0,1016.4,0,1.0,0,,MEDIUM,1.0,yellow
2025-05-25 14:28:03.138000,lap,87,64,78.404,False,3.5489999999999924,,,,,,,1424,BEA,Haas F1 Team,9C9FA2,,,,,,,,0.547,22.7,43.1,48.0,1016.4,0,1.0,0,,MEDIUM,0.0,yellow
2025-05-25 14:28:03.920000,lap,43,64,78.379,False,3.081000000000003,,,,,,,1425,COL,Alpine,00A1E8,,,,,,,,0.741,22.7,43.1,48.0,1016.4,0,1.0,0,,MEDIUM,0.0,yellow
2025-05-25 14:28:04.529000,lap,5,64,82.158,False,7.274000000000001,,,,,,,1426,BOR,Kick Sauber,01C00E,,,,,,,,0.607,22.7,43.1,48.0,1016.4,0,1.0,0,,MEDIUM,0.0,yellow
2025-05-25 14:28:05.685000,lap,6,65,78.125,False,2.1440000000000055,,,,,,,1427,HAD,Racing Bulls,6C98FF,,,,,,,,72.029,22.7,43.1,48.0,1016.4,0,1.0,0,,HARD,1.0,yellow
2025-05-25 14:28:06.654000,lap,31,65,78.271,False,3.1140000000000043,,,,,,,1428,OCO,Haas F1 Team,9C9FA2,,,,,,,,0.987,22.7,43.1,48.0,1016.4,0,1.0,0,,HARD,0.0,yellow
2025-05-25 14:28:08.560000,lap,27,64,80.147,False,4.924000000000007,,,,,,,1429,HUL,Kick Sauber,01C00E,,,,,,,,4.165,22.7,43.1,48.0,1016.4,0,1.0,0,,SOFT,0.0,yellow
2025-05-25 14:28:08.826000,lap,30,65,79.159,False,3.838000000000008,,,,,,,1430,LAW,Racing Bulls,6C98FF,,,,,,,,2.163,22.7,43.1,48.0,1016.4,0,1.0,0,,HARD,1.0,yellow
2025-05-25 14:28:09.000000,race_control,30.0,66,,,,WAVED BLUE FLAG FOR CAR 30 (LAW) TIMED AT 16:28:09,BLUE,Flag,Driver,,,1431,,,,,,,,,,,,22.7,43.1,48.0,1016.4,0,1.0,0,,,,yellow
2025-05-25 14:28:09.842000,lap,44,66,76.659,False,2.5690000000000026,,,,,,,1432,HAM,Ferrari,ED1131,269.0,100.0,0.0,10835.0,7.0,0.0,53.31,47.348,22.7,43.1,48.0,1016.4,0,1.0,0,,MEDIUM,0.0,yellow
2025-05-25 14:28:15.000000,race_control,27.0,66,,,,WAVED BLUE FLAG FOR CAR 27 (HUL) TIMED AT 16:28:14,BLUE,Flag,Driver,,,1433,,,,,,,,,,,,22.7,43.1,48.0,1016.4,0,1.0,0,,,,yellow
2025-05-25 14:28:21.000000,race_control,30.0,66,,,,WAVED BLUE FLAG FOR CAR 30 (LAW) TIMED AT 16:28:20,BLUE,Flag,Driver,,,1434,,,,,,,,,,,,22.7,43.1,48.0,1016.4,0,1.0,0,,,,yellow
2025-05-25 14:28:31.704000,lap,1,67,75.551,False,1.320999999999998,,,,,,,1435,VER,Red Bull Racing,4781D7,,,,,,,0.0,0.0,22.7,43.1,48.0,1016.4,0,1.0,0,,MEDIUM,0.0,yellow
2025-05-25 14:28:34.139000,lap,4,67,75.007,False,1.7860000000000014,,,,,,,1436,NOR,McLaren,F47600,,,,,,,2.334,2.334,22.7,43.1,48.0,1016.4,0,1.0,0,,HARD,0.0,yellow
2025-05-25 14:28:34.855000,lap,16,67,74.925,False,0.8699999999999903,,,,,,,1437,LEC,Ferrari,ED1131,275.0,100.0,0.0,11020.0,7.0,10.0,2.986,0.652,22.7,43.1,48.0,1016.4,0,1.0,0,,MEDIUM,0.0,yellow
2025-05-25 14:28:37.761000,lap,81,67,75.014,False,1.2689999999999912,,,,,,,1438,PIA,McLaren,F47600,,,,,,,5.854,2.868,22.7,43.1,48.0,1016.4,0,1.0,0,,HARD,0.0,yellow
2025-05-25 14:28:40.000000,race_control,30.0,67,,,,WAVED BLUE FLAG FOR CAR 30 (LAW) TIMED AT 16:28:39,BLUE,Flag,Driver,,,1439,,,,,,,,,,,,22.7,43.1,48.0,1016.4,0,1.0,0,,,,yellow
2025-05-25 14:28:51.912000,lap,23,65,75.156,False,0.5590000000000117,,,,,,,1440,ALB,Williams,1868DB,,,,,,,,43.19,22.6,42.7,48.0,1016.4,0,0.8,314,,HARD,0.0,yellow
2025-05-25 14:28:53.458000,lap,55,65,76.154,False,2.165999999999997,,,,,,,1441,SAI,Williams,1868DB,,,,,,,,1.443,22.6,42.7,48.0,1016.4,0,0.8,314,,MEDIUM,8.0,yellow
2025-05-25 14:29:09.040000,lap,63,65,74.28,False,0.875,,,,,,,1442,RUS,Mercedes,00D7B6,,,,,,,,15.553,22.6,42.7,48.0,1016.4,0,0.8,314,,MEDIUM,53.0,yellow
2025-05-25 14:29:13.000000,race_control,5.0,67,,,,WAVED BLUE FLAG FOR CAR 5 (BOR) TIMED AT 16:29:13,BLUE,Flag,Driver,,,1443,,,,,,,,,,,,22.6,42.7,48.0,1016.4,0,0.8,314,,,,yellow
2025-05-25 14:29:20.062000,lap,12,65,77.696,False,4.177999999999997,,,,,,,1444,ANT,Mercedes,00D7B6,,,,,,,,11.115,22.6,42.7,48.0,1016.4,0,0.8,314,,HARD,0.0,yellow
2025-05-25 14:29:20.734000,lap,22,65,77.611,False,2.6980000000000075,,,,,,,1445,TSU,Red Bull Racing,4781D7,,,,,,,,0.599,22.6,42.7,48.0,1016.4,0,0.8,314,,HARD,0.0,yellow
2025-05-25 14:29:21.484000,lap,87,65,77.177,False,2.3220000000000027,,,,,,,1446,BEA,Haas F1 Team,9C9FA2,,,,,,,,0.84,22.6,42.7,48.0,1016.4,0,0.8,314,14.0,MEDIUM,0.0,yellow
2025-05-25 14:29:22.281000,lap,43,65,77.338,False,2.039999999999992,,,,,,,1447,COL,Alpine,00A1E8,,,,,,,,0.716,22.6,42.7,48.0,1016.4,0,0.8,314,15.0,MEDIUM,0.0,yellow
2025-05-25 14:29:23.750000,lap,6,66,77.52,False,1.5390000000000015,,,,,,,1448,HAD,Racing Bulls,6C98FF,,,,,,,,73.916,22.6,42.7,48.0,1016.4,0,0.8,314,,HARD,1.0,yellow
2025-05-25 14:29:24.937000,lap,31,66,78.81,False,3.653000000000006,,,,,,,1449,OCO,Haas F1 Team,9C9FA2,,,,,,,,1.133,22.6,42.7,48.0,1016.4,0,0.8,314,,HARD,0.0,yellow
2025-05-25 14:29:26.484000,lap,44,67,76.016,False,1.926000000000002,,,,,,,1450,HAM,Ferrari,ED1131,265.0,100.0,0.0,10590.0,7.0,0.0,54.755,48.901,22.6,42.7,48.0,1016.4,0,0.8,314,,MEDIUM,0.0,yellow
2025-05-25 14:29:26.734000,lap,5,65,78.96,False,4.075999999999993,,,,,,,1451,BOR,Kick Sauber,01C00E,,,,,,,,4.386,22.6,42.7,48.0,1016.4,0,0.8,314,16.0,MEDIUM,0.0,yellow
2025-05-25 14:29:27.906000,lap,30,66,76.955,False,1.6340000000000003,,,,,,,1452,LAW,Racing Bulls,6C98FF,,,,,,,,3.051,22.6,42.7,48.0,1016.4,0,0.8,314,,HARD,1.0,yellow
2025-05-25 14:29:28.703000,lap,27,65,77.571,False,2.347999999999999,,,,,,,1453,HUL,Kick Sauber,01C00E,,,,,,,,2.154,22.6,42.7,48.0,1016.4,0,0.8,314,17.0,SOFT,0.0,yellow
2025-05-25 14:29:33.000000,race_control,5.0,67,,,,WAVED BLUE FLAG FOR CAR 5 (BOR) TIMED AT 16:29:32,BLUE,Flag,Driver,,,1454,,,,,,,,,,,,22.6,42.7,48.0,1016.4,0,0.8,314,,,,yellow
2025-05-25 14:29:35.000000,race_control,nan,67,,,,CAR 27 (HUL) TIME 1:20.147 DELETED - TRACK LIMITS AT TURN 10 LAP 64 16:28:59,,Other,,,,1455,,,,,,,,,,,,22.6,42.7,48.0,1016.4,0,0.8,314,,,,yellow
2025-05-25 14:29:39.765000,lap,18,65,77.944,True,3.0670000000000073,,,,,,,1456,STR,Aston Martin,229971,,,,,,,,13.1,22.6,42.7,48.0,1016.4,0,0.8,314,,MEDIUM,1.0,yellow
2025-05-25 14:29:40.406000,pit_in,18,64,,,,,,,,,25.9,1457,STR,Aston Martin,229971,,,,,,,,13.1,22.6,42.7,48.0,1016.4,0,0.8,314,,MEDIUM,1.0,yellow
2025-05-25 14:29:47.523000,lap,1,68,76.273,False,2.042999999999992,,,,,,,1458,VER,Red Bull Racing,4781D7,,,,,,,0.0,0.0,22.6,42.7,48.0,1016.4,0,0.8,314,,MEDIUM,0.0,yellow
2025-05-25 14:29:49.289000,lap,4,68,75.615,False,2.3939999999999912,,,,,,,1459,NOR,McLaren,F47600,,,,,,,1.79,1.79,22.6,42.7,48.0,1016.4,0,0.8,314,,HARD,0.0,yellow
2025-05-25 14:29:49.648000,lap,16,68,75.636,False,1.5809999999999889,,,,,,,1460,LEC,Ferrari,ED1131,274.0,100.0,0.0,10997.0,7.0,12.0,2.36,0.57,22.6,42.7,48.0,1016.4,0,0.8,314,,MEDIUM,0.0,yellow
2025-05-25 14:29:52.657000,lap,81,68,75.26,False,1.5150000000000006,,,,,,,1461,PIA,McLaren,F47600,,,,,,,5.317,2.957,22.5,42.7,49.0,1016.3,0,0.9,0,,HARD,0.0,yellow
2025-05-25 14:29:56.000000,race_control,31.0,68,,,,WAVED BLUE FLAG FOR CAR 31 (OCO) TIMED AT 16:29:56,BLUE,Flag,Driver,,,1462,,,,,,,,,,,,22.5,42.7,49.0,1016.3,0,0.9,0,,,,yellow
2025-05-25 14:30:06.306000,pit_out,18,64,,,,,,,,,25.9,1463,STR,Aston Martin,229971,,,,,,,,12.906,22.5,42.7,49.0,1016.3,0,0.9,0,,MEDIUM,1.0,yellow
2025-05-25 14:30:07.153000,lap,23,66,74.87,False,0.27300000000001035,,,,,,,1464,ALB,Williams,1868DB,,,,,,,,39.187,22.5,42.7,49.0,1016.3,0,0.9,0,,HARD,0.0,yellow
2025-05-25 14:30:09.731000,lap,55,66,74.264,False,0.27599999999999625,,,,,,,1465,SAI,Williams,1868DB,,,,,,,,2.441,22.5,42.7,49.0,1016.3,0,0.9,0,,MEDIUM,8.0,yellow
2025-05-25 14:30:23.293000,lap,63,66,73.918,False,0.5130000000000052,,,,,,,1466,RUS,Mercedes,00D7B6,,,,,,,,13.679,22.5,42.7,49.0,1016.3,0,0.9,0,,MEDIUM,53.0,yellow
2025-05-25 14:30:34.000000,race_control,6.0,68,,,,WAVED BLUE FLAG FOR CAR 6 (HAD) TIMED AT 16:30:34,BLUE,Flag,Driver,,,1467,,,,,,,,,,,,22.5,42.7,49.0,1016.3,0,0.9,0,,,,yellow
2025-05-25 14:30:37.703000,lap,12,66,77.398,False,3.8799999999999955,,,,,,,1468,ANT,Mercedes,00D7B6,,,,,,,,14.531,22.5,42.7,49.0,1016.3,0,0.9,0,,HARD,0.0,yellow
2025-05-25 14:30:38.359000,lap,22,66,77.61,False,2.6970000000000027,,,,,,,1469,TSU,Red Bull Racing,4781D7,,,,,,,,0.514,22.5,42.7,49.0,1016.3,0,0.9,0,,HARD,0.0,yellow
2025-05-25 14:30:38.749000,lap,87,66,77.748,False,2.8930000000000007,,,,,,,1470,BEA,Haas F1 Team,9C9FA2,,,,,,,,0.406,22.5,42.7,49.0,1016.3,0,0.9,0,,MEDIUM,0.0,yellow
2025-05-25 14:30:39.546000,lap,43,66,77.517,False,2.218999999999994,,,,,,,1471,COL,Alpine,00A1E8,,,,,,,,0.877,22.5,42.7,49.0,1016.3,0,0.9,0,,MEDIUM,0.0,yellow
2025-05-25 14:30:41.343000,lap,6,67,79.017,False,3.0360000000000014,,,,,,,1472,HAD,Racing Bulls,6C98FF,,,,,,,,74.777,22.5,42.7,49.0,1016.3,0,0.9,0,,HARD,1.0,yellow
2025-05-25 14:30:42.531000,lap,44,68,75.861,False,1.7710000000000008,,,,,,,1473,HAM,Ferrari,ED1131,269.0,100.0,0.0,10843.0,7.0,0.0,55.22,49.903,22.5,42.7,49.0,1016.3,0,0.9,0,,MEDIUM,0.0,yellow
2025-05-25 14:30:43.718000,lap,31,67,77.401,False,2.2439999999999998,,,,,,,1474,OCO,Haas F1 Team,9C9FA2,,,,,,,,2.423,22.5,42.7,49.0,1016.3,0,0.9,0,,HARD,0.0,yellow
2025-05-25 14:30:45.041000,lap,30,67,77.409,False,2.088000000000008,,,,,,,1475,LAW,Racing Bulls,6C98FF,,,,,,,,1.196,22.5,42.7,49.0,1016.3,0,0.9,0,,HARD,1.0,yellow
2025-05-25 14:30:45.525000,lap,5,66,77.324,False,2.4399999999999977,,,,,,,1476,BOR,Kick Sauber,01C00E,,,,,,,,6.008,22.5,42.7,49.0,1016.3,0,0.9,0,,MEDIUM,0.0,yellow
2025-05-25 14:30:46.322000,lap,27,66,76.934,False,1.7109999999999985,,,,,,,1477,HUL,Kick Sauber,01C00E,,,,,,,,0.765,22.5,42.7,49.0,1016.3,0,0.9,0,,SOFT,0.0,yellow
2025-05-25 14:30:47.000000,race_control,6.0,68,,,,WAVED BLUE FLAG FOR CAR 6 (HAD) TIMED AT 16:30:47,BLUE,Flag,Driver,,,1478,,,,,,,,,,,,22.5,42.7,49.0,1016.3,0,0.9,0,,,,yellow
2025-05-25 14:30:57.767000,lap,18,66,74.886,False,0.009000000000000341,,,,,,,1479,STR,Aston Martin,229971,,,,,,,,11.343,22.5,41.7,50.0,1016.5,0,0.4,195,,MEDIUM,1.0,yellow
2025-05-25 14:31:03.631000,lap,1,69,76.063,False,1.8329999999999984,,,,,,,1480,VER,Red Bull Racing,4781D7,,,,,,,0.0,0.0,22.5,41.7,50.0,1016.5,0,0.4,195,,MEDIUM,0.0,yellow
2025-05-25 14:31:04.725000,lap,4,69,75.984,False,2.762999999999991,,,,,,,1481,NOR,McLaren,F47600,,,,,,,1.132,1.132,22.5,41.7,50.0,1016.5,0,0.4,195,,HARD,0.0,yellow
2025-05-25 14:31:05.318000,lap,16,69,76.104,False,2.0489999999999924,,,,,,,1482,LEC,Ferrari,ED1131,280.0,100.0,0.0,11239.0,7.0,12.0,1.723,0.591,22.5,41.7,50.0,1016.5,0,0.4,195,,MEDIUM,0.0,yellow
2025-05-25 14:31:07.990000,lap,81,69,75.638,False,1.8930000000000007,,,,,,,1483,PIA,McLaren,F47600,,,,,,,4.304,2.581,22.5,41.7,50.0,1016.5,0,0.4,195,,HARD,0.0,yellow
2025-05-25 14:31:22.162000,lap,23,67,74.928,False,0.33100000000000307,,,,,,,1484,ALB,Williams,1868DB,,,,,,,,37.102,22.5,41.7,50.0,1016.5,0,0.4,195,,HARD,0.0,yellow
2025-05-25 14:31:23.850000,lap,55,67,77.001,False,3.0130000000000052,,,,,,,1485,SAI,Williams,1868DB,,,,,,,,1.835,22.5,41.7,50.0,1016.5,0,0.4,195,,MEDIUM,8.0,yellow
2025-05-25 14:31:37.240000,lap,63,67,73.483,False,0.07800000000000296,,,,,,,1486,RUS,Mercedes,00D7B6,,,,,,,,13.333,22.5,41.7,50.0,1016.5,0,0.4,195,,MEDIUM,53.0,yellow
2025-05-25 14:31:55.123000,lap,12,67,75.551,False,2.0330000000000013,,,,,,,1487,ANT,Mercedes,00D7B6,,,,,,,,18.011,22.4,41.3,51.0,1016.3,0,1.5,0,,HARD,0.0,yellow
2025-05-25 14:31:55.905000,lap,22,67,75.969,False,1.0559999999999974,,,,,,,1488,TSU,Red Bull Racing,4781D7,,,,,,,,0.726,22.4,41.3,51.0,1016.3,0,1.5,0,,HARD,0.0,yellow
2025-05-25 14:31:56.620000,lap,87,67,76.362,False,1.5069999999999908,,,,,,,1489,BEA,Haas F1 Team,9C9FA2,,,,,,,,0.544,22.4,41.3,51.0,1016.3,0,1.5,0,,MEDIUM,0.0,yellow
2025-05-25 14:31:57.172000,lap,43,67,78.018,False,2.719999999999999,,,,,,,1490,COL,Alpine,00A1E8,,,,,,,,0.646,22.4,41.3,51.0,1016.3,0,1.5,0,,MEDIUM,0.0,yellow
2025-05-25 14:31:58.405000,lap,44,69,75.585,False,1.4949999999999903,,,,,,,1491,HAM,Ferrari,ED1131,271.0,100.0,0.0,10904.0,7.0,0.0,54.808,50.504,22.4,41.3,51.0,1016.3,0,1.5,0,,MEDIUM,0.0,yellow
2025-05-25 14:32:00.324000,lap,6,68,77.28,False,1.2990000000000066,,,,,,,1492,HAD,Racing Bulls,6C98FF,,,,,,,,,22.4,41.3,51.0,1016.3,0,1.5,0,,HARD,1.0,yellow
2025-05-25 14:32:01.182000,lap,31,68,77.467,False,2.3100000000000023,,,,,,,1493,OCO,Haas F1 Team,9C9FA2,,,,,,,,0.807,22.4,41.3,51.0,1016.3,0,1.5,0,,HARD,0.0,yellow
2025-05-25 14:32:02.343000,lap,30,68,77.363,False,2.0420000000000016,,,,,,,1494,LAW,Racing Bulls,6C98FF,,,,,,,,1.204,22.4,41.3,51.0,1016.3,0,1.5,0,,HARD,1.0,yellow
2025-05-25 14:32:03.042000,lap,5,67,77.412,False,2.528000000000006,,,,,,,1495,BOR,Kick Sauber,01C00E,,,,,,,,5.815,22.4,41.3,51.0,1016.3,0,1.5,0,,MEDIUM,0.0,yellow
2025-05-25 14:32:03.363000,lap,27,67,77.445,False,2.221999999999994,,,,,,,1496,HUL,Kick Sauber,01C00E,,,,,,,,0.375,22.4,41.3,51.0,1016.3,0,1.5,0,,SOFT,0.0,yellow
2025-05-25 14:32:12.625000,lap,18,67,74.877,False,0.0,,,,,,,1497,STR,Aston Martin,229971,,,,,,,,9.295,22.4,41.3,51.0,1016.3,0,1.5,0,,MEDIUM,1.0,yellow
2025-05-25 14:32:16.000000,race_control,43.0,69,,,,WAVED BLUE FLAG FOR CAR 43 (COL) TIMED AT 16:32:15,BLUE,Flag,Driver,,,1498,,,,,,,,,,,,22.4,41.3,51.0,1016.3,0,1.5,0,,,,yellow
2025-05-25 14:32:19.687000,lap,1,70,75.812,False,1.5819999999999936,,,,,,,1499,VER,Red Bull Racing,4781D7,,,,,,,0.0,0.0,22.4,41.3,51.0,1016.3,0,1.5,0,,MEDIUM,0.0,yellow
2025-05-25 14:32:20.718000,lap,4,70,76.238,False,3.016999999999996,,,,,,,1500,NOR,McLaren,F47600,,,,,,,1.053,1.053,22.4,41.3,51.0,1016.3,0,1.5,0,,HARD,0.0,yellow
2025-05-25 14:32:21.343000,lap,16,70,76.05,False,1.9949999999999903,,,,,,,1501,LEC,Ferrari,ED1131,278.0,100.0,0.0,11201.0,7.0,12.0,1.764,0.711,22.4,41.3,51.0,1016.3,0,1.5,0,,MEDIUM,0.0,yellow
2025-05-25 14:32:23.640000,lap,81,70,75.899,False,2.1539999999999964,,,,,,,1502,PIA,McLaren,F47600,,,,,,,3.879,2.115,22.4,41.3,51.0,1016.3,0,1.5,0,,HARD,0.0,yellow
2025-05-25 14:32:24.000000,race_control,43.0,70,,,,WAVED BLUE FLAG FOR CAR 43 (COL) TIMED AT 16:32:23,BLUE,Flag,Driver,,,1503,,,,,,,,,,,,22.4,41.3,51.0,1016.3,0,1.5,0,,,,yellow
2025-05-25 14:32:37.015000,lap,23,68,74.885,False,0.2880000000000109,,,,,,,1504,ALB,Williams,1868DB,,,,,,,,34.621,22.4,41.3,51.0,1016.3,0,1.5,0,,HARD,0.0,yellow
2025-05-25 14:32:40.859000,lap,55,68,73.988,False,0.0,,,,,,,1505,SAI,Williams,1868DB,,,,,,,,3.908,22.4,41.3,51.0,1016.3,0,1.5,0,,MEDIUM,8.0,yellow
2025-05-25 14:32:50.672000,lap,63,68,91.077,False,17.671999999999997,,,,,,,1506,RUS,Mercedes,00D7B6,,,,,,,,9.815,22.4,41.8,51.0,1016.4,0,0.4,0,,HARD,0.0,yellow
2025-05-25 14:33:10.776000,lap,12,68,75.019,False,1.5010000000000048,,,,,,,1507,ANT,Mercedes,00D7B6,,,,,,,,20.079,22.4,41.8,51.0,1016.4,0,0.4,0,,HARD,0.0,yellow
2025-05-25 14:33:11.922000,lap,22,68,75.966,False,1.0529999999999973,,,,,,,1508,TSU,Red Bull Racing,4781D7,,,,,,,,1.144,22.4,41.8,51.0,1016.4,0,0.4,0,,HARD,0.0,yellow
2025-05-25 14:33:12.841000,lap,87,68,77.602,False,2.747,,,,,,,1509,BEA,Haas F1 Team,9C9FA2,,,,,,,,0.937,22.4,41.8,51.0,1016.4,0,0.4,0,,MEDIUM,0.0,yellow
2025-05-25 14:33:13.000000,race_control,87.0,70,,,,WAVED BLUE FLAG FOR CAR 87 (BEA) TIMED AT 16:33:13,BLUE,Flag,Driver,,,1510,,,,,,,,,,,,22.4,41.8,51.0,1016.4,0,0.4,0,,,,yellow
2025-05-25 14:33:13.958000,lap,44,70,75.257,False,1.1670000000000016,,,,,,,1511,HAM,Ferrari,ED1131,269.0,100.0,0.0,10796.0,7.0,0.0,54.33,50.451,22.4,41.8,51.0,1016.4,0,0.4,0,,MEDIUM,0.0,yellow
2025-05-25 14:33:15.055000,lap,43,68,77.1,False,1.8019999999999925,,,,,,,1512,COL,Alpine,00A1E8,,,,,,,,2.302,22.4,41.8,51.0,1016.4,0,0.4,0,,MEDIUM,0.0,yellow
2025-05-25 14:33:17.539000,lap,6,69,76.917,False,0.936000000000007,,,,,,,1513,HAD,Racing Bulls,6C98FF,,,,,,,,,22.4,41.8,51.0,1016.4,0,0.4,0,,HARD,1.0,yellow
2025-05-25 14:33:18.601000,lap,31,69,76.985,False,1.828000000000003,,,,,,,1514,OCO,Haas F1 Team,9C9FA2,,,,,,,,0.994,22.4,41.8,51.0,1016.4,0,0.4,0,,HARD,0.0,yellow
2025-05-25 14:33:19.726000,lap,30,69,77.136,False,1.8149999999999977,,,,,,,1515,LAW,Racing Bulls,6C98FF,,,,,,,,1.1,22.4,41.8,51.0,1016.4,0,0.4,0,,HARD,1.0,yellow
2025-05-25 14:33:20.430000,lap,5,68,77.248,False,2.3640000000000043,,,,,,,1516,BOR,Kick Sauber,01C00E,,,,,,,,5.209,22.4,41.8,51.0,1016.4,0,0.4,0,,MEDIUM,0.0,yellow
2025-05-25 14:33:20.804000,lap,27,68,77.717,False,2.4939999999999998,,,,,,,1517,HUL,Kick Sauber,01C00E,,,,,,,,0.408,22.4,41.8,51.0,1016.4,0,0.4,0,,SOFT,0.0,yellow
2025-05-25 14:33:22.000000,race_control,87.0,70,,,,WAVED BLUE FLAG FOR CAR 87 (BEA) TIMED AT 16:33:21,BLUE,Flag,Driver,,,1518,,,,,,,,,,,,22.4,41.8,51.0,1016.4,0,0.4,0,,,,yellow
2025-05-25 14:33:27.476000,lap,18,68,75.326,False,0.44899999999999807,,,,,,,1519,STR,Aston Martin,229971,,,,,,,,6.727,22.4,41.8,51.0,1016.4,0,0.4,0,,MEDIUM,1.0,yellow
2025-05-25 14:33:31.000000,race_control,87.0,70,,,,WAVED BLUE FLAG FOR CAR 87 (BEA) TIMED AT 16:33:31,BLUE,Flag,Driver,,,1520,,,,,,,,,,,,22.4,41.8,51.0,1016.4,0,0.4,0,,,,yellow
2025-05-25 14:33:35.508000,lap,1,71,76.058,False,1.828000000000003,,,,,,,1521,VER,Red Bull Racing,4781D7,,,,,,,0.0,0.0,22.4,41.8,51.0,1016.4,0,0.4,0,,MEDIUM,0.0,yellow
2025-05-25 14:33:37.023000,lap,4,71,76.362,False,3.140999999999991,,,,,,,1522,NOR,McLaren,F47600,,,,,,,1.479,1.479,22.4,41.8,51.0,1016.4,0,0.4,0,,HARD,0.0,yellow
2025-05-25 14:33:37.461000,lap,16,71,76.31,False,2.2549999999999955,,,,,,,1523,LEC,Ferrari,ED1131,277.0,100.0,0.0,11149.0,7.0,12.0,2.002,0.523,22.4,41.8,51.0,1016.4,0,0.4,0,,MEDIUM,0.0,yellow
2025-05-25 14:33:39.492000,lap,81,71,75.595,False,1.8499999999999943,,,,,,,1524,PIA,McLaren,F47600,,,,,,,3.966,1.964,22.4,41.8,51.0,1016.4,0,0.4,0,,HARD,0.0,yellow
2025-05-25 14:33:51.883000,lap,23,69,76.79,False,2.193000000000012,,,,,,,1525,ALB,Williams,1868DB,,,,,,,,32.143,22.5,42.6,51.0,1016.2,0,0.8,0,,HARD,0.0,yellow
2025-05-25 14:33:54.914000,lap,55,69,76.776,False,2.7879999999999967,,,,,,,1526,SAI,Williams,1868DB,,,,,,,,3.011,22.5,42.6,51.0,1016.2,0,0.8,0,,MEDIUM,8.0,yellow
2025-05-25 14:34:21.789000,lap,63,69,78.119,True,4.713999999999999,,,,,,,1527,RUS,Mercedes,00D7B6,,,,,,,,29.273,22.5,42.6,51.0,1016.2,0,0.8,0,,HARD,0.0,yellow
2025-05-25 14:34:22.421000,pit_in,63,68,,,,,,,,,24.0,1528,RUS,Mercedes,00D7B6,,,,,,,,29.273,22.5,42.6,51.0,1016.2,0,0.8,0,,HARD,0.0,yellow
2025-05-25 14:34:25.864000,lap,12,69,94.121,False,20.602999999999994,,,,,,,1529,ANT,Mercedes,00D7B6,,,,,,,,4.021,22.5,42.6,51.0,1016.2,0,0.8,0,,MEDIUM,0.0,yellow
2025-05-25 14:34:27.880000,lap,22,69,78.332,False,3.418999999999997,,,,,,,1530,TSU,Red Bull Racing,4781D7,,,,,,,,2.091,22.5,42.6,51.0,1016.2,0,0.8,0,,HARD,0.0,yellow
2025-05-25 14:34:29.207000,lap,44,71,75.088,False,0.9979999999999905,,,,,,,1531,HAM,Ferrari,ED1131,269.0,100.0,0.0,10794.0,7.0,0.0,53.775,49.809,22.5,42.6,51.0,1016.2,0,0.8,0,,MEDIUM,0.0,yellow
2025-05-25 14:34:30.433000,lap,87,69,76.187,False,1.3319999999999936,,,,,,,1532,BEA,Haas F1 Team,9C9FA2,,,,,,,,2.573,22.5,42.6,51.0,1016.2,0,0.8,0,,MEDIUM,0.0,yellow
2025-05-25 14:34:32.346000,lap,43,69,76.703,False,1.4050000000000011,,,,,,,1533,COL,Alpine,00A1E8,,,,,,,,1.8,22.5,42.6,51.0,1016.2,0,0.8,0,,MEDIUM,0.0,yellow
2025-05-25 14:34:34.549000,lap,6,70,77.002,False,1.0210000000000008,,,,,,,1534,HAD,Racing Bulls,6C98FF,,,,,,,,,22.5,42.6,51.0,1016.2,0,0.8,0,,HARD,1.0,yellow
2025-05-25 14:34:35.581000,lap,31,70,77.069,False,1.9120000000000061,,,,,,,1535,OCO,Haas F1 Team,9C9FA2,,,,,,,,1.062,22.5,42.6,51.0,1016.2,0,0.8,0,,HARD,0.0,yellow
2025-05-25 14:34:36.877000,lap,30,70,76.905,False,1.5840000000000032,,,,,,,1536,LAW,Racing Bulls,6C98FF,,,,,,,,1.251,22.5,42.6,51.0,1016.2,0,0.8,0,,HARD,1.0,yellow
2025-05-25 14:34:37.643000,lap,5,69,76.985,False,2.100999999999999,,,,,,,1537,BOR,Kick Sauber,01C00E,,,,,,,,5.357,22.5,42.6,51.0,1016.2,0,0.8,0,,MEDIUM,0.0,yellow
2025-05-25 14:34:38.471000,lap,27,69,76.974,False,1.7510000000000048,,,,,,,1538,HUL,Kick Sauber,01C00E,,,,,,,,0.877,22.5,42.6,51.0,1016.2,0,0.8,0,,SOFT,0.0,yellow
2025-05-25 14:34:42.862000,lap,18,69,75.247,False,0.37000000000000455,,,,,,,1539,STR,Aston Martin,229971,,,,,,,,4.336,22.5,42.6,51.0,1016.2,0,0.8,0,,MEDIUM,1.0,yellow
2025-05-25 14:34:46.421000,pit_out,63,68,,,,,,,,,24.0,1540,RUS,Mercedes,00D7B6,,,,,,,,29.827,22.5,42.6,51.0,1016.2,0,0.8,0,,HARD,0.0,yellow
2025-05-25 14:34:51.534000,lap,1,72,76.072,False,1.8419999999999987,,,,,,,1541,VER,Red Bull Racing,4781D7,,,,,,,0.0,0.0,22.5,42.2,50.0,1016.3,0,0.6,198,,MEDIUM,0.0,yellow
2025-05-25 14:34:53.284000,lap,4,72,76.38,False,3.158999999999992,,,,,,,1542,NOR,McLaren,F47600,,,,,,,1.783,1.783,22.5,42.2,50.0,1016.3,0,0.6,198,,HARD,0.0,yellow
2025-05-25 14:34:53.784000,lap,16,72,76.479,False,2.4239999999999924,,,,,,,1543,LEC,Ferrari,ED1131,276.0,100.0,0.0,11155.0,7.0,12.0,2.254,0.471,22.5,42.2,50.0,1016.3,0,0.6,198,,MEDIUM,0.0,yellow
2025-05-25 14:34:55.018000,lap,81,72,76.141,False,2.396000000000001,,,,,,,1544,PIA,McLaren,F47600,,,,,,,3.503,1.249,22.5,42.2,50.0,1016.3,0,0.6,198,,HARD,0.0,yellow
2025-05-25 14:34:58.000000,race_control,22.0,72,,,,WAVED BLUE FLAG FOR CAR 22 (TSU) TIMED AT 16:34:58,BLUE,Flag,Driver,,,1545,,,,,,,,,,,,22.5,42.2,50.0,1016.3,0,0.6,198,,,,yellow
2025-05-25 14:35:08.606000,lap,23,70,76.01,False,1.413000000000011,,,,,,,1546,ALB,Williams,1868DB,,,,,,,,31.797,22.5,42.2,50.0,1016.3,0,0.6,198,,HARD,0.0,yellow
2025-05-25 14:35:11.676000,lap,55,70,74.36,False,0.3719999999999999,,,,,,,1547,SAI,Williams,1868DB,,,,,,,,2.997,22.5,42.2,50.0,1016.3,0,0.6,198,,MEDIUM,8.0,yellow
2025-05-25 14:35:39.909000,lap,63,70,74.303,False,0.8979999999999961,,,,,,,1548,RUS,Mercedes,00D7B6,,,,,,,,28.247,22.5,42.2,50.0,1016.3,0,0.6,198,,HARD,0.0,yellow
2025-05-25 14:35:44.297000,lap,44,72,74.273,False,0.18299999999999272,,,,,,,1549,HAM,Ferrari,ED1131,266.0,99.0,0.0,10713.0,7.0,0.0,52.805,49.302,22.5,42.2,50.0,1016.3,0,0.6,198,,MEDIUM,0.0,yellow
2025-05-25 14:35:46.141000,lap,22,70,76.046,False,1.1330000000000098,,,,,,,1550,TSU,Red Bull Racing,4781D7,,,,,,,,6.325,22.5,42.2,50.0,1016.3,0,0.6,198,12.0,HARD,0.0,yellow
2025-05-25 14:35:46.584000,lap,87,70,76.663,False,1.8079999999999927,,,,,,,1551,BEA,Haas F1 Team,9C9FA2,,,,,,,,0.428,22.5,42.2,50.0,1016.3,0,0.6,198,13.0,MEDIUM,0.0,yellow
2025-05-25 14:35:48.777000,lap,43,70,76.707,False,1.4089999999999918,,,,,,,1552,COL,Alpine,00A1E8,,,,,,,,2.316,22.5,42.2,50.0,1016.3,0,0.6,198,14.0,MEDIUM,0.0,yellow
2025-05-25 14:35:51.517000,lap,6,71,76.798,False,0.8170000000000073,,,,,,,1553,HAD,Racing Bulls,6C98FF,,,,,,,,,22.5,42.3,51.0,1016.3,0,1.9,182,,HARD,1.0,yellow
2025-05-25 14:35:52.622000,lap,31,71,76.828,False,1.6710000000000065,,,,,,,1554,OCO,Haas F1 Team,9C9FA2,,,,,,,,1.129,22.5,42.3,51.0,1016.3,0,1.9,182,,HARD,0.0,yellow
2025-05-25 14:35:53.793000,lap,30,71,77.053,False,1.7319999999999993,,,,,,,1555,LAW,Racing Bulls,6C98FF,,,,,,,,1.087,22.5,42.3,51.0,1016.3,0,1.9,182,,HARD,1.0,yellow
2025-05-25 14:35:54.489000,lap,5,70,77.096,False,2.2120000000000033,,,,,,,1556,BOR,Kick Sauber,01C00E,,,,,,,,5.639,22.5,42.3,51.0,1016.3,0,1.9,182,15.0,MEDIUM,0.0,yellow
2025-05-25 14:35:55.352000,lap,27,70,76.741,False,1.5180000000000007,,,,,,,1557,HUL,Kick Sauber,01C00E,,,,,,,,0.866,22.5,42.3,51.0,1016.3,0,1.9,182,16.0,SOFT,0.0,yellow
2025-05-25 14:35:57.942000,lap,18,70,76.215,False,1.338000000000008,,,,,,,1558,STR,Aston Martin,229971,,,,,,,,2.609,22.5,42.3,51.0,1016.3,0,1.9,182,17.0,MEDIUM,1.0,yellow
2025-05-25 14:35:59.894000,lap,12,70,79.503,True,5.984999999999999,,,,,,,1559,ANT,Mercedes,00D7B6,,,,,,,,4.768,22.5,42.3,51.0,1016.3,0,1.9,182,18.0,MEDIUM,0.0,yellow
2025-05-25 14:36:00.507000,pit_in,12,69,,,,,,,,,24.4,1560,ANT,Mercedes,00D7B6,,,,,,,,4.768,22.5,42.3,51.0,1016.3,0,1.9,182,18.0,MEDIUM,0.0,yellow
2025-05-25 14:36:07.596000,lap,1,73,76.221,False,1.9909999999999997,,,,,,,1561,VER,Red Bull Racing,4781D7,,,,,,,0.0,0.0,22.5,42.3,51.0,1016.3,0,1.9,182,,MEDIUM,0.0,yellow
2025-05-25 14:36:09.736000,lap,4,73,76.355,False,3.1340000000000003,,,,,,,1562,NOR,McLaren,F47600,,,,,,,2.091,2.091,22.5,42.3,51.0,1016.3,0,1.9,182,,HARD,0.0,yellow
2025-05-25 14:36:10.221000,lap,16,73,76.349,False,2.293999999999997,,,,,,,1563,LEC,Ferrari,ED1131,277.0,18.0,0.0,10918.0,7.0,8.0,2.661,0.57,22.5,42.3,51.0,1016.3,0,1.9,182,,MEDIUM,0.0,yellow
2025-05-25 14:36:11.174000,lap,81,73,76.214,False,2.468999999999994,,,,,,,1564,PIA,McLaren,F47600,,,,,,,3.572,0.911,22.5,42.3,51.0,1016.3,0,1.9,182,,HARD,0.0,yellow
2025-05-25 14:36:24.627000,lap,23,71,75.751,False,1.1540000000000106,,,,,,,1565,ALB,Williams,1868DB,,,,,,,,30.902,22.5,42.3,51.0,1016.3,0,1.9,182,,HARD,0.0,yellow
2025-05-25 14:36:24.907000,pit_out,12,69,,,,,,,,,24.4,1566,ANT,Mercedes,00D7B6,,,,,,,,5.665,22.5,42.3,51.0,1016.3,0,1.9,182,,MEDIUM,0.0,yellow
2025-05-25 14:36:26.002000,lap,55,71,76.42,False,2.432000000000002,,,,,,,1567,SAI,Williams,1868DB,,,,,,,,1.347,22.5,42.3,51.0,1016.3,0,1.9,182,,MEDIUM,8.0,yellow
2025-05-25 14:36:54.264000,lap,63,71,74.053,False,0.6479999999999961,,,,,,,1568,RUS,Mercedes,00D7B6,,,,,,,,28.19,22.6,42.7,50.0,1016.3,0,1.4,185,,HARD,0.0,yellow
2025-05-25 14:36:58.702000,lap,44,73,74.09,False,0.0,,,,,,,1569,HAM,Ferrari,ED1131,268.0,100.0,0.0,10740.0,7.0,0.0,51.006,47.434,22.6,42.7,50.0,1016.3,0,1.4,185,,MEDIUM,0.0,yellow
2025-05-25 14:37:02.280000,lap,22,71,75.607,False,0.6940000000000026,,,,,,,1570,TSU,Red Bull Racing,4781D7,,,,,,,,8.068,22.6,42.7,50.0,1016.3,0,1.4,185,,HARD,0.0,yellow
2025-05-25 14:37:03.296000,lap,87,71,75.748,False,0.8930000000000007,,,,,,,1571,BEA,Haas F1 Team,9C9FA2,,,,,,,,1.045,22.6,42.7,50.0,1016.3,0,1.4,185,,MEDIUM,0.0,yellow
2025-05-25 14:37:05.671000,lap,43,71,76.256,False,0.9579999999999984,,,,,,,1572,COL,Alpine,00A1E8,,,,,,,,2.36,22.6,42.7,50.0,1016.3,0,1.4,185,,MEDIUM,0.0,yellow
2025-05-25 14:37:08.265000,lap,6,72,76.92,False,0.9390000000000072,,,,,,,1573,HAD,Racing Bulls,6C98FF,,,,,,,,,22.6,42.7,50.0,1016.3,0,1.4,185,,HARD,1.0,yellow
2025-05-25 14:37:09.508000,lap,31,72,76.768,False,1.6110000000000042,,,,,,,1574,OCO,Haas F1 Team,9C9FA2,,,,,,,,1.159,22.6,42.7,50.0,1016.3,0,1.4,185,,HARD,0.0,yellow
2025-05-25 14:37:10.805000,lap,30,72,76.392,False,1.070999999999998,,,,,,,1575,LAW,Racing Bulls,6C98FF,,,,,,,,1.312,22.6,42.7,50.0,1016.3,0,1.4,185,,HARD,1.0,yellow
2025-05-25 14:37:11.633000,lap,5,71,76.484,False,1.5999999999999943,,,,,,,1576,BOR,Kick Sauber,01C00E,,,,,,,,6.028,22.6,42.7,50.0,1016.3,0,1.4,185,,MEDIUM,0.0,yellow
2025-05-25 14:37:12.211000,lap,27,71,76.602,False,1.3790000000000049,,,,,,,1577,HUL,Kick Sauber,01C00E,,,,,,,,0.511,22.6,42.7,50.0,1016.3,0,1.4,185,,SOFT,0.0,yellow
2025-05-25 14:37:14.289000,lap,18,71,76.555,False,1.6780000000000115,,,,,,,1578,STR,Aston Martin,229971,,,,,,,,2.083,22.6,42.7,50.0,1016.3,0,1.4,185,,MEDIUM,1.0,yellow
2025-05-25 14:37:19.383000,lap,12,71,91.512,False,17.994,,,,,,,1579,ANT,Mercedes,00D7B6,,,,,,,,5.128,22.6,42.7,50.0,1016.3,0,1.4,185,,HARD,0.0,yellow
2025-05-25 14:37:23.805000,lap,1,74,76.349,False,2.1189999999999998,,,,,,,1580,VER,Red Bull Racing,4781D7,,,,,,,0.0,0.0,22.6,42.7,50.0,1016.3,0,1.4,185,,MEDIUM,0.0,yellow
2025-05-25 14:37:26.118000,lap,4,74,76.287,False,3.0660000000000025,,,,,,,1581,NOR,McLaren,F47600,,,,,,,2.225,2.225,22.6,42.7,50.0,1016.3,0,1.4,185,,HARD,0.0,yellow
2025-05-25 14:37:26.649000,lap,16,74,76.248,False,2.192999999999998,,,,,,,1582,LEC,Ferrari,ED1131,280.0,100.0,0.0,11194.0,7.0,12.0,2.789,0.564,22.6,42.7,50.0,1016.3,0,1.4,185,,MEDIUM,0.0,yellow
2025-05-25 14:37:27.430000,lap,81,74,76.193,False,2.4479999999999933,,,,,,,1583,PIA,McLaren,F47600,,,,,,,3.565,0.776,22.6,42.7,50.0,1016.3,0,1.4,185,,HARD,0.0,yellow
2025-05-25 14:37:40.430000,lap,23,72,75.87,False,1.2730000000000103,,,,,,,1584,ALB,Williams,1868DB,,,,,,,,29.6,22.6,42.7,50.0,1016.3,0,1.4,185,,HARD,0.0,yellow
2025-05-25 14:37:42.430000,lap,55,72,75.794,False,1.8059999999999974,,,,,,,1585,SAI,Williams,1868DB,,,,,,,,2.016,22.6,42.7,50.0,1016.3,0,1.4,185,,MEDIUM,8.0,yellow
2025-05-25 14:38:08.223000,lap,63,72,73.865,False,0.45999999999999375,,,,,,,1586,RUS,Mercedes,00D7B6,,,,,,,,25.823,22.5,42.0,50.0,1016.3,0,1.2,151,,HARD,0.0,yellow
2025-05-25 14:38:12.817000,lap,44,74,75.388,False,1.2980000000000018,,,,,,,1587,HAM,Ferrari,ED1131,268.0,100.0,0.0,10770.0,7.0,0.0,48.875,45.31,22.5,42.0,50.0,1016.3,0,1.2,151,,MEDIUM,0.0,yellow
2025-05-25 14:38:17.926000,lap,22,72,75.32,False,0.4069999999999965,,,,,,,1588,TSU,Red Bull Racing,4781D7,,,,,,,,9.622,22.5,42.0,50.0,1016.3,0,1.2,151,,HARD,0.0,yellow
2025-05-25 14:38:19.036000,lap,87,72,75.427,False,0.5720000000000027,,,,,,,1589,BEA,Haas F1 Team,9C9FA2,,,,,,,,1.186,22.5,42.0,50.0,1016.3,0,1.2,151,,MEDIUM,0.0,yellow
2025-05-25 14:38:21.942000,lap,43,72,76.135,False,0.8370000000000033,,,,,,,1590,COL,Alpine,00A1E8,,,,,,,,2.868,22.5,42.0,50.0,1016.3,0,1.2,151,,MEDIUM,0.0,yellow
2025-05-25 14:38:25.333000,lap,6,73,76.724,False,0.7430000000000092,,,,,,,1591,HAD,Racing Bulls,6C98FF,,,,,,,,,22.5,42.0,50.0,1016.3,0,1.2,151,,HARD,1.0,yellow
2025-05-25 14:38:26.233000,lap,31,73,76.652,False,1.4950000000000045,,,,,,,1592,OCO,Haas F1 Team,9C9FA2,,,,,,,,1.007,22.5,42.0,50.0,1016.3,0,1.2,151,,HARD,0.0,yellow
2025-05-25 14:38:27.291000,lap,30,73,76.597,False,1.2759999999999962,,,,,,,1593,LAW,Racing Bulls,6C98FF,,,,,,,,0.936,22.5,42.0,50.0,1016.3,0,1.2,151,,HARD,1.0,yellow
2025-05-25 14:38:28.123000,lap,5,72,76.624,False,1.7399999999999949,,,,,,,1594,BOR,Kick Sauber,01C00E,,,,,,,,6.256,22.5,42.0,50.0,1016.3,0,1.2,151,,MEDIUM,0.0,yellow
2025-05-25 14:38:28.808000,lap,27,72,76.682,False,1.4590000000000032,,,,,,,1595,HUL,Kick Sauber,01C00E,,,,,,,,0.629,22.5,42.0,50.0,1016.3,0,1.2,151,,SOFT,0.0,yellow
2025-05-25 14:38:30.860000,lap,18,72,76.161,False,1.284000000000006,,,,,,,1596,STR,Aston Martin,229971,,,,,,,,2.036,22.5,42.0,50.0,1016.3,0,1.2,151,,MEDIUM,1.0,yellow
2025-05-25 14:38:40.267000,lap,1,75,76.344,False,2.11399999999999,,,,,,,1597,VER,Red Bull Racing,4781D7,,,,,,,0.0,0.0,22.5,42.0,50.0,1016.3,0,1.2,151,,MEDIUM,0.0,yellow
2025-05-25 14:38:42.392000,lap,4,75,76.405,False,3.1839999999999975,,,,,,,1598,NOR,McLaren,F47600,,,,,,,2.163,2.163,22.5,42.0,50.0,1016.3,0,1.2,151,,HARD,0.0,yellow
2025-05-25 14:38:42.799000,lap,16,75,76.343,False,2.2879999999999967,,,,,,,1599,LEC,Ferrari,ED1131,281.0,100.0,0.0,11232.0,7.0,12.0,2.688,0.525,22.5,42.0,50.0,1016.3,0,1.2,151,,MEDIUM,0.0,yellow
2025-05-25 14:38:43.502000,lap,81,75,76.139,False,2.3939999999999912,,,,,,,1600,PIA,McLaren,F47600,,,,,,,3.409,0.721,22.5,42.0,50.0,1016.3,0,1.2,151,,HARD,0.0,yellow
2025-05-25 14:38:51.033000,lap,12,72,79.009,True,5.491,,,,,,,1601,ANT,Mercedes,00D7B6,,,,,,,+3 LAPS,22.715,22.3,41.8,51.0,1016.3,0,1.6,242,,HARD,0.0,yellow
2025-05-25 14:38:51.517000,pit_in,12,71,,,,,,,,,24.8,1602,ANT,Mercedes,00D7B6,,,,,,,+3 LAPS,22.715,22.3,41.8,51.0,1016.3,0,1.6,242,,HARD,0.0,yellow
2025-05-25 14:38:56.299000,lap,23,73,75.15,False,0.5530000000000115,,,,,,,1603,ALB,Williams,1868DB,,,,,,,,29.078,22.3,41.8,51.0,1016.3,0,1.6,242,,HARD,0.0,yellow
2025-05-25 14:38:58.236000,lap,55,73,76.53,False,2.5420000000000016,,,,,,,1604,SAI,Williams,1868DB,,,,,,,,1.94,22.3,41.8,51.0,1016.3,0,1.6,242,,MEDIUM,8.0,yellow
2025-05-25 14:39:16.317000,pit_out,12,71,,,,,,,,,24.8,1605,ANT,Mercedes,00D7B6,,,,,,,,23.155,22.3,41.8,51.0,1016.3,0,1.6,242,,HARD,0.0,yellow
2025-05-25 14:39:22.158000,lap,63,73,73.596,False,0.1910000000000025,,,,,,,1606,RUS,Mercedes,00D7B6,,,,,,,,23.894,22.3,41.8,51.0,1016.3,0,1.6,242,,HARD,0.0,yellow
2025-05-25 14:39:28.096000,lap,44,75,76.317,False,2.2269999999999897,,,,,,,1607,HAM,Ferrari,ED1131,268.0,100.0,0.0,10775.0,7.0,0.0,47.914,44.505,22.3,41.8,51.0,1016.3,0,1.6,242,,MEDIUM,0.0,yellow
2025-05-25 14:39:33.158000,lap,22,73,91.926,False,17.013000000000005,,,,,,,1608,TSU,Red Bull Racing,4781D7,,,,,,,,11.077,22.3,41.8,51.0,1016.3,0,1.6,242,,MEDIUM,0.0,yellow
2025-05-25 14:39:34.471000,lap,87,73,75.355,False,0.5,,,,,,,1609,BEA,Haas F1 Team,9C9FA2,,,,,,,,1.293,22.3,41.8,51.0,1016.3,0,1.6,242,,MEDIUM,0.0,yellow
2025-05-25 14:39:38.111000,lap,43,73,75.669,False,0.3709999999999951,,,,,,,1610,COL,Alpine,00A1E8,,,,,,,,3.576,22.3,41.8,51.0,1016.3,0,1.6,242,,MEDIUM,0.0,yellow
2025-05-25 14:39:41.987000,lap,6,74,76.627,False,0.6460000000000008,,,,,,,1611,HAD,Racing Bulls,6C98FF,,,,,,,,,22.3,41.8,51.0,1016.3,0,1.6,242,,HARD,1.0,yellow
2025-05-25 14:39:42.908000,lap,31,74,76.58,False,1.4230000000000018,,,,,,,1612,OCO,Haas F1 Team,9C9FA2,,,,,,,,0.935,22.3,41.8,51.0,1016.3,0,1.6,242,,HARD,0.0,yellow
2025-05-25 14:39:43.815000,lap,30,74,77.066,False,1.7450000000000045,,,,,,,1613,LAW,Racing Bulls,6C98FF,,,,,,,,0.881,22.3,41.8,51.0,1016.3,0,1.6,242,,HARD,1.0,yellow
2025-05-25 14:39:44.815000,lap,5,73,76.774,False,1.8900000000000006,,,,,,,1614,BOR,Kick Sauber,01C00E,,,,,,,,6.745,22.3,41.8,51.0,1016.3,0,1.6,242,,MEDIUM,0.0,yellow
2025-05-25 14:39:45.440000,lap,27,73,76.717,False,1.4939999999999998,,,,,,,1615,HUL,Kick Sauber,01C00E,,,,,,,,0.687,22.3,41.8,51.0,1016.3,0,1.6,242,,SOFT,0.0,yellow
2025-05-25 14:39:46.924000,lap,18,73,75.952,False,1.0750000000000028,,,,,,,1616,STR,Aston Martin,229971,,,,,,,,1.515,22.3,41.8,51.0,1016.3,0,1.6,242,,MEDIUM,1.0,yellow
2025-05-25 14:39:56.487000,lap,1,76,76.468,False,2.2379999999999995,,,,,,,1617,VER,Red Bull Racing,4781D7,,,,,,,0.0,0.0,22.3,41.6,51.0,1016.3,0,1.5,169,,MEDIUM,0.0,yellow
2025-05-25 14:39:58.705000,lap,4,76,75.836,False,2.614999999999995,,,,,,,1618,NOR,McLaren,F47600,,,,,,,2.224,2.224,22.3,41.6,51.0,1016.3,0,1.5,169,,HARD,0.0,yellow
2025-05-25 14:39:59.252000,lap,16,76,75.963,False,1.907999999999987,,,,,,,1619,LEC,Ferrari,ED1131,281.0,100.0,0.0,11367.0,7.0,12.0,2.687,0.463,22.3,41.6,51.0,1016.3,0,1.5,169,,MEDIUM,0.0,yellow
2025-05-25 14:39:59.705000,lap,81,76,75.909,False,2.1640000000000015,,,,,,,1620,PIA,McLaren,F47600,,,,,,,3.204,0.517,22.3,41.6,51.0,1016.3,0,1.5,169,,HARD,0.0,yellow
2025-05-25 14:40:09.940000,lap,12,73,73.651,False,0.13299999999999557,,,,,,,1621,ANT,Mercedes,00D7B6,,,,,,,,22.933,22.3,41.6,51.0,1016.3,0,1.5,169,,HARD,0.0,yellow
2025-05-25 14:40:11.434000,lap,23,74,74.597,False,0.0,,,,,,,1622,ALB,Williams,1868DB,,,,,,,,27.631,22.3,41.6,51.0,1016.3,0,1.5,169,,HARD,0.0,yellow
2025-05-25 14:40:14.678000,lap,55,74,74.295,False,0.30700000000000216,,,,,,,1623,SAI,Williams,1868DB,,,,,,,,3.32,22.3,41.6,51.0,1016.3,0,1.5,169,,MEDIUM,8.0,yellow
2025-05-25 14:40:35.678000,lap,63,74,73.405,False,0.0,,,,,,,1624,RUS,Mercedes,00D7B6,,,,,,,,20.96,22.3,41.6,51.0,1016.3,0,1.5,169,,HARD,0.0,yellow
2025-05-25 14:40:44.436000,lap,44,76,76.537,False,2.4470000000000027,,,,,,,1625,HAM,Ferrari,ED1131,265.0,100.0,0.0,10672.0,7.0,0.0,47.887,44.683,22.3,41.6,51.0,1016.3,0,1.5,169,,MEDIUM,0.0,yellow
2025-05-25 14:40:49.775000,lap,87,74,75.365,False,0.5099999999999909,,,,,,,1626,BEA,Haas F1 Team,9C9FA2,,,,,,,,14.129,22.2,41.3,52.0,1016.2,0,1.5,203,12.0,MEDIUM,0.0,yellow
2025-05-25 14:40:53.708000,lap,43,74,75.564,False,0.26599999999999113,,,,,,,1627,COL,Alpine,00A1E8,,,,,,,,3.89,22.2,41.3,52.0,1016.2,0,1.5,203,13.0,MEDIUM,0.0,yellow
2025-05-25 14:40:58.563000,lap,6,75,76.575,False,0.5940000000000083,,,,,,,1628,HAD,Racing Bulls,6C98FF,,,,,,,,,22.2,41.3,52.0,1016.2,0,1.5,203,,HARD,1.0,yellow
2025-05-25 14:40:59.516000,lap,31,75,76.714,False,1.5570000000000022,,,,,,,1629,OCO,Haas F1 Team,9C9FA2,,,,,,,,0.888,22.2,41.3,52.0,1016.2,0,1.5,203,,HARD,0.0,yellow
2025-05-25 14:41:00.797000,lap,30,75,76.757,False,1.436000000000007,,,,,,,1630,LAW,Racing Bulls,6C98FF,,,,,,,,1.367,22.2,41.3,52.0,1016.2,0,1.5,203,,HARD,1.0,yellow
2025-05-25 14:41:01.495000,lap,5,74,76.831,False,1.9470000000000027,,,,,,,1631,BOR,Kick Sauber,01C00E,,,,,,,,7.85,22.2,41.3,52.0,1016.2,0,1.5,203,14.0,MEDIUM,0.0,yellow
2025-05-25 14:41:02.360000,lap,27,74,77.411,False,2.1880000000000024,,,,,,,1632,HUL,Kick Sauber,01C00E,,,,,,,,0.63,22.2,41.3,52.0,1016.2,0,1.5,203,15.0,SOFT,0.0,yellow
2025-05-25 14:41:02.874000,lap,18,74,77.061,False,2.1840000000000117,,,,,,,1633,STR,Aston Martin,229971,,,,,,,,0.75,22.2,41.3,52.0,1016.2,0,1.5,203,16.0,MEDIUM,1.0,yellow
2025-05-25 14:41:05.214000,lap,22,74,79.467,True,4.554000000000002,,,,,,,1634,TSU,Red Bull Racing,4781D7,,,,,,,,4.778,22.2,41.3,52.0,1016.2,0,1.5,203,17.0,MEDIUM,0.0,yellow
2025-05-25 14:41:05.568000,pit_in,22,73,,,,,,,,,24.0,1635,TSU,Red Bull Racing,4781D7,,,,,,,,4.778,22.2,41.3,52.0,1016.2,0,1.5,203,17.0,MEDIUM,0.0,yellow
2025-05-25 14:41:12.995000,lap,1,77,93.332,False,19.10199999999999,,,,,,,1636,VER,Red Bull Racing,4781D7,,,,,,,0.0,0.0,22.2,41.3,52.0,1016.2,0,1.5,203,,SOFT,3.0,yellow
2025-05-25 14:41:14.578000,lap,4,77,75.717,False,2.495999999999995,,,,,,,1637,NOR,McLaren,F47600,,,,,,,1.592,1.592,22.2,41.3,52.0,1016.2,0,1.5,203,,HARD,0.0,yellow
2025-05-25 14:41:15.208000,lap,16,77,76.11,False,2.0549999999999926,,,,,,,1638,LEC,Ferrari,ED1131,283.0,100.0,0.0,11294.0,7.0,12.0,2.182,0.59,22.2,41.3,52.0,1016.2,0,1.5,203,,MEDIUM,0.0,yellow
2025-05-25 14:41:15.708000,lap,81,77,76.523,False,2.7779999999999916,,,,,,,1639,PIA,McLaren,F47600,,,,,,,2.645,0.463,22.2,41.3,52.0,1016.2,0,1.5,203,,HARD,0.0,yellow
2025-05-25 14:41:23.644000,lap,12,74,73.518,False,0.0,,,,,,,1640,ANT,Mercedes,00D7B6,,,,,,,,18.474,22.2,41.3,52.0,1016.2,0,1.5,203,,HARD,0.0,yellow
2025-05-25 14:41:26.019000,lap,23,75,74.6,False,0.0030000000000001137,,,,,,,1641,ALB,Williams,1868DB,,,,,,,,25.162,22.2,41.3,52.0,1016.2,0,1.5,203,,HARD,0.0,yellow
2025-05-25 14:41:29.050000,lap,55,75,74.539,False,0.5510000000000019,,,,,,,1642,SAI,Williams,1868DB,,,,,,,,3.018,22.2,41.3,52.0,1016.2,0,1.5,203,,MEDIUM,8.0,yellow
2025-05-25 14:41:29.568000,pit_out,22,73,,,,,,,,,24.0,1643,TSU,Red Bull Racing,4781D7,,,,,,,,5.449,22.2,41.3,52.0,1016.2,0,1.5,203,,MEDIUM,0.0,yellow
2025-05-25 14:41:49.050000,lap,63,75,73.773,False,0.367999999999995,,,,,,,1644,RUS,Mercedes,00D7B6,,,,,,,,20.07,22.2,41.3,52.0,1016.2,0,1.5,203,,HARD,0.0,yellow
2025-05-25 14:42:00.910000,lap,44,77,76.522,False,2.432000000000002,,,,,,,1645,HAM,Ferrari,ED1131,265.0,100.0,0.0,10612.0,7.0,0.0,47.956,45.311,22.3,41.3,51.0,1016.2,0,0.9,185,,MEDIUM,0.0,yellow
2025-05-25 14:42:05.097000,lap,87,75,75.799,False,0.9440000000000026,,,,,,,1646,BEA,Haas F1 Team,9C9FA2,,,,,,,,16.089,22.3,41.3,51.0,1016.2,0,0.9,185,,MEDIUM,0.0,yellow
2025-05-25 14:42:09.207000,lap,43,75,75.92,False,0.6219999999999999,,,,,,,1647,COL,Alpine,00A1E8,,,,,,,,4.089,22.3,41.3,51.0,1016.2,0,0.9,185,,MEDIUM,0.0,yellow
2025-05-25 14:42:15.144000,lap,6,76,76.633,False,0.652000000000001,,,,,,,1648,HAD,Racing Bulls,6C98FF,,,,,,,,,22.3,41.3,51.0,1016.2,0,0.9,185,,HARD,1.0,yellow
2025-05-25 14:42:16.191000,lap,31,76,76.604,False,1.4470000000000027,,,,,,,1649,OCO,Haas F1 Team,9C9FA2,,,,,,,,1.027,22.3,41.3,51.0,1016.2,0,0.9,185,,HARD,0.0,yellow
2025-05-25 14:42:17.691000,lap,30,76,76.028,False,0.7070000000000078,,,,,,,1650,LAW,Racing Bulls,6C98FF,,,,,,,,1.41,22.3,41.3,51.0,1016.2,0,0.9,185,,HARD,1.0,yellow
2025-05-25 14:42:18.363000,lap,5,75,76.681,False,1.796999999999997,,,,,,,1651,BOR,Kick Sauber,01C00E,,,,,,,,9.117,22.3,41.3,51.0,1016.2,0,0.9,185,,MEDIUM,0.0,yellow
2025-05-25 14:42:19.535000,lap,27,75,76.504,False,1.281000000000006,,,,,,,1652,HUL,Kick Sauber,01C00E,,,,,,,,1.21,22.3,41.3,51.0,1016.2,0,0.9,185,,SOFT,0.0,yellow
2025-05-25 14:42:19.926000,lap,18,75,76.313,False,1.436000000000007,,,,,,,1653,STR,Aston Martin,229971,,,,,,,,0.4,22.3,41.3,51.0,1016.2,0,0.9,185,,MEDIUM,1.0,yellow
2025-05-25 14:42:24.504000,lap,22,75,74.913,False,0.0,,,,,,,1654,TSU,Red Bull Racing,4781D7,,,,,,,,4.564,22.3,41.3,51.0,1016.2,0,0.9,185,,MEDIUM,0.0,yellow
2025-05-25 14:42:26.000000,race_control,nan,77,,,,CAR 18 (STR) TIME 1:17.061 DELETED - TRACK LIMITS AT TURN 10 LAP 74 16:41:50,,Other,,,,1655,,,,,,,,,,,,22.3,41.3,51.0,1016.2,0,0.9,185,,,,yellow
2025-05-25 14:42:30.347000,lap,4,78,73.221,False,0.0,,,,,,,1656,NOR,McLaren,F47600,,,,,,,0.0,0.0,22.3,41.3,51.0,1016.2,0,0.9,185,1.0,HARD,0.0,yellow
2025-05-25 14:42:31.441000,lap,16,78,75.369,False,1.313999999999993,,,,,,,1657,LEC,Ferrari,ED1131,282.0,100.0,0.0,11291.0,7.0,12.0,0.983,0.983,22.3,41.3,51.0,1016.2,0,0.9,185,2.0,MEDIUM,0.0,yellow
2025-05-25 14:42:32.176000,lap,81,78,75.02,False,1.2749999999999915,,,,,,,1658,PIA,McLaren,F47600,,,,,,,1.859,0.876,22.3,41.3,51.0,1016.2,0,0.9,185,3.0,HARD,0.0,yellow
2025-05-25 14:42:37.066000,lap,12,75,74.834,False,1.3160000000000025,,,,,,,1659,ANT,Mercedes,00D7B6,,,,,,,,12.525,22.3,41.3,51.0,1016.2,0,0.9,185,,HARD,0.0,yellow
2025-05-25 14:42:40.597000,lap,23,76,74.776,False,0.17900000000000205,,,,,,,1660,ALB,Williams,1868DB,,,,,,,,23.005,22.3,41.3,51.0,1016.2,0,0.9,185,,HARD,0.0,yellow
2025-05-25 14:42:43.504000,lap,55,76,75.182,False,1.1940000000000026,,,,,,,1661,SAI,Williams,1868DB,,,,,,,,2.957,22.3,41.3,51.0,1016.2,0,0.9,185,,MEDIUM,8.0,yellow
2025-05-25 14:42:46.391000,lap,1,78,77.77,True,3.539999999999992,,,,,,,1662,VER,Red Bull Racing,4781D7,,,,,,,18.317,16.27,22.3,41.3,51.0,1016.2,0,0.9,185,,SOFT,3.0,yellow
2025-05-25 14:42:46.979000,pit_in,1,77,,,,,,,,,23.9,1663,VER,Red Bull Racing,4781D7,,,,,,,18.317,16.27,22.3,41.3,51.0,1016.2,0,0.9,185,,SOFT,3.0,yellow
2025-05-25 14:43:02.909000,lap,63,76,74.49,False,1.0849999999999937,,,,,,,1664,RUS,Mercedes,00D7B6,,,,,,,,19.304,22.4,41.9,50.0,1016.2,0,1.5,195,,HARD,0.0,yellow
2025-05-25 14:43:10.879000,pit_out,1,77,,,,,,,,,23.9,1665,VER,Red Bull Racing,4781D7,,,,,,,19.216,16.536,22.4,41.9,50.0,1016.2,0,1.5,195,,SOFT,3.0,yellow
2025-05-25 14:43:17.488000,lap,44,78,77.439,False,3.3489999999999895,,,,,,,1666,HAM,Ferrari,ED1131,266.0,100.0,0.0,10636.0,7.0,0.0,47.169,31.146,22.4,41.9,50.0,1016.2,0,1.5,195,,MEDIUM,0.0,yellow
2025-05-25 14:43:20.956000,lap,87,76,77.224,False,2.3689999999999998,,,,,,,1667,BEA,Haas F1 Team,9C9FA2,,,,,,,,18.115,22.4,41.9,50.0,1016.2,0,1.5,195,,MEDIUM,0.0,yellow
2025-05-25 14:43:25.222000,lap,43,76,75.435,False,0.13700000000000045,,,,,,,1668,COL,Alpine,00A1E8,,,,,,,,4.21,22.4,41.9,50.0,1016.2,0,1.5,195,,MEDIUM,0.0,yellow
2025-05-25 14:43:31.753000,lap,6,77,76.798,False,0.8170000000000073,,,,,,,1669,HAD,Racing Bulls,6C98FF,,,,,,,,,22.4,41.9,50.0,1016.2,0,1.5,195,,HARD,1.0,yellow
2025-05-25 14:43:32.738000,lap,31,77,76.747,False,1.5900000000000034,,,,,,,1670,OCO,Haas F1 Team,9C9FA2,,,,,,,,0.998,22.4,41.9,50.0,1016.2,0,1.5,195,,HARD,0.0,yellow
2025-05-25 14:43:33.659000,lap,30,77,76.63,False,1.3089999999999975,,,,,,,1671,LAW,Racing Bulls,6C98FF,,,,,,,,0.834,22.4,41.9,50.0,1016.2,0,1.5,195,,HARD,1.0,yellow
2025-05-25 14:43:35.066000,lap,5,76,76.867,False,1.983000000000004,,,,,,,1672,BOR,Kick Sauber,01C00E,,,,,,,,9.878,22.4,41.9,50.0,1016.2,0,1.5,195,,MEDIUM,0.0,yellow
2025-05-25 14:43:36.081000,lap,27,76,78.954,False,3.7309999999999945,,,,,,,1673,HUL,Kick Sauber,01C00E,,,,,,,,1.033,22.4,41.9,50.0,1016.2,0,1.5,195,,SOFT,0.0,yellow
2025-05-25 14:43:36.394000,lap,18,76,77.596,False,2.7190000000000083,,,,,,,1674,STR,Aston Martin,229971,,,,,,,,0.209,22.4,41.9,50.0,1016.2,0,1.5,195,,MEDIUM,1.0,yellow
2025-05-25 14:43:39.441000,lap,22,76,75.886,False,0.972999999999999,,,,,,,1675,TSU,Red Bull Racing,4781D7,,,,,,,,3.164,22.4,41.9,50.0,1016.2,0,1.5,195,,MEDIUM,0.0,yellow
2025-05-25 14:43:43.000000,red_flag,nan,78,,,,CHEQUERED FLAG,CHEQUERED,Flag,Track,,,1676,,,,,,,,,,,,22.4,41.9,50.0,1016.2,0,1.5,195,,,,yellow
2025-05-25 14:44:02.000000,race_control,nan,78,,,,TURN 10 INCIDENT INVOLVING CARS 27 (HUL) AND 18 (STR) NOTED - FORCING ANOTHER DRIVER OFF THE TRACK,,Other,,,,1677,,,,,,,,,,,,22.4,41.7,50.0,1016.2,0,1.0,264,,,,yellow
2025-05-25 14:45:13.000000,race_control,nan,78,,,,FIA STEWARDS: TURN 10 INCIDENT INVOLVING CARS 27 (HUL) AND 18 (STR) REVIEWED NO FURTHER INVESTIGATION - FORCING ANOTHER DRIVER OFF THE TRACK,,Other,,,,1678,,,,,,,,,,,,22.4,41.4,51.0,1016.2,0,1.5,192,,,,yellow
2025-05-25 14:45:40.000000,race_control,nan,78,,,,FIA STEWARDS: PENALTY SERVED - DRIVE THROUGH PENALTY FOR CAR 63 (RUS) - LEAVING THE TRACK AND GAINING AN ADVANTAGE,,Other,,,,1679,,,,,,,,,,,,22.4,41.4,51.0,1016.2,0,1.5,192,,,,yellow
2025-05-25 14:45:53.000000,race_control,nan,78,,,,CAR 87 (BEA) TIME 1:17.224 DELETED - TRACK LIMITS AT TURN 10 LAP 76 16:44:08,,Other,,,,1680,,,,,,,,,,,,22.5,41.6,50.0,1016.2,0,0.8,159,,,,yellow
